0,1.860158583,1,870.7706991195679,1
1,20.012917863000002,1,942.9348496773943,0
2,20.027905765,1,815.1474299644357,0
3,20.014145149,1,709.0109887573849,0
4,11.823416164000001,1,896.2094340765176,0
5,20.021560299,1,582.5292492007735,0
6,20.011631446000003,1,755.83008176889,0
7,8.612534858,1,1176.8158880842143,1
8,3.7232196560000004,1,1029.183762550354,1
9,20.010861979,1,638.5288942251633,0
10,5.223421708,1,803.7269040953438,1
11,3.825512933,1,998.045544673235,1
12,20.023715233,1,765.9647055858403,0
13,4.516096525,1,840.8943392919457,1
14,2.124305186,1,867.5566294410012,1
15,20.026439299,1,786.2785905676694,0
16,20.011663697,1,590.827221011641,0
17,20.013554644000003,1,769.8305797671798,0
18,2.111829615,1,843.6339275186712,1
19,20.013447184,1,1086.0204322017842,0
20,3.3115002560000004,1,763.8911046420826,1
21,3.9227477950000003,1,711.8573968410492,1
22,6.424166364,1,1216.6389189500076,1
23,2.310878319,1,762.0469697316488,1
24,5.810422509,1,1504.982702222921,0
25,20.010223363,1,742.4406331380209,0
26,20.00796314,1,659.5120419934021,0
27,6.411514188000001,1,387.09617552390466,1
28,4.516698599000001,1,958.3443530953449,1
29,6.017540268,1,1260.390157230565,0
30,3.328522013,1,1048.9605389763328,0
31,4.433721251000001,1,1110.2642976548937,1
32,2.427773214,1,1139.231964263916,1
33,4.6162554600000005,1,976.3948021137968,1
34,20.016394350000002,1,440.99985462397484,0
35,15.326020336000001,1,759.6824646615363,1
36,18.630064565,1,904.9215514647132,0
37,1.8282849520000002,1,564.5055065155029,1
38,20.029253402000002,1,617.115335189288,0
39,20.030474775000002,1,335.0039386654375,0
40,2.731468656,1,678.7083268506186,1
41,20.01723432,1,767.8002891730313,0
42,20.028949148000002,1,775.0576630397816,0
43,20.019186281,1,650.7932046918727,0
44,9.033788620000001,1,900.238264809598,1
45,2.2291416760000002,1,745.2654032112788,1
46,4.315705776000001,1,835.1059439399025,1
47,20.030927102,1,784.1411633847365,0
48,11.829962716,1,873.529966207362,1
49,20.030614540000002,1,367.8301888081565,0
50,1.7183808820000002,1,797.1497810151842,1
51,20.031381559,1,229.91102334397348,0
52,2.229471223,1,1017.0755409572436,1
53,20.017911161,1,886.4441824386369,0
54,20.028838447000002,1,524.1870083785176,0
55,20.029310247,1,1788.8881515578844,0
56,3.1315937660000004,1,824.458174943924,1
57,2.2316111100000002,1,779.9811430806699,1
58,1.918076061,1,806.1951133728028,1
59,1.8164700530000002,1,881.6258907318115,1
60,20.019088676000003,1,802.244311584169,0
61,2.3293441230000003,1,751.4448562463125,1
62,1.818647485,1,621.4724804727655,1
63,20.032681038,1,809.1801596874028,0
64,20.030257641000002,1,840.1708026335607,0
65,3.218311642,1,1372.2562227393641,1
66,20.030119627,1,733.0128594393753,0
67,3.7187106630000004,1,872.0136653498599,1
68,4.931496297000001,1,667.9678496217728,1
69,5.732293949000001,1,659.6455899107045,1
70,2.9187703120000004,1,776.0072284062703,1
71,20.021506891,1,791.3635311601174,0
72,2.618832861,1,657.7593089916088,1
73,1.719957713,1,635.6873906453451,1
74,20.030342767,1,758.13513274691,0
75,6.830987782,1,1493.93303569849,1
76,17.337504073,1,1047.546339188499,0
77,1.9306853290000001,1,1084.555487060547,0
78,20.031101595000003,1,738.5519655142258,0
79,20.019635508,1,615.7773320591865,0
80,20.018461185,1,681.2030973671681,0
81,20.03038052,1,701.6100898097403,0
82,1.731645466,1,567.9577177365621,1
83,20.018884386,1,684.3367991281386,0
84,20.033912297,1,765.1945603403879,0
85,2.61983639,1,923.1749431468822,1
86,20.033049111,1,853.7657003070584,0
87,13.121034192000002,1,435.542532091791,1
88,3.0193910710000003,1,1359.979045252646,0
89,20.033500193000002,1,866.2228050421719,0
90,6.133273815000001,1,747.0286010119223,1
91,20.03285352,1,1038.4381449685168,0
92,20.019867824000002,1,711.9103719986493,0
93,8.320265988000001,1,1144.8620391119093,0
94,1.9184059000000002,1,824.4172206878662,1
95,2.6167480650000003,1,1045.3324535511158,1
96,20.017896542000003,1,1827.6605847107237,0
97,2.232157534,1,717.938379806021,1
98,20.032138696,1,740.7574153159982,0
99,9.819817962,1,915.1357985987808,1
100,4.2490701930000006,1,471.62757545293766,1
101,20.021266317000002,1,729.9974678001594,0
102,4.932807788000001,1,647.4060819625854,1
103,3.531533013,1,1236.0983784993489,0
104,20.033826439000002,1,788.8027863004314,0
105,1.931499292,1,556.6400005728007,1
106,3.0197355310000003,1,1210.6562624285298,1
107,20.019901023000003,1,628.5247505150031,0
108,20.02127052,1,937.5209978397805,0
109,1.9194817670000002,1,630.4031465649605,1
110,20.031890612,1,799.3665961270309,0
111,20.021168423000002,1,725.3799371671914,0
112,2.032355245,1,786.3406590053013,1
113,20.020859652000002,1,297.28895236722275,0
114,20.020424158,1,641.1459086403918,0
115,20.033435882000003,1,418.9920782971738,0
116,3.9204062410000002,1,961.7697744965553,1
117,2.320046655,1,584.6845591862997,1
118,2.216956395,1,962.9249221967614,1
119,20.022875813000002,1,562.5703465096393,0
120,1.9350527400000002,1,705.3512273788452,1
121,7.134789189,1,803.0707516670227,1
122,13.864484107000001,1,842.3447442912369,1
123,20.021792792000003,1,747.5209402207712,0
124,20.024250811,1,745.4438717970207,0
125,20.020512013,1,874.4565523821323,0
126,2.033215026,1,870.8045294625418,1
127,1.721182962,1,887.058908674452,1
128,20.035441013,1,1043.4573789378303,0
129,1.936868231,1,678.239188861847,1
130,5.633869893,1,1002.973314117967,1
131,6.920792697,1,624.4410778045655,1
132,6.822253062000001,1,417.92098020125127,1
133,3.5358303760000003,1,612.5258285734388,1
134,1.9339925800000002,1,596.907526397705,1
135,6.735899388,1,633.5276666529038,1
136,20.033076018000003,1,583.9981768404074,0
137,5.420807411,1,745.6811714172363,1
138,1.8219823970000002,1,747.2303024091219,1
139,10.332570401,1,1246.924016218919,0
140,20.022839009000002,1,737.2810943755344,0
141,20.034334557,1,728.1379523585684,0
142,20.021417916,1,2000.7409171488748,0
143,20.035908983000002,1,720.5572412310548,0
144,20.036823245,1,531.7612503583158,0
145,1.7239038800000002,1,633.0055317547586,1
146,2.5363278950000003,1,1341.2354892400595,1
147,20.034466015,1,675.9520828474814,0
148,20.035000110000002,1,1094.8963835607121,0
149,7.136701907000001,1,1008.7221730550131,0
150,2.523139204,1,1303.4937673715444,0
151,20.022356277,1,451.7099846892096,0
152,2.8248023260000004,1,1260.505761508284,0
153,7.034328991000001,1,1133.9079320330015,1
154,20.023451441000002,1,1277.8485306317534,0
155,7.6209960290000005,1,1024.0241989779781,1
156,2.134821144,1,749.4305786652999,1
157,3.1207454730000004,1,1176.971245765686,0
158,20.024365752,1,834.4827768506102,0
159,20.023009734000002,1,704.5720653628829,0
160,20.036006164,1,586.8254713371618,0
161,14.426243668000001,1,800.5109630190093,1
162,20.035776598,1,758.2476724653102,0
163,2.436941161,1,856.4287437438965,1
164,20.023354043,1,853.930896208654,0
165,4.725627952,1,418.7271252175172,1
166,20.037851603,1,730.6603217433341,0
167,20.039215527,1,807.4928944146455,0
168,20.037376371,1,722.0152405696128,0
169,2.5258909440000004,1,1212.310049203726,0
170,20.022372505,1,623.3393670077347,0
171,20.025854222,1,870.5268258621444,0
172,4.135413345,1,928.0208508060092,1
173,1.938376187,1,667.9290781974793,1
174,3.8260379930000004,1,565.1584569735405,1
175,20.024835571,1,604.8877949121579,0
176,20.026092284,1,727.7661436469994,0
177,20.027285023,1,1001.0851182320818,0
178,7.937413442,1,993.564771270752,0
179,13.237267971000001,1,917.7669651490405,1
180,2.837968495,1,1147.7983650996766,0
181,10.226055981,1,859.7242388678986,1
182,2.337063843,1,873.1645113627116,1
183,5.236847903,1,454.35978200300684,1
184,18.025384689000003,1,620.2285049817839,0
185,1.9269318910000002,1,923.290901350975,1
186,20.026490278,1,688.6753048113923,0
187,20.039601105000003,1,806.604700952027,0
188,20.038392757,1,655.3393868973006,0
189,20.03945239,1,756.4675037896455,0
190,20.026994301000002,1,664.3554203166298,0
191,20.026165339000002,1,685.3169142689871,0
192,2.325724165,1,1491.2524388631184,0
193,20.037121318,1,777.6796659403179,0
194,20.027183788000002,1,827.9154888551626,0
195,20.030122596000002,1,695.7547505696615,0
196,15.040009055,1,1035.1349418589612,0
197,1.9392036970000002,1,752.6093770980835,1
198,20.026066497000002,1,684.725793487397,0
199,3.727013276,1,1088.8226737976074,1
200,12.927231411000001,1,1041.2960628509522,1
201,20.027754902,1,817.8451843261719,0
202,6.328416157,1,717.8534485250711,1
203,20.026748061000003,1,746.1740373450132,0
204,20.041257594,1,935.4863259993975,0
205,20.027324073000003,1,591.7481339487863,0
206,20.028942066000003,1,784.3030993713076,0
207,20.031888083000002,1,784.9585953897505,0
208,20.041700363,1,1582.9614433933846,0
209,6.52869568,1,750.2703943830547,1
210,20.028877548,1,1429.5209982952667,0
211,2.1415705540000003,1,875.4903765320778,1
212,2.040587495,1,877.77050054641,1
213,20.039809557,1,717.6237686688627,0
214,20.041666719000002,1,693.0401754047147,0
215,20.027299843,1,1040.6453373088173,0
216,20.029862887,1,391.3907178204451,0
217,2.23913544,1,830.0219169492307,1
218,20.040616667000002,1,925.6983551480877,0
219,10.540939867,1,611.6423927882933,1
220,20.042444256,1,620.2427541248834,0
221,11.341150178000001,1,861.8958664944297,1
222,6.828720367000001,1,383.098286566527,1
223,15.441020730000002,1,279.24534909263735,1
224,20.042910856000002,1,375.1575573593823,0
225,20.03035371,1,736.7498987302258,0
226,5.527546646,1,662.811511363302,1
227,19.141234201,1,786.0239318211874,0
228,2.9277857660000004,1,550.1585244496663,1
229,20.04094955,1,764.1670217941056,0
230,20.042051793000002,1,725.8486634819069,0
231,3.441023044,1,943.0040502377918,1
232,20.026799863,1,825.4815833248309,0
233,2.729492861,1,813.5409115212304,1
234,20.030788190000003,1,965.9005093550801,0
235,20.030731207000002,1,747.3401423971451,0
236,2.427491341,1,492.7748334598541,1
237,10.841355382000001,1,991.0093193404172,0
238,10.728653765,1,785.9829209468983,1
239,3.0429223530000002,1,461.77426930396786,1
240,7.029814107000001,1,1187.6864043524567,1
241,2.043358247,1,505.0151211080097,1
242,3.228908745,1,641.5701322088188,1
243,20.041978859,1,525.7055720239136,0
244,20.031084488,1,865.4948960489302,0
245,1.829279662,1,674.3618178116648,1
246,20.031278074000003,1,901.000415707109,0
247,19.92739482,1,946.9246935033798,1
248,1.8315612890000001,1,808.2464541636015,1
249,20.042135786000003,1,739.0172550334266,0
250,20.029560368000002,1,736.0227518413791,0
251,2.631523074,1,628.1988155207148,1
252,20.04284833,1,908.3520852463755,0
253,20.042702995000003,1,681.1270656301015,0
254,20.030944922,1,731.4903880256918,0
255,4.530423687,1,651.9730063767537,1
256,20.031459902,1,736.1776542094217,0
257,4.930003228,1,849.10503698349,1
258,4.544136062000001,1,802.6270348870236,1
259,20.033051070000003,1,830.0673904039373,0
260,17.744624077,1,1001.4965420385425,1
261,20.04290529,1,965.6450465567669,0
262,2.83153332,1,736.3873375202047,1
263,20.044585241,1,761.2631896668998,0
264,20.046853506,1,857.390524185712,0
265,19.630751502000003,1,1353.7174163663449,0
266,4.2333643620000005,1,1322.269006773483,0
267,20.033424323000002,1,311.105700734836,0
268,6.6338027440000005,1,1065.2719534119562,1
269,20.031535440000003,1,852.2268734452737,0
270,15.232160052000001,1,1060.2583297031379,0
271,6.243153714,1,975.3597606051536,1
272,20.033516154,1,758.042308294951,0
273,2.0436737320000002,1,747.506422315325,1
274,8.944722986,1,1519.1367702907987,0
275,2.6446949930000003,1,837.3371468296757,1
276,20.032444296,1,888.3066728126944,0
277,7.644124055000001,1,368.41020433004803,1
278,12.344805216000001,1,954.1243052328787,0
279,20.033886274,1,289.615173700437,0
280,19.233708651,1,633.973476656978,1
281,20.03348996,1,854.2541980648515,0
282,3.0465498400000004,1,1328.2173100133095,1
283,20.046508791,1,1001.0269407965058,0
284,20.035432601,1,727.9966965101252,0
285,7.5328297310000005,1,1274.3782972034655,1
286,20.046011874,1,739.6731035982199,0
287,8.448300288,1,1154.3554350011489,0
288,19.246655321000002,1,935.5456650491823,0
289,20.035658523000002,1,689.5559253597734,0
290,4.135063184,1,896.1289456685384,1
291,7.034124133000001,1,806.5726304390062,1
292,2.4459847160000003,1,482.7182611656189,1
293,20.035510596,1,719.2906099385883,0
294,7.633398211,1,1106.7897636116325,0
295,20.036093107000003,1,899.5809895529676,0
296,2.834114038,1,1339.704488820043,0
297,20.036540265000003,1,940.2226368159204,0
298,20.03613313,1,727.5747041465038,0
299,20.034994759,1,783.9843183678774,0
300,2.633862386,1,638.4785042162295,1
301,2.0343477610000003,1,1024.503791809082,1
302,3.24691482,1,1302.411005193537,0
303,20.047093058,1,858.009928233588,0
304,2.834985349,1,889.6423008832438,1
305,3.0357682300000004,1,1260.2373873802924,0
0,20.04505513,1,757.6628618901319,0
0,20.010890169,1,638.2907372469925,0
0,20.052629631000002,1,681.6360123133895,0
1,20.022047823,1,702.529421070915,0
2,20.010878888,1,750.2274324787197,0
3,20.007248589,1,699.317333012671,0
4,20.008535898,1,684.2491421675801,0
5,7.323392682000001,1,1092.830562282253,0
6,10.211488823,1,760.1896258604179,0
7,5.618474644,1,942.3646523994312,0
8,20.021457447,1,815.0081829621424,0
9,20.008299933,1,741.8140926835549,0
10,20.004840612000002,1,687.6583453885358,0
11,20.005931239000002,1,850.0927291035059,0
12,12.90954121,1,734.63288230896,1
13,20.00807152,1,640.5232753468983,0
0,10.449384761000001,1,730.7698334792875,1
1,20.022476099000002,1,777.2011715713425,0
2,20.009389423000002,1,798.6190470984919,0
3,20.007871310000002,1,872.2763480570779,0
4,20.005253752,1,866.5133742906561,0
5,13.809779126,1,647.2610714789346,1
6,20.021502123,1,777.9902858449452,0
7,20.009679946000002,1,755.6940344056087,0
8,20.011096748,1,768.9924307296525,0
9,2.7216601970000003,1,634.9662972858974,1
10,2.9093453890000003,1,585.6531386057536,1
11,20.01089318,1,740.8559073832498,0
12,20.009864133,1,724.6134871297808,0
13,20.010486937,1,730.4815822620297,0
14,20.007698949,1,736.336435953776,0
15,20.018725216,1,773.8874754644745,0
16,14.609550641,1,785.4042634315231,1
17,5.406327547,1,581.4069685502486,1
18,20.009267307000002,1,803.5221241813394,0
19,20.019453866000003,1,747.9163951968673,0
20,20.021331271,1,780.0044411426753,0
21,7.8147927930000005,1,799.0449853909166,1
22,20.010806243,1,707.3803401206857,0
23,11.506462201000001,1,744.6919341251768,1
24,5.020779149,1,705.0815112076554,1
25,11.310669292,1,686.7892193585111,1
26,20.009678529000002,1,742.7702299658932,0
27,20.009470647,1,773.0149457181864,0
28,20.009994298000002,1,850.8004781998212,0
29,5.2105210820000005,1,709.7010636239681,1
30,20.011105963000002,1,824.9927796321128,0
31,20.022140748,1,854.5470180226796,0
32,20.006276031000002,1,867.9380119665345,0
33,20.007503836,1,782.4030987943582,0
34,20.056891873,1,760.0122647261738,0
35,20.009786748,1,784.864307005014,0
0,20.03798303,1,5862.690156540068,0
1,20.019862241000002,1,5914.184626185479,0
2,20.008727465,1,5930.908616099192,0
3,20.018104936,1,6827.963429920709,0
4,20.007071985,1,6931.19527120258,0
5,20.008747443,1,5681.554568466262,0
6,20.008443356,1,6545.594765430659,0
7,20.02055418,1,6619.29051762671,0
8,20.0189941,1,5715.736196944963,0
9,20.020002605000002,1,5799.131515275187,0
10,20.008408113,1,7286.788892451804,0
11,20.008783508,1,7031.904799731809,0
12,20.021919175,1,4372.7743185622185,0
13,20.009175850000002,1,6203.914188821517,0
14,20.019675498,1,5627.94191882385,0
15,20.021043084000002,1,6869.742260377799,0
16,20.043893523,1,6113.352884017413,0
17,20.01242947,1,6522.224507346082,0
18,14.153748418000001,1,6440.4208931452795,1
19,20.012073230000002,1,6388.383949393657,0
20,20.013014983,1,6487.217207419932,0
21,8.309226148,1,7915.173601422991,0
22,20.013390145000002,1,6328.7180892412935,0
23,20.02362862,1,6548.503988844838,0
24,20.022729182000003,1,6019.409604807991,0
25,20.023162922,1,7323.186253789646,0
26,20.013442225000002,1,6433.054952289334,0
27,20.013437768000003,1,6216.0429808963,0
28,20.011935963000003,1,6523.76610599347,0
29,20.011987944,1,6508.842348317009,0
30,20.013095914,1,6096.398204291045,0
31,18.609272591,1,4603.841489858806,1
32,20.012275149,1,6803.208119558458,0
33,5.711280211,1,7607.703478582974,0
34,20.008423643,1,5805.294088638837,0
35,4.41002093,1,8065.878700086805,0
36,20.011327258,1,6397.1495233791975,0
37,11.111062993,1,6348.194207148893,1
38,20.012318227,1,6586.822627584733,0
39,20.022811566,1,6582.2646703008395,0
40,20.010505042000002,1,6477.797125213775,0
41,20.008859150000003,1,6281.944918959888,0
42,20.025748269,1,6692.369672632929,0
43,20.012074601000002,1,6396.467066522854,0
44,20.023178395000002,1,6851.327109569341,0
45,20.01056796,1,6928.620347967195,0
46,20.022425315,1,6322.799503459266,0
47,20.01144873,1,6163.816357664801,0
48,20.010613297000003,1,6561.124229924596,0
49,20.012376913,1,6133.194554570896,0
50,8.711622140000001,1,7593.011674360795,0
51,20.011731252,1,6062.02395007385,0
52,20.013751586,1,6430.5128483558765,0
53,20.023105919000002,1,6061.873685770367,0
54,19.811861222,1,5611.350631330481,1
55,10.710203465000001,1,5828.6189022240815,1
56,20.010587198,1,5871.090055095616,0
57,20.012981329000002,1,6438.54443359375,0
58,20.022085698,1,4796.702259576143,0
59,20.011483318,1,6017.161927180504,0
60,20.023351533,1,6034.55225824005,0
61,20.013157742,1,6511.487841553949,0
62,20.023623447000002,1,5774.4067601445895,0
63,20.041268455,1,6218.2337142412935,0
64,20.014687644000002,1,6067.328955806903,0
65,20.013896311,1,5907.97508550995,0
66,20.012152869,1,6067.068454116138,0
67,20.025378722000003,1,6067.2492396416355,0
68,20.013218618,1,5693.9641708449935,0
69,20.012816212,1,5405.008653023943,0
70,20.027113526,1,4870.47312752643,0
71,20.012483914,1,6222.260491973725,0
72,20.024210816,1,6229.36477524487,0
73,20.027442528,1,5982.087322178171,0
74,20.010516589,1,6423.618426422575,0
75,20.013893095,1,6194.017551403141,0
76,20.017616351,1,5862.310245646766,0
77,20.026833135,1,5899.157748246074,0
78,20.017568635,1,6441.726341437345,0
79,20.014847307,1,5209.261660447762,0
80,20.012176931000003,1,5785.04736328125,0
81,20.015956884,1,6295.845644822762,0
82,20.015450326,1,6292.703343633396,0
83,20.014058888,1,5958.280662119092,0
84,20.016299311,1,6096.260919523476,0
85,20.016424983,1,5917.766076842351,0
86,20.014077771,1,6502.150929920709,0
87,20.014644521,1,6039.075545125933,0
88,20.027294969,1,6329.786514206312,0
89,20.015541665,1,6841.664497337531,0
90,20.024782673,1,6635.375255072295,0
91,20.016100362,1,5647.18360346704,0
92,20.02790559,1,6257.469503070584,0
93,20.016436763,1,6293.83444836365,0
94,20.016005992,1,6640.245906696984,0
95,20.013955404,1,5986.082587550529,0
96,20.018842954,1,6101.438328377643,0
97,20.028867395000002,1,5248.840401872473,0
98,20.017204744,1,6647.0768326337065,0
99,20.018445023,1,5302.132972831157,0
100,20.028791411,1,6170.324345071517,0
101,20.016955472000003,1,5239.810376826804,0
102,20.017092886,1,6213.5429566037,0
103,20.018670811,1,6082.105123795087,0
104,20.027707993,1,5948.97754149176,0
105,20.111943735,1,4924.618722443533,0
106,20.029694223,1,6291.036008920242,0
107,20.029242534,1,3773.549547717346,0
108,20.019868084000002,1,6008.7892155433765,0
109,20.018539476,1,6181.169137224036,0
110,20.018701308,1,6108.01314229633,0
111,20.018385649000003,1,6092.549481595926,0
112,20.017830905,1,5468.244113903141,0
113,20.028304551,1,5602.180481868004,0
114,20.019006026,1,6534.704796330846,0
115,20.018010117000003,1,6048.854224968905,0
116,20.020329998,1,6403.084341476213,0
117,20.030378461,1,5829.395337764304,0
118,20.020403413,1,6131.978950462531,0
119,20.031684976,1,4904.391851776275,0
120,20.019025566,1,6135.33789548352,0
121,20.021088848,1,6388.253680328825,0
122,20.019950262000002,1,5925.694411660261,0
123,20.292352602,1,5643.990465229061,0
124,20.110373219,1,6278.994397481282,0
125,20.017491242000002,1,6179.297081487096,0
126,20.021785563,1,3940.050747695847,0
127,20.050774385,1,6001.1959854050065,0
128,20.020040729,1,4942.909275035953,0
129,20.023297706,1,6554.089416200249,0
130,20.020857384000003,1,5856.045123503576,0
131,20.020682078,1,6646.927411283426,0
132,20.022600958,1,4284.211799279968,0
133,18.332036707,1,6565.807500424592,0
134,20.033744237,1,6401.564037721549,0
135,20.023900507,1,6244.920490321829,0
136,20.021155156000003,1,6242.445781347171,0
137,20.020868452000002,1,6208.65918697528,0
138,20.033772906000003,1,6336.631235910292,0
139,20.034444265,1,6114.569491410137,0
140,20.019307348,1,6193.646734588775,0
141,20.022787999000002,1,5639.008633589863,0
142,20.023596556,1,6420.131617304104,0
143,20.030982155,1,5622.790488475591,0
144,20.023340732,1,6184.122466281872,0
145,20.021545801000002,1,6645.854268695584,0
146,20.020263608,1,6476.896428502021,0
147,20.022504357000003,1,4829.337595469916,0
148,20.022667213000002,1,5781.15577872357,0
149,20.023973888,1,6309.6015503537,0
150,20.033967724,1,6601.501972559079,0
151,20.022576992,1,5888.387534981343,0
152,20.023791898000002,1,6664.429043746113,0
153,20.023872230000002,1,6278.831562402829,0
154,20.035523759,1,6118.467379897388,0
155,20.023825823000003,1,5889.0305017879355,0
156,20.0318256,1,6197.362384853079,0
157,20.024876645000003,1,6733.075319204758,0
158,20.035859327,1,6002.615642490671,0
159,20.034975562,1,7004.4218507074,0
160,20.024394004,1,6305.095987348414,0
161,20.025035430000003,1,6396.288416316853,0
162,20.023582085,1,6238.9195744908275,0
163,20.023770912,1,6359.156058088464,0
164,20.025244327000003,1,6615.653577814055,0
165,20.023561985,1,6608.748734355566,0
166,20.026036711,1,6266.608711812034,0
167,20.025692737,1,6732.533990205224,0
168,20.025646177000002,1,5994.497233072917,0
169,20.025523997,1,6027.112673935012,0
170,20.024616289,1,6071.343830165579,0
171,20.025285925000002,1,6028.657877604167,0
172,20.035309610000002,1,6134.173747959421,0
173,20.028758319,1,7087.176092195274,0
174,20.037787026,1,5876.133740477301,0
175,20.028328009000003,1,6514.326145153141,0
176,20.029217799,1,5005.511804988728,0
177,20.029609433,1,6552.131274778451,0
178,20.027072261,1,7443.947115010883,0
179,20.028363332,1,5709.698183885262,0
180,20.025168518,1,5607.835738300684,0
181,20.027132903000002,1,6254.904056378265,0
182,20.037631960000002,1,6739.943291355721,0
183,20.027806525000003,1,6097.399044814988,0
184,20.03816389,1,6686.638538265703,0
185,20.027884645,1,5996.615827114428,0
186,20.027038343,1,6056.810583313899,0
187,20.040628307000002,1,6122.272711151275,0
188,20.03753855,1,6142.041734685945,0
189,20.039537275,1,6347.328834343905,0
190,20.027606957,1,5788.385659592662,0
191,20.028203472,1,6507.253228486474,0
192,20.037690117,1,6534.563590737717,0
193,20.028840937000002,1,5374.91012102573,0
194,20.069721282,1,5876.99366934857,0
195,20.024867964000002,1,5804.929862406716,0
196,20.029646088,1,6100.985800975591,0
197,20.041609282,1,6516.83839105255,0
198,20.04068521,1,6654.12251729633,0
199,20.040567239,1,6211.868577036692,0
200,20.028763116,1,5532.758565570584,0
201,20.029265895,1,6174.71335461365,0
202,20.028850627,1,6142.134228758551,0
203,20.03029438,1,5111.344784257424,0
204,20.031287184,1,6471.767476096082,0
205,20.042820584,1,6594.062643326337,0
206,20.041876403,1,6277.037029209421,0
207,20.031960021,1,4869.947909378887,0
208,20.031933631,1,5975.877407396611,0
209,20.041096682000003,1,6003.227228117226,0
210,20.031319881,1,6166.223703261038,0
211,20.041538006,1,6859.606625077737,0
212,20.030527687000003,1,6425.213969216418,0
213,20.033259767,1,7258.630040714397,0
214,20.043758735,1,5985.6740006024565,0
215,20.033009051,1,6455.000357101213,0
216,20.031176967,1,5830.396093264148,0
217,20.043605810000003,1,6037.992510591574,0
218,20.030400227,1,6774.975192397388,0
219,20.032603799,1,5931.158735132929,0
220,20.041958084,1,6406.398245588464,0
221,20.031862968000002,1,5699.364017315765,0
222,20.042957579000003,1,6123.54002934546,0
223,20.032019374,1,6500.621358539334,0
224,20.055735766,1,6489.347070798352,0
225,20.030721986,1,6345.521817183613,0
226,20.044836814,1,6309.760181028451,0
227,20.043274216,1,6522.4576725746265,0
228,20.044477036,1,6342.455551830691,0
229,20.034364366000002,1,6131.509367226368,0
230,20.033839445,1,6682.2626297224815,0
231,20.035315216,1,6405.14891849347,0
232,20.032146252,1,6125.495041880442,0
233,20.071104628,1,7027.431786380597,0
234,20.034438826000002,1,6072.394613844838,0
235,20.045418301,1,6344.043546913868,0
236,20.044693137000003,1,6229.50338881763,0
237,20.034605744,1,6039.152725143812,0
238,20.033986149,1,6174.337234724813,0
239,20.044639509,1,6079.187431980721,0
240,20.043670612,1,5853.029955204446,0
241,20.059511965000002,1,5961.135790772699,0
242,20.030248594,1,5998.097296719528,0
243,20.035423626,1,6394.524613261816,0
244,20.045554005,1,5846.466162838153,0
245,20.034268955,1,5210.241942144745,0
246,20.035890838,1,6455.994726076648,0
247,20.034540405,1,6589.001331234453,0
248,20.03487883,1,5985.451407513216,0
249,20.035176281000002,1,6286.120554454291,0
250,20.048110700000002,1,6188.706819904384,0
251,20.046282971,1,6222.940903393191,0
252,20.037173463000002,1,6541.3205287041355,0
253,20.046447615,1,6455.425861415579,0
254,20.036948119,1,6031.520638992537,0
255,20.036242061000003,1,6314.723129955691,0
256,20.046857449,1,6681.869230507618,0
257,20.03494995,1,6804.803730371579,0
258,20.038875602,1,4114.644153803735,0
259,20.036826148000003,1,6506.5859253537,0
260,20.036780728,1,6247.900691853234,0
261,20.049326488000002,1,6031.176089766013,0
262,20.048368177,1,6510.708112270678,0
263,20.037238194,1,4640.567714406483,0
264,20.037951276,1,5871.583643671292,0
265,20.038674542000003,1,5652.262775478079,0
266,20.049661799000003,1,6453.9143224308145,0
267,20.037945686,1,5775.163928890703,0
268,20.036919218,1,6439.813369675062,0
269,20.038026247,1,6359.634126729633,0
270,20.038448294000002,1,5699.580867634484,0
271,20.050130642000003,1,5692.672771396921,0
272,20.049647972000002,1,5782.297941445118,0
273,20.038821518000002,1,6615.697355507618,0
274,20.038404586000002,1,6161.065662896455,0
275,20.037609875,1,6027.088602398166,0
276,20.039502202,1,6684.157994208645,0
277,20.04129824,1,6397.5722000349815,0
278,20.039511515,1,6767.013414373445,0
279,20.039467442000003,1,6599.80860346704,0
280,20.037898531,1,6824.857589493937,0
281,20.040310257,1,6745.348066794932,0
282,20.050483764000003,1,5687.162236911147,0
283,20.038849774000003,1,6432.494449141013,0
284,20.037993562,1,6158.382037566076,0
285,20.051869988,1,7022.919822275342,0
286,20.040561413000002,1,6171.802592263293,0
287,20.050100422,1,6892.880108733675,0
288,20.050740256,1,6169.642857489895,0
289,20.057218306000003,1,6016.837958644279,0
290,20.039133002,1,5678.714936061878,0
291,20.038945927,1,6859.888540694963,0
292,20.050356877000002,1,5132.300867488728,0
293,20.039600725,1,5870.96437247357,0
294,20.065511371,1,6921.890021663973,0
295,20.043211731,1,6161.197386462279,0
296,20.04296318,1,6569.95510727612,0
297,20.040183614,1,6515.346137962531,0
298,20.051777480000002,1,6137.359826842351,0
299,20.051138044,1,6435.157137333439,0
300,20.04350678,1,5908.436742070896,0
301,20.128345886,1,5513.266924263227,0
302,20.041379428000003,1,6208.410406524811,0
303,20.051990015,1,6526.859744247512,0
304,20.048994934,1,5574.886932219692,0
305,20.142867866,1,6901.654830228365,0
306,20.043113566000002,1,4620.501290544348,0
307,20.039870659,1,6517.979159378887,0
308,20.052265276,1,6278.276321031561,0
309,20.041120939000002,1,5076.441287216262,0
310,20.043673318,1,6555.411847014925,0
311,20.042142419,1,5977.865360696517,0
312,20.054663207,1,6219.370644336909,0
313,20.042681439000003,1,6137.3330734025185,0
314,20.054366836,1,5728.054429998445,0
315,20.042121251,1,6426.1977757695895,0
316,20.043666517000002,1,6569.859989602767,0
317,20.054203717,1,6333.126610599347,0
318,20.053570086,1,6363.883730760262,0
319,20.043082394000002,1,6433.803963580534,0
320,20.043383077,1,5959.594427763526,0
321,20.042083277,1,5859.265072343362,0
322,20.041222597,1,6341.070645308613,0
323,20.04462321,1,6579.974628809079,0
324,20.043187487,1,6273.521236590485,0
325,20.054668833,1,6332.646387204602,0
326,20.052831407000003,1,6314.894434079602,0
327,20.043896642,1,6272.1032119675065,0
328,20.042514381,1,6510.959385202892,0
329,20.04157933,1,6261.193556145056,0
330,20.04547097,1,6662.985681941853,0
331,20.04648701,1,6309.017184584888,0
332,20.056176465,1,6058.951509542133,0
333,20.045848567,1,5522.021953222171,0
334,20.05612624,1,6110.679048604633,0
335,20.044828523,1,6571.558649622979,0
336,20.056499509000002,1,6431.430948285914,0
337,20.045522375,1,6475.397239874845,0
338,20.045362411000003,1,6973.32520260028,0
339,20.046439307,1,6275.800545611784,0
340,20.068769895000003,1,5117.013466602534,0
341,20.056748950000003,1,6234.119750369247,0
342,20.048078776,1,6468.348596373601,0
343,20.057868679000002,1,6119.9400944496265,0
344,20.046098438,1,6405.113701511971,0
345,20.055344141000003,1,6093.303030744714,0
346,20.046419254,1,6966.293223822295,0
347,20.058022669,1,6362.40528315454,0
348,20.057647425000003,1,5987.3487737095775,0
349,20.047962019,1,6750.635931669776,0
350,20.045101174000003,1,6418.669968030939,0
351,20.047265224,1,5955.088991079758,0
352,20.047517778,1,6641.711369908271,0
353,20.056116056,1,6307.629066581157,0
354,20.043684767000002,1,6961.056917560634,0
355,20.047926426,1,6214.554128770212,0
356,20.057358776,1,5907.017951016403,0
357,20.048569665000002,1,6534.283535933613,0
358,20.049587814000002,1,5883.646297321984,0
359,20.047414906,1,6049.883257054571,0
360,20.044324604,1,6296.4338536808145,0
361,20.049339838,1,4026.198968536225,0
362,20.060459101000003,1,6235.204504819651,0
363,20.049645950000002,1,6278.3175990166355,0
364,19.648734354000002,1,5872.496169938654,1
365,20.051354401,1,6185.526311314521,0
366,20.060533034000002,1,6158.150946925529,0
367,20.043775793000002,1,5994.438311372824,0
368,20.051033556,1,5970.993334110696,0
369,20.048733503,1,5913.342049518034,0
370,20.04600942,1,6225.026887049129,0
371,20.059767163,1,6997.107827561412,0
372,20.051115253000003,1,6541.533453338775,0
373,20.050842697,1,6433.315677472015,0
374,20.059405093000002,1,6484.591053521455,0
375,20.045863577000002,1,5774.1962671991605,0
376,20.050073513,1,5834.494961714863,0
377,20.062451569,1,6005.319450112717,0
378,20.052731182000002,1,6077.689210199005,0
379,20.048932486,1,6262.9859491604475,0
380,20.050450259,1,6057.407314015858,0
381,20.061098058000002,1,6459.909828299907,0
382,20.051546963,1,6375.474857159515,0
383,20.049452979,1,6478.915758123445,0
384,20.052356294000003,1,6560.239831117849,0
385,20.050812771,1,6358.577775186567,0
386,20.062491409,1,6057.052112484453,0
387,20.063306377,1,6914.10790529773,0
388,20.073742907,1,6443.416253692475,0
389,20.049457023000002,1,5919.472729127799,0
390,20.049690164,1,7594.404670981033,0
391,20.053456286000003,1,6478.476040209111,0
392,20.062788216,1,6188.303300392568,0
393,20.051887563,1,6313.1044800412,0
394,20.050807988000003,1,6477.10351076648,0
395,20.05340538,1,7993.771243878265,0
396,20.054934401,1,6469.067487270678,0
397,20.051372003,1,6187.917555775808,0
398,20.068176159,1,6757.691763351213,0
399,20.052404707,1,5767.812429551462,0
400,20.054667111,1,6173.793116934857,0
401,20.051390919000003,1,6271.191129314366,0
402,12.752962584,1,6150.40698993206,1
403,20.054638048,1,6742.24952143579,0
404,20.054447734,1,6994.569280064521,0
405,20.055017168000003,1,5941.880730624222,0
406,20.053989386,1,6838.391859064055,0
407,20.05265924,1,6682.1474366449,0
408,20.063672747000002,1,5896.419018190299,0
409,20.054772125,1,5636.809968711132,0
410,20.066049056,1,6066.78707415073,0
411,20.051843108,1,6085.677372415267,0
412,20.057131139000003,1,5906.45313471704,0
413,20.051618177,1,5749.203018112562,0
414,20.056166995,1,6768.586306747512,0
415,20.0644148,1,6423.0225265275185,0
416,20.066386685,1,6134.384085432214,0
417,20.053204854,1,6666.645845479633,0
418,20.053782584,1,6531.001882676462,0
419,2.5654985790000002,1,10631.03487454928,0
420,20.057289836000002,1,5839.294750612174,0
421,20.054789102,1,6152.925356129509,0
422,20.066587694000003,1,6345.0318475979475,0
423,20.054833158,1,6379.6354385300065,0
424,20.056781077,1,6425.830979380442,0
425,20.068459752000003,1,6758.412320720616,0
426,18.556047178,1,6634.129386655746,0
427,20.053022031,1,6389.448978253265,0
428,20.054968838,1,6115.903198849503,0
429,20.067559851000002,1,5999.680122337531,0
430,20.058283559,1,6235.461469507929,0
431,20.066789849000003,1,5734.789456040112,0
432,20.066257398,1,5518.939861240671,0
433,20.068312371,1,5974.295565628887,0
434,20.055975036,1,6529.760489544466,0
435,20.05853948,1,6386.207470946051,0
436,20.058624571000003,1,6000.727857295554,0
437,20.059201649000002,1,6583.501484277829,0
438,20.058614295,1,6800.466357178949,0
439,20.058302715,1,6166.377728058924,0
440,20.056335992,1,6174.615545320274,0
441,20.061180551,1,6039.308754081157,0
442,20.068692225,1,5003.353359545048,0
443,20.068393663000002,1,6216.147079543688,0
444,20.059129467,1,6030.712910059079,0
445,20.059776616,1,5815.810092603389,0
446,20.070226299,1,5884.704708877488,0
447,20.060016806,1,6011.780438627176,0
448,20.058985299,1,6521.753879528141,0
449,20.069563826,1,6008.119082322762,0
450,20.061869169,1,6003.446114155784,0
451,20.058313587,1,5695.749681766946,0
452,20.060243287000002,1,6241.971844877176,0
453,20.059933141000002,1,6062.7804143345775,0
454,20.059195937000002,1,4346.7713932777515,0
455,20.060534200000003,1,5732.1928990302395,0
456,20.061944825,1,6697.435354963464,0
457,20.054693254,1,6872.20702396222,0
458,20.061715204000002,1,5643.981660302005,0
459,18.672577486,1,5095.241513871892,1
460,20.071320984,1,5841.279709849192,0
461,20.067985933000003,1,5031.48899727437,0
462,20.060690382,1,6311.363188938122,0
463,20.058135254,1,7203.861189657183,0
464,20.071595886,1,6559.872422555193,0
464,20.067608051,1,7006.623301947295,0
464,20.07732083,1,7343.846171972171,0
464,20.108329742000002,1,6898.776022232587,0
464,20.06708641,1,6872.500621890547,0
464,20.110268385,1,7246.8346135533275,0
464,20.110825442000003,1,7185.341830884639,0
464,20.064320050000003,1,7137.679757948538,0
464,20.067209814,1,7322.751588736008,0
464,20.066501531,1,7361.858461598259,0
464,20.067060854,1,6557.823565279074,0
464,20.064273222,1,6389.873175625778,0
464,20.075641858,1,6825.421347850591,0
464,20.097679579,1,7027.78370355255,0
464,20.083193732,1,6871.204067552861,0
464,20.096854621000002,1,7052.268931222792,0
464,20.107970779000002,1,6882.7384974541355,0
464,20.066255899,1,6753.651593108675,0
464,20.081872307,1,7237.321692319651,0
464,20.085070866000002,1,7001.18992925995,0
464,20.067758954000002,1,7340.763528548663,0
464,20.077505677,1,6861.095967914334,0
464,20.068430244,1,7181.2605259833645,0
464,20.082894637000003,1,7228.6316197333645,0
464,20.069833785,1,7093.046617498445,0
464,20.067099046000003,1,7234.582451511971,0
464,20.081574393,1,6784.596383317786,0
464,20.111489598000002,1,6801.091983928016,0
464,20.101661363,1,7033.848368023166,0
464,20.086206363000002,1,6373.148119266946,0
464,20.098240674000003,1,6418.268306902985,0
464,20.069924966000002,1,6822.263152013371,0
464,20.085823721,1,7067.320402382618,0
464,20.070214346,1,6835.567909961909,0
464,20.070548829,1,6387.402878187189,0
464,20.068346854,1,6180.369126049441,0
464,20.080840121,1,6311.451339493937,0
464,20.072615737,1,6651.893425936722,0
464,20.117182559,1,6805.9563267646145,0
464,20.110848885000003,1,7218.228207108987,0
464,20.081104999,1,7086.996922127643,0
464,20.070081285,1,6939.275567960976,0
464,20.112417585000003,1,6902.011879081157,0
464,20.071837065,1,6918.423099347015,0
464,20.071691610000002,1,7224.254537857587,0
464,20.078530828,1,6720.049418435168,0
464,20.070828948000003,1,6663.8815006996265,0
464,20.085745959,1,6675.270889206312,0
464,20.071462983,1,6700.591172555193,0
464,20.073558614,1,7148.847753420398,0
464,20.072612915,1,7075.513232178949,0
464,20.104031276,1,7272.383106440454,0
464,20.112247743,1,7368.248384542133,0
464,20.076239449000003,1,7292.909126243781,0
464,20.085978438,1,6524.6386937383395,0
464,20.078537931,1,6522.596733131219,0
464,20.088970486,1,6883.231518190299,0
464,20.074593263,1,7013.2279617537315,0
464,20.087919428000003,1,6986.6455199588,0
464,20.083689353,1,6931.662140955379,0
464,20.090062766000003,1,6413.890644434079,0
464,20.103522946000002,1,6244.7374140041975,0
464,20.117090062000003,1,6293.768877779074,0
464,20.085276591,1,6392.829366351834,0
464,20.118281465000003,1,6151.063913829291,0
464,20.091277520000002,1,6383.174010319496,0
464,20.116522304,1,6550.334171428016,0
464,20.082970221,1,6852.271110268967,0
464,20.08863068,1,6930.698808205068,0
464,20.088115823000003,1,6762.075032552083,0
464,20.079914235,1,7034.481639653296,0
464,20.08732573,1,6911.101756840796,0
464,20.082696181000003,1,6527.530523651275,0
464,20.089528314000002,1,6909.822302063899,0
464,20.090577775,1,6961.685520153141,0
464,20.076041694,1,7129.874113320118,0
464,20.079941662,1,7163.829956662003,0
464,20.080311563000002,1,7062.885853933458,0
464,20.074816943000002,1,7199.536664820429,0
464,20.073947649,1,6985.515384503265,0
464,20.076286066,1,6893.54443602301,0
464,20.106307476,1,7244.336464649409,0
464,20.077138625,1,6985.903903334888,0
464,20.077410857,1,6885.39552481732,0
464,20.104525161,1,7034.150014089708,0
464,20.105517573,1,6936.947889944807,0
464,20.120769682000002,1,6743.075044698383,0
464,20.108651537,1,6489.683069029851,0
464,20.088949775,1,6272.8041336287315,0
464,20.11961845,1,6357.327260183458,0
464,20.078010481,1,6864.860038187966,0
464,20.078780651000002,1,7075.779391616138,0
464,20.089501273,1,6821.504751632463,0
464,20.093547323000003,1,6777.287665675529,0
464,20.089623435,1,6684.9833328474815,0
464,20.093661046,1,6110.702775186567,0
464,20.091413955,1,6377.646945934391,0
464,20.089716441,1,6413.39940920398,0
464,20.119459802,1,6690.963655841884,0
464,20.087491556,1,6788.140221742849,0
464,20.079439723,1,6755.624186197917,0
464,20.093353553,1,6255.432850396455,0
464,20.096469844,1,6282.36477524487,0
464,20.075687532,1,6493.269545825559,0
464,20.094444241,1,6808.64012457245,0
464,20.09132571,1,6302.651908912469,0
464,20.085064645000003,1,6228.180340970926,0
464,20.096303927,1,6572.208573830068,0
464,20.120253203,1,7188.276447353079,0
464,20.111189999,1,7394.284400750155,0
464,20.121570281,1,7057.6444656599815,0
464,20.092031461,1,6902.654189987562,0
464,20.095400791000003,1,7456.9741866837685,0
464,20.095540773,1,7325.38574947528,0
464,20.090555757,1,6843.5995812540905,0
464,20.080060615,1,6638.21458366049,0
464,20.099904935,1,6810.44624776508,0
464,20.128435579,1,6568.0882380091725,0
464,20.100555578,1,5769.472578513682,0
464,20.096758706000003,1,6127.842916763837,0
464,20.101879993,1,6546.648510377799,0
464,20.09782427,1,6858.826047982742,0
464,20.085075857,1,6910.658322158738,0
464,20.096928763,1,6675.88573975824,0
464,20.096208228000002,1,6670.351292852146,0
464,20.158574711,1,6680.887357645367,0
464,20.099109375,1,6967.144375777363,0
464,20.098366851,1,6801.809696634017,0
464,20.095081815,1,7178.9471125816235,0
464,20.099242807,1,7236.597267568408,0
464,20.127291531,1,6903.237217234142,0
464,20.09041385,1,6830.495318816076,0
464,20.102527709,1,6920.780023223725,0
464,20.095996333000002,1,6652.811984996891,0
464,20.102397131,1,6774.115555037313,0
464,20.10130071,1,7062.956887923663,0
464,20.128272316,1,6818.774010805349,0
464,20.133945027000003,1,6287.297793260262,0
464,20.088267835,1,6552.372488145212,0
464,20.105378798,1,6915.814688763216,0
464,20.106075042,1,6740.814698480255,0
464,20.104508818000003,1,7130.7721135533275,0
464,20.091762457,1,7267.644283465485,0
464,20.107016402000003,1,7211.010285486629,0
464,20.103649026000003,1,6844.946728758551,0
464,20.135101499,1,7423.974354302705,0
464,20.0896624,1,7535.568935109608,0
464,20.10638552,1,7181.460004664179,0
464,20.132357984000002,1,7011.473309720926,0
464,20.106461579,1,6994.983519900497,0
464,20.106582851000002,1,6880.012627293221,0
464,20.109045819000002,1,6432.945152168843,0
464,20.104101587000002,1,7066.12159417755,0
464,20.107630320000002,1,6768.990627915112,0
464,20.104649416,1,6753.696719041512,0
464,20.108508373000003,1,6677.900184137904,0
464,20.168029238000003,1,6847.896118777481,0
464,20.152314761,1,6678.913795281405,0
464,20.181016476,1,6845.61669193097,0
464,20.195844032,1,7060.189235839844,0
464,20.159281680000003,1,6682.408368314676,0
464,20.140119645000002,1,6349.702294193097,0
464,20.151410610000003,1,6684.231730957032,0
464,20.189410709,1,6524.497602539062,0
464,20.14421108,1,6277.452966308594,0
464,20.149182343,1,6705.665795898438,0
464,20.120377478,1,6454.442322081001,0
464,20.145070219,1,7184.447956542968,0
464,20.132470492,1,6999.43398585464,0
464,20.090639706,1,7319.072072295368,0
464,20.111028831000002,1,7254.637960521098,0
464,20.176179911000002,1,6525.847039217972,0
464,20.11113534,1,5503.704257035137,0
464,20.137795102000002,1,5692.4051641208025,0
464,20.111656609,1,5341.336651702425,0
464,20.111686593,1,5294.060857820274,0
464,20.108864378,1,5477.470970343595,0
464,20.111783027,1,5604.591991215796,0
464,20.109828398,1,5845.868970576804,0
464,20.109910187,1,5836.124599172108,0
464,20.108880183,1,5982.3657445195895,0
464,20.111428073000003,1,5689.17036885883,0
464,20.093901589,1,5373.004083585976,0
464,20.108010943,1,5258.592430911847,0
464,20.105979443000003,1,5472.152977786847,0
464,20.10894529,1,5521.476217545087,0
464,20.111862844,1,5789.425856557058,0
464,20.111592425,1,5567.43461160992,0
464,20.144754552000002,1,5511.578404364895,0
464,20.107374280000002,1,5653.316503420398,0
464,20.107349597000002,1,5700.050705942942,0
464,20.112842588000003,1,5693.193976407028,0
464,20.097943805,1,5782.030788440609,0
464,20.141041051000002,1,5761.237200229322,0
464,20.11439955,1,5706.289786419466,0
464,20.101595884,1,5725.769106129509,0
464,20.108818288000002,1,5590.834533387749,0
464,20.143935074,1,5605.315704193875,0
464,20.125330517000002,1,5520.329300761816,0
464,20.110498202000002,1,5453.597039217972,0
464,20.110481846000003,1,5437.015248464708,0
464,20.113410622,1,5456.873833955224,0
464,20.116406413,1,5462.444705185012,0
464,20.111309402,1,5527.7403436916975,0
464,20.113894084000002,1,5414.055139342351,0
464,20.111761626,1,5343.707769745025,0
464,20.129147258,1,5232.086525380908,0
464,20.115935314,1,5052.387160875311,0
464,20.150079698000003,1,5142.740195506841,0
464,20.108653158000003,1,5179.259964824316,0
464,20.112238913000002,1,5293.165092506219,0
464,20.128496262000002,1,5418.437864388992,0
464,20.144822871000002,1,5330.980636368937,0
464,20.111055571,1,5391.435301519745,0
464,20.116682830000002,1,5510.385015838775,0
464,20.110946108,1,5446.907143967662,0
464,20.11662518,1,5514.216468924907,0
464,20.116808032,1,5393.079978525342,0
464,20.118870217,1,5445.636276624689,0
464,20.114556975000003,1,5258.982557913557,0
464,20.118576073,1,5465.436428696362,0
464,20.115516323,1,5434.296500893967,0
464,20.117346018000003,1,5405.671802122201,0
464,20.118825695,1,5498.998967564521,0
464,20.114349707000002,1,5652.36963619403,0
464,20.117421126,1,5799.6551203941235,0
464,20.117236189,1,5775.729569923818,0
464,20.118240575,1,5781.608959596549,0
464,20.117565678000002,1,5833.5362737095775,0
464,20.115801003,1,5727.4572037274565,0
464,20.114541781,1,5692.87888924518,0
464,20.116929282,1,5699.488473161536,0
464,20.120113366,1,5605.282753711909,0
464,20.117902186000002,1,5573.527676558613,0
464,20.118574413,1,5496.447814637749,0
464,20.150564196,1,5590.920249825093,0
464,20.14545859,1,5687.487659359453,0
464,20.147807677000003,1,5609.600911458333,0
464,20.116658898,1,5594.70848880597,0
464,20.118907972000002,1,5629.78172613495,0
464,20.103690497000002,1,5773.26021260883,0
464,20.104000218,1,5568.192628167755,0
464,20.118742214,1,5608.010567280784,0
464,20.118194212000002,1,5558.267614563899,0
464,20.118460568,1,5711.224721120958,0
464,20.120107413,1,5795.852371443563,0
464,20.120920697000003,1,5712.275541239117,0
464,20.119814367,1,5577.11278082245,0
464,20.117299582,1,5521.681915131375,0
464,20.14984055,1,5597.101042638371,0
464,20.121261747000002,1,5584.305581467662,0
464,20.161134230000002,1,5759.513994966574,0
464,20.122612281000002,1,5694.813717059235,0
464,20.122427544,1,5856.019028393191,0
464,20.120926631,1,5781.443473550217,0
464,20.128711895000002,1,5779.871013584421,0
464,20.122614770000002,1,5898.585536672108,0
464,20.122829963,1,5915.888834635417,0
464,20.107809151,1,5981.700285195118,0
464,20.149531533,1,6237.859564482276,0
464,20.149839832,1,6102.493178638059,0
464,20.152315632,1,6014.580670864428,0
464,20.121985829,1,5740.101749553016,0
464,20.122487411,1,5958.4083877487565,0
464,20.122230067,1,5801.936433554882,0
464,20.124297139000003,1,5815.8697698033275,0
464,20.123585619,1,5721.139944807214,0
464,20.124059207000002,1,5592.317045724936,0
464,20.172083454000003,1,5459.484133325442,0
464,20.182764954,1,5446.697652797507,0
464,20.090557802000003,1,5408.022805460819,0
464,20.093533644,1,5545.0869140625,0
464,20.179858810000002,1,5567.396958007813,0
464,20.126102709,1,5507.390848491916,0
464,20.126037984,1,5438.316554434857,0
464,20.120078163000002,1,5332.958153568097,0
464,20.154142879000002,1,5468.401675703513,0
464,20.121210848,1,5358.7121861396145,0
464,20.112285645,1,5346.226960898632,0
464,20.122031853000003,1,5412.5096247279225,0
464,20.129369363000002,1,5439.5938155900185,0
464,20.154069267,1,5504.615054609763,0
464,20.113252614,1,5229.491414995336,0
464,20.112210077,1,5122.735176655784,0
464,20.126357918,1,5216.673952017258,0
464,20.117628258,1,5422.120535020212,0
464,20.154407293000002,1,5555.963750583022,0
464,20.126971341,1,5408.781471062655,0
464,20.131661173,1,5568.460684856966,0
464,20.127714232000002,1,5627.320579718595,0
464,20.154920212,1,5544.778852320429,0
464,20.12552068,1,5545.734042191387,0
464,20.154559662,1,5537.803849405317,0
464,20.157826854,1,5540.180068893812,0
464,20.127427716,1,5457.928283387749,0
464,20.126270491,1,5658.387265333488,0
464,20.127234162,1,5797.38620131763,0
464,20.129713767000002,1,5999.477478331001,0
464,20.126196144,1,5791.792781696984,0
464,20.128595533000002,1,5689.424109919154,0
464,20.129515254,1,5745.0477422458025,0
464,20.131315013000002,1,5584.703285331157,0
464,20.132069738000002,1,5475.455379353234,0
464,20.14287042,1,5602.23635727612,0
464,20.153070401,1,5511.184368683924,0
464,20.157781086,1,5373.495513156872,0
464,20.129196008,1,5487.723438471704,0
464,20.132385084000003,1,5673.525227864583,0
464,20.129463996000002,1,5586.95360113495,0
464,20.13024441,1,5404.039672244247,0
464,20.130451998,1,5254.830704874067,0
464,20.129895909000002,1,5209.097024642413,0
464,20.125677519,1,5236.7479812849815,0
464,20.15897249,1,5333.654758434391,0
464,20.128416536,1,5536.118722792288,0
464,20.128379299000002,1,5689.0862411574935,0
464,20.129210197000003,1,5945.6992843400185,0
464,20.115895505,1,5852.7586044387435,0
464,20.131255857000003,1,5757.063746210354,0
464,20.132763661000002,1,5816.585628983987,0
464,20.131332187,1,5948.132411672108,0
464,20.128155816,1,6157.2097010066855,0
464,20.132428001,1,6116.056494869403,0
464,20.125958631,1,5937.063425548041,0
464,20.130642714,1,5860.273940356809,0
464,20.133193133000002,1,5487.013960956934,0
464,20.131275819000003,1,5307.696808924129,0
464,20.132758377000002,1,5337.9610468166975,0
464,20.159587843,1,5147.622971567942,0
464,20.159266978,1,5227.824269764459,0
464,20.132943147000002,1,5334.456256316076,0
464,20.131079195,1,5392.369779520367,0
464,20.134398619000002,1,5761.663435750933,0
464,20.147889729000003,1,5617.807303812966,0
464,20.131411326000002,1,5479.838604827425,0
464,20.134517363,1,5580.202415656095,0
464,20.162929959,1,5547.726137379509,0
464,20.128908963,1,5769.1884546991605,0
464,20.136183405,1,5941.918126651897,0
464,20.147449339,1,6026.588310886971,0
464,20.159626681000002,1,5866.393173293688,0
464,20.133736993000003,1,5922.906327736318,0
464,20.141036293000003,1,5593.160212122979,0
464,20.131690308,1,5526.436873250933,0
464,20.132809964,1,5551.09424799829,0
464,20.135297995000002,1,5560.33057126477,0
464,20.164871937,1,5630.897652849036,0
464,20.136008231,1,5688.101844294154,0
464,20.117514476,1,5695.556715932058,0
464,20.136055604000003,1,5516.380553288246,0
464,20.162669329,1,5333.8545140508395,0
464,20.164556669,1,5532.188289509484,0
464,20.121370650000003,1,5643.821573285914,0
464,20.132115267,1,5452.508650594683,0
464,20.136041221000003,1,5392.73681154773,0
464,20.122534929,1,5492.369395697295,0
464,20.136655016000002,1,5551.121008725901,0
464,20.136873806,1,5748.047382715329,0
464,20.138683908,1,5781.596963910914,0
464,20.166050781000003,1,5706.805494014304,0
464,20.167502623,1,5604.725712259017,0
464,20.134245647,1,5535.224473336443,0
464,20.137183419000003,1,5727.384364797108,0
464,20.161858092000003,1,5640.747677627488,0
464,20.165536827,1,5380.584798177083,0
464,20.123997702,1,5344.03760494403,0
464,20.138093904,1,5375.466257579291,0
464,20.143411498000003,1,5436.251838949783,0
464,20.137339444000002,1,5472.653507365516,0
464,20.135552861,1,5451.603386874222,0
464,20.127025805000002,1,5407.159412896455,0
464,20.139118469,1,5581.800946439676,0
464,20.166703318,1,5716.992274953358,0
464,20.137774974000003,1,5890.827828630286,0
464,20.164485583,1,5896.128199335354,0
464,20.167293342,1,5985.315492848259,0
464,20.168071614000002,1,5906.7930780666975,0
464,20.135637260000003,1,5894.42431640625,0
464,20.136556482,1,5850.179337686567,0
464,20.140903827000002,1,5977.44087667133,0
464,20.138639575000003,1,5951.985244675062,0
464,20.168370368,1,5924.334696148166,0
464,20.140803688000002,1,5807.42332769745,0
464,20.166377055,1,5889.6435765508395,0
464,20.139657056,1,5775.983123931125,0
464,20.140125372,1,5966.252295650653,0
464,20.141085675000003,1,5814.571565998134,0
464,20.141207997000002,1,5866.250675334266,0
464,20.169634473000002,1,5876.3357212958645,0
464,20.141399203000002,1,5642.256716903762,0
464,20.142346086,1,5594.371514011971,0
464,20.135785044000002,1,5574.535544931592,0
464,20.14065068,1,5507.201096567942,0
464,20.176876152000002,1,5452.4824340213,0
464,20.173353041000002,1,5514.707160000778,0
464,20.170225622,1,5392.181888409515,0
464,20.142805176,1,5279.262906658116,0
464,20.14288376,1,5328.423109064055,0
464,20.144709288,1,5359.505798643501,0
464,20.16048305,1,5338.489911283426,0
464,20.141652819,1,5339.9387364933145,0
464,20.142835014000003,1,5440.954908076804,0
464,20.144881595,1,5379.254506277208,0
464,20.124597564000002,1,5321.879112737096,0
464,20.14014441,1,5374.816100163246,0
464,20.143836818,1,5552.8007593866605,0
464,20.143272886000002,1,5618.709183574316,0
464,20.143906301,1,5447.315590018657,0
464,20.143519974,1,5556.616713794309,0
464,20.171948204,1,5630.903534087375,0
464,20.143717765,1,5306.837531094528,0
464,20.144218317,1,5315.061584168999,0
464,20.147980198000003,1,5395.473798002176,0
464,20.182686599,1,5308.718121519183,0
464,20.143505374,1,5262.456258745336,0
464,20.145430409000003,1,5486.662847870025,0
464,20.175932656,1,5531.947892374067,0
464,20.173018329,1,5549.655941483987,0
464,20.144978415,1,5730.824828494247,0
464,20.144506717000002,1,5936.425705942942,0
464,20.147050449,1,5876.6321711753735,0
464,20.144526640000002,1,5683.642706875778,0
464,20.175315898,1,5633.956761602146,0
464,20.137653116000003,1,5500.390109996891,0
464,20.141420305,1,5507.910175684079,0
464,20.14313692,1,5608.977952036692,0
464,20.147282152000002,1,5691.403905764148,0
464,20.143166699000002,1,5834.054653490361,0
464,20.145941157000003,1,5702.699524836754,0
464,20.144829409,1,5662.925511602146,0
464,20.178734298000002,1,5650.267412935324,0
464,20.17459291,1,5625.707891208022,0
464,20.146525537000002,1,5760.29393559546,0
464,20.149994016,1,5970.637241040889,0
464,20.147612853000002,1,6024.0682184779225,0
464,20.146466497000002,1,6057.005992984297,0
464,20.144647022,1,6005.502057583178,0
464,20.1405523,1,5892.23823995258,0
464,20.176477487,1,5852.744432136194,0
464,20.146006879,1,5922.216847889459,0
464,20.147843295,1,5969.086690570584,0
464,20.148814651000002,1,5970.390700307058,0
464,20.177156387,1,5846.260861221238,0
464,20.147951543,1,5873.196376515858,0
464,20.177024676000002,1,5716.996453280472,0
464,20.146574892,1,5693.911871307525,0
464,20.174803708000002,1,5683.916333858054,0
464,20.145050635,1,5544.921598064366,0
464,20.148584251000003,1,5598.5310216495645,0
464,20.175425422,1,5485.453018112562,0
464,20.146187914000002,1,5457.949639011971,0
464,20.176745426,1,5513.337018520678,0
464,20.177689240000003,1,5576.1517461520525,0
464,20.152949717000002,1,5363.744978719683,0
464,20.130774779000003,1,5251.746480002332,0
464,20.146400259,1,5350.192032999067,0
464,20.149742756000002,1,5241.220834305037,0
464,20.152205951000003,1,4967.654515508396,0
464,20.149424959,1,5114.938850668533,0
464,20.148855448000003,1,5264.962975649099,0
464,20.182560522000003,1,5494.484566911536,0
464,20.150942884000003,1,5457.513771474658,0
464,20.19171965,1,5260.8247726212685,0
464,20.151547305,1,5350.823366079758,0
464,20.178127676000003,1,5307.812934837531,0
464,20.149280651,1,5244.14501224347,0
464,20.146597089,1,5286.323302918999,0
464,20.147566316000002,1,5323.769919931592,0
464,20.152381708,1,5642.789732975746,0
464,20.157384861,1,5658.096361454446,0
464,20.152462098,1,5742.120838677705,0
464,20.136885708,1,5744.41406735852,0
464,20.154364497,1,5600.100425606343,0
464,20.153712949000003,1,5379.437247356966,0
464,20.178610112,1,5351.964452639148,0
464,20.148958724,1,5555.056774234297,0
464,20.155658331,1,5616.099203688588,0
464,20.137714399,1,5623.399756588153,0
464,20.134885915,1,5564.844877176617,0
464,20.150320722,1,5578.798235385572,0
464,20.182372958000002,1,5728.425824976679,0
464,20.182267002,1,5618.804075326492,0
464,20.181487922000002,1,5650.247167482898,0
464,20.138861523000003,1,5718.273726581934,0
464,20.154042205,1,5802.588546525187,0
464,20.151216278,1,5958.601742265237,0
464,20.154988593000002,1,6203.5654418338,0
464,20.152840366,1,6145.2578780900185,0
464,20.152498365,1,5848.1665694962685,0
464,20.153965701,1,5610.0022883628735,0
464,20.154912093,1,5534.078210024099,0
464,20.153671898000002,1,5454.374808088464,0
464,20.182367675000002,1,5533.006913673818,0
464,20.15337074,1,5615.37304930426,0
464,20.183509263,1,5673.351472617382,0
464,20.183443487,1,5789.3806431708645,0
464,20.150804202,1,5838.0941289645525,0
464,20.138196729,1,5772.494713930349,0
464,20.156021897000002,1,5606.105561061878,0
464,20.157928968,1,5656.902866040889,0
464,20.156892819000003,1,5751.535882598725,0
464,20.155424978000003,1,5681.755417249689,0
464,20.158517197000002,1,5512.906939909826,0
464,20.18392802,1,5467.119242653918,0
464,20.151057207,1,5516.139366643346,0
464,20.156483252,1,5491.881391382929,0
464,20.155936879000002,1,5478.156682408271,0
464,20.155723626,1,5429.045925159359,0
464,20.188469050000002,1,5527.78272699005,0
464,20.154863193,1,5569.112081195584,0
464,20.154268017,1,5589.130560576026,0
464,20.158079490000002,1,5439.9549688083025,0
464,20.158211576000003,1,5347.924969877176,0
464,20.156401072,1,5488.371696206467,0
464,20.139333294,1,5670.485701375933,0
464,20.155603495,1,5813.146030103389,0
464,20.158632955,1,5592.158081662003,0
464,20.187725252,1,5509.448135300062,0
464,20.141773306,1,5668.832862056903,0
464,20.168605218,1,5676.08053725513,0
464,20.158399639000002,1,5791.300149642413,0
464,20.158317658,1,5793.862202658582,0
464,20.141888099000003,1,5931.843975921175,0
464,20.160284038,1,5798.835218439055,0
464,20.187218073,1,5780.765846062655,0
464,20.187079905,1,5712.2801641208025,0
464,20.163354123,1,5793.514145580691,0
464,20.157773891,1,5749.732642937655,0
464,20.160600555000002,1,5681.729535914179,0
464,20.185614162,1,5792.068492984297,0
464,20.145207009,1,5897.621832245025,0
464,20.165509076000003,1,5747.829261893657,0
464,20.143193785,1,5721.4628250349815,0
464,20.159650407,1,5719.801296253109,0
464,20.149049323,1,5712.586471937189,0
464,20.206014778,1,5741.40574471393,0
464,20.147095306,1,5658.247947275342,0
464,20.186418274,1,5721.207611843128,0
464,20.202387646000002,1,5668.621890547263,0
464,20.157224886,1,5674.36767821051,0
464,20.163128279000002,1,5670.575299770678,0
464,20.190272020000002,1,5683.421814268501,0
464,20.190632916000002,1,5614.3889876787935,0
464,20.155983336000002,1,5542.557903840174,0
464,20.189637732,1,5565.2951502254355,0
464,20.189404484,1,5572.065123600746,0
464,20.161042013000003,1,5452.304439715485,0
464,20.189079846000002,1,5471.880477981188,0
464,20.187876993,1,5559.247663051928,0
464,20.162487031,1,5620.456234452737,0
464,20.162471631000003,1,5540.236575909515,0
464,20.188231393000002,1,5482.927970013216,0
464,20.157770559000003,1,5509.31983150653,0
464,20.159663337,1,5654.196002409826,0
464,20.162136627000002,1,5703.320961112407,0
464,20.187774327,1,5597.109224385883,0
464,20.161705103000003,1,5526.394915073072,0
464,20.191119826,1,5477.939960840329,0
464,20.189189279,1,5435.370073460821,0
464,20.162921516,1,5408.574648729012,0
464,20.161972898000002,1,5437.487843983209,0
464,20.157790384000002,1,5383.913695681747,0
464,20.156402985,1,5413.085988514459,0
464,20.161417535000002,1,5450.314132462687,0
464,20.162165343,1,5467.301505169466,0
464,20.160708032000002,1,5449.798927724658,0
464,20.148366656,1,5488.589581389925,0
464,20.162129365000002,1,5484.918721820584,0
464,12.861377796000001,1,7371.402416229248,0
0,1.346359926,1,5744.0761047363285,1
1,1.312317557,1,5703.112370354788,1
2,1.330884669,1,5534.096990857805,1
3,1.3135615470000002,1,5673.363268443516,1
4,1.3153533050000001,1,5678.256650652204,1
5,1.3125423920000001,1,5681.698212214878,1
6,1.5234093240000002,1,6074.112131237984,1
7,1.523228532,1,6355.505844116211,1
8,1.41492657,1,6272.110897827149,1
9,1.313689901,1,5692.848159245083,1
10,1.314077863,1,5676.47717830113,1
11,1.3290307970000002,1,5603.058943884714,1
12,1.313913227,1,5675.10339982169,1
13,1.3142139560000001,1,5673.134514944894,1
14,1.3272588170000001,1,5602.884215967996,1
15,1.326855138,1,5607.925617762974,1
16,1.314660659,1,5673.030899184091,1
17,1.324781581,1,5606.266813141959,1
18,1.3146353670000002,1,5676.828259876796,1
19,1.3158502440000002,1,5673.104351588658,1
20,1.3274741520000002,1,5603.7067012786865,1
21,1.3232799910000002,1,5604.94808455876,1
22,1.3244382030000001,1,5603.853609221323,1
23,1.3153726170000002,1,5673.030899184091,1
24,1.311791527,1,5673.033659117563,1
25,1.710667602,1,6974.566503100925,1
26,1.315895327,1,5673.030899184091,1
27,1.313067481,1,5675.21939427512,1
28,1.311395029,1,5673.043045725141,1
29,1.3141012120000002,1,5674.106334141323,1
30,1.315410086,1,5673.1205701828,1
31,1.3140158830000002,1,5673.137326649257,1
32,1.326566297,1,5602.560962029866,1
33,1.314679371,1,5671.539265905108,1
34,1.3278320160000001,1,5531.600810647011,1
35,1.3270538710000002,1,5602.6709805216105,1
36,1.3147166700000001,1,5676.82823235648,1
37,1.3250862330000002,1,5602.560962029866,1
38,1.3141174690000001,1,5674.899880681719,1
39,2.12663834,1,8042.182963284579,1
40,1.3299700700000001,1,5604.145732470921,1
41,1.327180049,1,5531.570798099041,1
42,1.313883335,1,5673.326451846531,1
43,1.313586445,1,5673.030899184091,1
44,1.31332767,1,5678.180052621024,1
45,1.3243725000000002,1,5602.579361574991,1
46,1.310404632,1,5701.027837208339,1
47,1.324370952,1,5602.560962029866,1
48,1.4145952880000001,1,6237.994129435221,1
49,1.3121355410000002,1,5673.037069865635,1
50,1.3224697090000002,1,5602.560962029866,1
51,1.514510649,1,6195.540217578411,1
52,1.317200932,1,5673.030899184091,1
53,1.3142302000000001,1,5673.048759596689,1
54,1.325877374,1,5602.560962029866,1
55,1.3148522770000002,1,5673.030899184091,1
56,1.313797724,1,5676.761716706412,1
57,1.315926359,1,5673.094427653721,1
58,1.3150678900000001,1,5674.038225718907,1
59,1.327862037,1,5602.571692262377,1
60,1.308606825,1,5673.030899184091,1
61,1.312126203,1,5673.030899184091,1
62,1.3125592190000002,1,5673.030899184091,1
63,1.3129061100000001,1,5673.030899184091,1
64,1.312182433,1,5673.052644729614,1
65,1.3115564400000002,1,5673.030899184091,1
66,1.3234895640000002,1,5602.560962029866,1
67,1.311194855,1,5673.030899184091,1
68,1.3227768160000002,1,5602.560962029866,1
69,1.322883343,1,5602.908797536577,1
70,1.3240694450000001,1,5617.955061640058,1
71,1.323060551,1,5602.692448002951,1
72,1.315287754,1,5732.532375335693,1
73,1.3255651780000002,1,5538.029750517437,1
74,1.3236901090000002,1,5610.5916748046875,1
75,1.3281789830000001,1,5602.560962029866,1
76,1.325108178,1,5602.560962029866,1
77,1.3240654680000001,1,5602.560962029866,1
78,1.324894555,1,5994.397432054792,1
79,1.32495275,1,5602.560962029866,1
80,1.324821531,1,5602.560962029866,1
81,1.3121932660000002,1,5673.030899184091,1
82,1.326664866,1,5607.609243937901,1
83,1.323838529,1,5649.808863231114,1
84,1.325354683,1,5606.056409835815,1
85,1.308471474,1,5673.030899184091,1
86,1.31319004,1,5673.030899184091,1
87,1.5135254280000001,1,6097.451904892921,1
88,1.3193016160000002,1,5601.379867247173,1
89,1.3153613720000001,1,5673.100199290684,1
90,1.3142777730000001,1,5673.030899184091,1
91,1.3109218630000001,1,5677.535932268415,1
92,1.3210899770000002,1,5602.783007962363,1
93,1.325096467,1,5602.560962029866,1
94,1.3124865380000001,1,5700.126584461757,1
95,1.3252534740000002,1,5602.560962029866,1
96,1.322849202,1,5602.560962029866,1
97,1.327748345,1,5602.560962029866,1
98,1.312535025,1,5673.017611912319,1
99,1.309532527,1,5692.03806073325,1
100,1.315298899,1,5676.650981630598,1
101,1.314951851,1,5680.359916142055,1
102,1.324518655,1,5608.154312951224,1
103,1.3234229800000001,1,5602.921688965389,1
104,1.3102775370000002,1,5672.225160871233,1
105,1.322403118,1,5602.560962029866,1
106,1.3116083820000002,1,5673.030899184091,1
107,1.314349604,1,5674.028668676104,1
108,1.323347736,1,5604.496157237461,1
109,1.311417757,1,5674.083746637617,1
110,1.3136614850000001,1,5682.711490767343,1
111,1.313404889,1,5673.199210030692,1
112,1.3147620210000002,1,5681.310985565186,1
113,1.3226518520000001,1,5602.568262168339,1
114,1.315115389,1,5677.205723081316,1
115,1.3149597370000001,1,5772.680569784982,1
116,1.315688949,1,5673.031639507839,1
117,1.3232571750000002,1,5644.486428941999,1
118,1.3234883670000002,1,5602.560962029866,1
119,1.3130425220000002,1,5706.141203607832,1
120,1.3258295420000001,1,5531.600894715105,1
121,1.314502236,1,5673.6318862097605,1
122,1.3284924980000001,1,5531.578291032995,1
123,1.324598286,1,5602.727919442313,1
124,1.313561078,1,5681.860117776053,1
125,1.3129549280000001,1,5673.224303654262,1
126,1.314542864,1,5673.030899184091,1
127,1.313627416,1,5673.845387050083,1
128,1.313897416,1,5673.021989141192,1
129,1.3126401970000001,1,5673.030899184091,1
130,1.31159357,1,5673.030899184091,1
131,1.310823352,1,5674.2019585200715,1
132,1.3131605270000002,1,5673.463512556894,1
133,1.312475198,1,5683.466552461897,1
134,1.3133959190000002,1,5692.187610489981,1
135,1.3134577390000002,1,5677.299848011562,1
136,1.3130546730000001,1,5682.757379259382,1
137,1.3221362840000002,1,5611.292787279402,1
138,1.325048245,1,5602.560962029866,1
139,1.322982756,1,5614.376716068813,1
140,1.3265640870000002,1,5602.882086072649,1
141,1.3256101180000002,1,5611.384473528181,1
142,1.325723459,1,5531.570798099041,1
143,1.326400437,1,5532.63197687694,1
144,1.323747849,1,5602.6729353496,1
145,1.314497526,1,5673.030899184091,1
146,1.324861912,1,5603.274347577776,1
147,1.3125734850000002,1,5682.59597996303,1
148,1.3236588710000001,1,5602.648190225874,1
149,1.323500729,1,5608.51836177281,1
150,1.3252959670000002,1,5620.268165860857,1
151,1.315422542,1,5673.030899184091,1
152,1.421971373,1,6059.629807027181,1
153,1.326491609,1,5602.560962029866,1
154,1.311602576,1,5673.030899184091,1
155,1.323162143,1,5602.561960901533,1
156,1.313341282,1,5673.030899184091,1
157,1.3133696000000001,1,5679.02324458531,1
158,1.311669527,1,5673.499357768467,1
159,1.42304428,1,5581.212949154976,1
160,1.315045159,1,5779.581593649728,1
161,1.313013942,1,5674.095328058515,1
162,1.324586515,1,5602.560962029866,1
163,1.3254630410000001,1,5602.84999200276,1
164,1.3234074,1,5610.017347608294,1
165,1.323639899,1,5603.65108857836,1
166,1.3230327210000001,1,5602.560962029866,1
167,1.324611135,1,5652.427477291652,1
168,1.3130179080000002,1,5673.030899184091,1
169,1.31600942,1,5673.497653961182,1
170,1.3159932600000002,1,5693.320751598903,1
171,1.322602888,1,5611.601821899414,1
172,1.3122576490000002,1,5693.069456917899,1
173,1.322809039,1,5602.560962029866,1
174,1.324925936,1,5602.904161589487,1
175,1.3243190550000001,1,5602.56203358514,1
176,1.423878903,1,5933.3183603922525,1
177,1.320882702,1,5603.117221219199,1
178,1.322848727,1,5603.304660933359,1
179,1.322416124,1,5673.0327825546265,1
180,1.3262843800000002,1,5531.580994350569,1
181,1.31370764,1,5673.715445382254,1
182,1.313525846,1,5682.59597996303,1
183,1.309674322,1,5679.650168827602,1
184,1.313904846,1,5680.717406409128,1
185,1.314226103,1,5689.124141148159,1
186,1.3144477890000001,1,5678.164353506906,1
187,1.324080546,1,5603.9895369665965,1
188,1.313466022,1,5719.498604774475,1
189,1.325472336,1,5602.560962029866,1
190,1.313314831,1,5676.829228537424,1
191,1.324931335,1,5615.171768733433,1
192,1.323598894,1,5602.721599987575,1
193,1.324075377,1,5605.854445866176,1
194,1.3229169820000002,1,5606.195573534284,1
195,1.323372159,1,5611.671334947859,1
196,1.3239533780000001,1,5602.560962029866,1
197,1.311737313,1,5674.552496910095,1
198,1.312773811,1,5675.012263434274,1
199,1.324051088,1,5615.693433489118,1
200,1.3250013600000001,1,5602.663364682879,1
201,1.326254516,1,5604.64129952022,1
0,1.24127457,1,6191.356374468122,1
1,1.332618129,1,5540.7720655713765,1
2,1.3139766510000002,1,5674.134365490505,1
3,1.315190372,1,5612.538065229143,1
4,1.3150262730000002,1,5603.168965816498,1
5,1.328290683,1,5531.570798099041,1
6,1.314282709,1,5626.082233360836,1
7,1.3269425570000002,1,5534.4260493687225,1
8,1.326447495,1,5532.293043204716,1
9,1.313261787,1,5675.632554462978,1
10,1.328540866,1,5534.426054273333,1
11,1.3112661170000002,1,5673.394249779837,1
12,1.328087634,1,5531.570798099041,1
13,1.3144079430000002,1,5673.030899184091,1
14,1.314963931,1,5602.560962029866,1
15,1.31587371,1,5673.135547910418,1
16,1.315046615,1,5673.030899184091,1
17,1.326925574,1,5531.570798099041,1
18,1.325882794,1,5531.572132987635,1
19,1.326678059,1,5531.884453364781,1
20,1.315650562,1,5602.560962029866,1
21,1.318191907,1,5603.4531425748555,1
22,1.3128531,1,5673.030899184091,1
23,1.3293473390000001,1,5531.570874954973,1
24,1.3142193480000002,1,5673.031379972185,1
25,1.314624959,1,5673.030899184091,1
26,1.315088944,1,5673.031032562256,1
27,1.32707014,1,5531.57082512549,1
28,1.326161318,1,5602.560962029866,1
29,1.3162479150000002,1,5676.761716706412,1
30,1.3294584950000001,1,5531.570798099041,1
31,1.3248429110000002,1,5531.570798099041,1
32,1.314260086,1,5673.0322598048615,1
33,1.315794563,1,5603.923222030912,1
34,1.31489524,1,5671.890315192087,1
35,1.3178579670000001,1,5602.560962029866,1
36,1.325675814,1,5531.667454336371,1
37,1.3240128580000001,1,5602.560962029866,1
38,1.315362147,1,5673.030899184091,1
39,1.314947872,1,5673.030899184091,1
40,1.324763704,1,5531.570798099041,1
41,1.309612625,1,5673.030899184091,1
42,1.312265355,1,5673.031015259879,1
43,1.315284766,1,5602.560962029866,1
44,1.313505562,1,5673.030899184091,1
45,1.3269265190000001,1,5531.570798099041,1
46,1.3107442980000001,1,5673.030899184091,1
47,1.314737851,1,5673.030899184091,1
48,1.3305079770000001,1,5531.570798099041,1
49,1.325087914,1,5531.570798099041,1
50,1.313793237,1,5673.030899184091,1
51,1.322838227,1,5602.560962029866,1
52,1.315113119,1,5673.030910764422,1
53,1.324012057,1,5602.560962029866,1
54,1.327056653,1,5532.144345232418,1
55,1.3263145330000001,1,5540.147235861847,1
56,1.3118025800000002,1,5673.030899184091,1
57,1.314554837,1,5602.560962029866,1
58,1.310962709,1,5673.032039233616,1
59,1.315727389,1,5602.560962029866,1
60,1.3168524830000001,1,5673.034936768668,1
61,1.3257293620000001,1,5531.570798099041,1
62,1.311038772,1,5673.030899184091,1
63,1.314049574,1,5673.030899184091,1
64,1.312998474,1,5673.030899184091,1
65,1.313749795,1,5673.030899184091,1
66,1.3106298980000002,1,5673.030899184091,1
67,1.315249643,1,5673.030899184091,1
68,1.3128539620000002,1,5673.030899184091,1
69,1.3146873380000001,1,5673.047791481018,1
70,1.3253713870000001,1,5531.570798099041,1
71,1.324557773,1,5531.570798099041,1
72,1.325239204,1,5531.570798099041,1
73,1.308286737,1,5673.059853417532,1
74,1.313863857,1,5673.030899184091,1
75,1.3110659390000001,1,5673.030899184091,1
76,1.3112968340000002,1,5673.030899184091,1
77,1.312834735,1,5673.405283382961,1
78,1.3145009460000001,1,5602.761537313461,1
79,1.313991625,1,5673.030899184091,1
80,1.314754087,1,5673.030899184091,1
81,1.3241946420000001,1,5602.561090026583,1
82,1.3168277780000002,1,5673.030899184091,1
83,1.313177421,1,5673.030899184091,1
84,1.316187631,1,5673.030899184091,1
85,1.3252147380000001,1,5531.601839900017,1
86,1.326329727,1,5531.572422044618,1
87,1.31267763,1,5673.030899184091,1
88,1.311242709,1,5673.030899184091,1
89,1.3141012730000001,1,5673.030899184091,1
90,1.313709548,1,5673.030899184091,1
91,1.314492626,1,5673.030899184091,1
92,1.3128477870000002,1,5673.030899184091,1
93,1.3139545430000001,1,5673.054755347116,1
94,1.314558737,1,5673.030899184091,1
95,1.3098849380000002,1,5673.180581910269,1
96,1.3207646800000001,1,5602.560962029866,1
97,1.327162725,1,5531.608528392656,1
98,1.324159796,1,5602.560962029866,1
99,1.325475749,1,5540.109128177166,1
100,1.316489174,1,5673.333263260977,1
101,1.313345873,1,5677.018739427839,1
102,1.329801795,1,5531.798482205187,1
103,1.32331661,1,5602.560962029866,1
104,1.325202397,1,5531.570798099041,1
105,1.315250451,1,5678.9116888046265,1
106,1.3138197600000001,1,5674.307995932443,1
107,1.3268349320000001,1,5531.570798099041,1
108,1.3247848210000002,1,5531.570798099041,1
109,1.314579444,1,5673.191206250872,1
110,1.3155415970000002,1,5602.564786502293,1
111,1.3285362490000001,1,5535.580429502896,1
112,1.316722774,1,5673.030899184091,1
113,1.3147078440000002,1,5673.031562260219,1
114,1.313497031,1,5673.164662633623,1
115,1.3276353570000001,1,5531.61501539605,1
116,1.3109175590000002,1,5673.030899184091,1
117,1.3261523210000001,1,5531.570799767971,1
118,1.315567152,1,5675.274352346148,1
119,1.314747726,1,5679.7325211933685,1
120,1.325888981,1,5531.570798099041,1
121,1.3140386780000002,1,5673.030899184091,1
122,1.313171093,1,5673.030899184091,1
123,1.315745085,1,5673.030899184091,1
124,1.3232868610000001,1,5610.640650817326,1
125,1.3159283240000001,1,5673.034135001047,1
126,1.3122227480000002,1,5673.030899184091,1
127,1.322633191,1,5602.560962029866,1
128,1.32785113,1,5602.560962029866,1
129,1.3270341220000001,1,5531.570798099041,1
130,1.3107256,1,5675.602157456534,1
131,1.3133295200000001,1,5673.030899184091,1
132,1.3133473580000001,1,5673.030899184091,1
133,1.328446327,1,5531.570799767971,1
134,1.325312387,1,5531.570798099041,1
135,1.3172616080000001,1,5602.560962029866,1
136,1.313348712,1,5673.112983839853,1
137,1.3129675740000002,1,5673.030899184091,1
138,1.313207083,1,5672.786259651184,1
139,1.31117403,1,5673.175983973912,1
140,1.323816029,1,5602.560962029866,1
141,1.326062373,1,5602.560962029866,1
142,1.3096997220000002,1,5673.023692948477,1
143,1.315425914,1,5602.560962029866,1
144,1.309480695,1,5673.030899184091,1
145,1.314079607,1,5673.030899184091,1
146,1.311270418,1,5673.034708431789,1
147,1.325441499,1,5531.570798099041,1
148,1.327603244,1,5531.587467798165,1
149,1.3122714210000002,1,5673.03253868648,1
150,1.313489893,1,5673.030899184091,1
151,1.312643962,1,5673.061042240688,1
152,1.313424071,1,5673.312333651951,1
153,1.326970062,1,5602.908797536577,1
154,1.3243478000000002,1,5605.853652954102,1
155,1.3163007660000001,1,5672.136706760952,1
156,1.3147132810000002,1,5675.464453424726,1
157,1.3133829380000002,1,5679.241292544773,1
158,1.316693684,1,5673.353191648211,1
159,1.314012709,1,5673.394249779837,1
160,1.313481868,1,5673.033230917795,1
161,1.325228469,1,5531.896607467106,1
162,1.313472114,1,5673.16299533844,1
163,1.327018092,1,5532.495929173061,1
164,1.314275279,1,5673.394249779837,1
165,1.3139519190000002,1,5673.369918687003,1
166,1.3105598950000001,1,5675.046281133379,1
167,1.324873926,1,5531.617033609322,1
168,1.3146341510000001,1,5673.060407229832,1
169,1.314378993,1,5673.030899184091,1
170,1.31255031,1,5673.0331027167185,1
171,1.312258267,1,5675.270094871521,1
172,1.325803716,1,5531.572253968035,1
173,1.3143371860000002,1,5673.030899184091,1
174,1.31381914,1,5673.030899184091,1
175,1.3267556180000002,1,5602.564817394529,1
176,1.314307546,1,5673.03448009491,1
177,1.3118284900000001,1,5673.030899184091,1
178,1.4140237850000001,1,5437.7774108886715,1
179,1.314133277,1,5673.0321844645905,1
180,1.314158422,1,5673.030899184091,1
181,1.726215403,1,5048.51703898112,1
182,1.315657145,1,5675.946549006871,1
183,4.125277801,1,2383.8064697015852,1
184,1.71864948,1,4858.828929742177,1
185,1.3149851510000001,1,5673.030899184091,1
186,1.6149636,1,4880.001820283777,1
187,1.313613147,1,5673.030904906137,1
188,1.315165047,1,5602.560962029866,1
189,1.7265609160000002,1,4730.108984417386,1
190,1.4161700210000001,1,5453.283614603678,1
191,1.318496812,1,5603.177143914359,1
192,1.6268321950000002,1,5015.143498925601,1
193,1.328002506,1,5598.784750529698,1
194,1.625732916,1,4804.626222947065,1
195,1.3287362200000001,1,5536.836399759565,1
196,1.313869062,1,5679.196436473301,1
197,1.3282185180000001,1,5534.230390276228,1
198,1.326261632,1,5537.947911126273,1
199,1.3233027160000002,1,5602.8833746910095,1
200,1.327424693,1,5530.902981502669,1
201,1.327930207,1,5531.9122197287425,1
202,1.325261677,1,5530.903684811933,1
203,1.325504256,1,5531.583277446883,1
204,1.3278838000000002,1,5531.561771605696,1
205,1.3159055100000001,1,5603.213380745479,1
206,1.324918725,1,5602.591962269375,1
207,1.3282800670000001,1,5531.592402458191,1
208,1.3257879190000001,1,5534.35970565251,1
209,1.3259699740000002,1,5531.219333376203,1
210,1.332741146,1,5533.646447999136,1
211,1.4269331140000001,1,5829.451034545898,1
212,1.3271765210000002,1,5534.438616071428,1
213,1.3275566840000002,1,5531.58049671139,1
214,1.3245492890000001,1,5603.23166847229,1
215,1.3269957300000002,1,5532.939599956785,1
216,1.325091056,1,5603.3334003176005,1
217,1.326096776,1,5611.847814287458,1
218,1.324604021,1,5602.915258203234,1
219,1.324513435,1,5605.833614349365,1
220,1.327134115,1,5536.881696973528,1
221,1.3251077690000002,1,5602.563263314111,1
222,1.3278761090000002,1,5532.509144714901,1
223,1.3180637320000002,1,5605.700002942766,1
224,1.32437103,1,5602.560273987906,1
225,1.324749712,1,5603.909521511623,1
226,1.3257688570000001,1,5532.908316203526,1
227,1.326205667,1,5530.9596201351715,1
228,1.3249983810000001,1,5701.083967481341,1
229,1.325591046,1,5530.95304277965,1
230,1.327861707,1,5533.766277313232,1
231,1.325599272,1,5531.052847368376,1
232,1.326448223,1,5532.08631842477,1
233,1.325779585,1,5536.599383762905,1
234,1.3254482920000001,1,5531.580941489765,1
235,1.327202414,1,5626.286327838898,1
236,1.3271217130000001,1,5531.2583313669475,1
237,1.328123766,1,5535.5873402782845,1
238,1.3255940640000001,1,5531.709785359247,1
239,1.3246586360000001,1,5604.6555532727925,1
240,1.3262267890000001,1,5536.164253916059,1
241,1.326081293,1,5531.816519021988,1
242,1.327289329,1,5872.154230390276,1
243,1.325051844,1,5602.781888553074,1
244,1.328837542,1,5567.779476983206,1
245,1.3257946840000001,1,5530.89391964674,1
246,1.3150509270000001,1,5673.394249779837,1
247,1.324294931,1,5602.561358519963,1
248,1.326474862,1,5531.562438130379,1
249,1.325322802,1,5533.607930455889,1
250,1.32642385,1,5535.867634330477,1
251,1.3283414150000001,1,5533.7405597141815,1
252,1.326097823,1,5602.657073634012,1
253,1.3264990360000002,1,5535.5098223005025,1
254,1.3263900350000002,1,5535.694267766817,1
255,1.328893525,1,5532.483080318996,1
256,1.326512971,1,5531.5802238583565,1
257,1.326009479,1,5535.909496034895,1
258,1.3281541350000001,1,5531.25160241127,1
259,1.323879614,1,5602.671200616019,1
260,1.325617022,1,5532.450996467045,1
261,1.3263776760000001,1,5531.56340779577,1
262,1.328996794,1,5538.265680279051,1
263,1.32755569,1,5531.498144830976,1
264,1.326262838,1,5532.436724875654,1
265,1.3240004010000002,1,5605.336176191057,1
266,1.328602539,1,5528.598942347935,1
267,1.3268783830000002,1,5530.069012233189,1
268,1.3281229220000002,1,5531.558901292937,1
269,1.3282258960000002,1,5534.672748020717,1
270,1.35140509,1,5707.609757614136,1
271,1.3186328710000002,1,5603.360761369978,1
272,1.328440496,1,5532.062926428659,1
273,1.328143207,1,5542.023008074079,1
274,1.3276986960000001,1,5531.874675035477,1
275,1.325953863,1,5536.217293807438,1
276,1.3316149130000001,1,5534.7775838034495,1
277,1.327474217,1,5542.673967633928,1
278,1.325726965,1,5559.030150277274,1
279,1.3258127960000001,1,5535.278645379202,1
280,1.330216153,1,5531.511543818882,1
281,1.326216467,1,5538.771971293858,1
282,1.323552016,1,5614.063887459891,1
283,1.3257966190000001,1,5555.795292445591,1
284,1.327763343,1,5531.549682600157,1
285,1.32505943,1,5640.822602408273,1
286,1.325439147,1,5540.978397437504,1
287,1.326102652,1,5532.69742502485,1
288,1.325679638,1,5535.927833829607,1
289,1.324609163,1,5611.601960863386,1
0,11.354843872,1,8179.406509001358,0
1,20.029609626000003,1,5863.408565084733,0
2,20.019557682000002,1,5664.933090893191,0
3,20.016878791,1,4578.265168299129,0
4,20.030712624,1,5761.448560420554,0
5,6.0272464580000005,1,6860.317246734119,0
6,20.016046705,1,4556.575000971704,0
7,20.012468061,1,5838.8030501787935,0
8,4.113841839,1,5392.487046922956,1
9,20.016073165,1,4720.543420592351,0
10,20.026287419000003,1,5913.74952386505,0
11,3.815269407,1,8199.659580328525,0
12,20.016543145,1,5719.5117466864895,0
13,20.02971888,1,6299.765462239583,0
14,20.015076200000003,1,8100.541899875622,0
15,20.013354275,1,7729.553599191542,0
16,20.013403321000002,1,6756.963925489738,0
0,7.225497057,1,5229.44412612915,1
1,5.509432653,1,5195.140936604568,1
2,20.010348030000003,1,6232.832138137438,0
3,20.024088343000003,1,6209.735575054416,0
4,20.026108134,1,5843.306081895212,0
5,20.022702091000003,1,8617.300101057213,0
6,12.212795943000001,1,4900.7395784951805,1
7,2.709960492,1,10027.087995256696,0
8,20.012011115,1,6333.82227534204,0
9,20.024818523,1,6562.17334713153,0
10,10.808554252,1,6407.438655748279,0
11,3.713691641,1,8386.016999897203,0
12,20.014744911,1,7543.177078474813,0
13,8.925304056,1,7107.526595920986,1
14,20.009865604,1,6494.195402382618,0
15,20.021483623,1,7610.791885300062,0
16,20.022797786,1,8183.278424770678,0
17,17.724222740000002,1,6574.008859742893,1
18,20.013247672000002,1,6525.4594945195895,0
19,20.012181924,1,6887.174343128109,0
20,20.026107144,1,7572.6954533970775,0
21,20.024133233,1,6973.796078202737,0
22,20.010183534000003,1,6777.977383589863,0
23,20.023327571000003,1,5389.625849026353,0
24,20.010566722,1,6884.176417716107,0
25,20.025479465,1,6372.897152421487,0
26,20.02625227,1,4492.394934507151,0
27,20.026006534,1,6403.137850785137,0
28,20.014290254000002,1,4532.341896474658,0
29,7.91440457,1,5366.552764606476,1
30,20.026297554000003,1,7018.354771552395,0
31,20.013229725000002,1,6718.1649297458025,0
32,4.824151422,1,5352.790502509292,1
33,13.613277654000001,1,6724.404088347497,1
34,20.013002824,1,7359.148398631841,0
35,7.327137427,1,5216.66506664173,1
36,20.014425464000002,1,6539.502810653762,0
37,20.026291693,1,6778.360572625155,0
38,20.027671125,1,5644.278920339708,0
39,20.015409993000002,1,7445.401466787158,0
40,20.027147089,1,6880.077685303949,0
41,20.012748463,1,6901.788911885883,0
42,20.027209473000003,1,6808.0256189754355,0
43,20.026277062000002,1,6139.438119461287,0
44,20.026735292,1,6436.68604001477,0
45,20.014521929,1,6506.452323344216,0
46,19.627756095000002,1,5891.06644232261,1
47,20.027998477,1,7246.828557408271,0
48,20.013065896,1,6582.536966048663,0
49,20.028316116000003,1,6043.285051791822,0
50,20.044851593,1,6221.570487406716,0
51,8.114474587,1,7049.140321961263,1
52,20.014465858,1,6506.801957011816,0
53,20.027443390000002,1,6519.6546442591725,0
54,20.014636724000002,1,6254.790546777829,0
55,20.027518452000002,1,6361.034031502643,0
56,20.027459065000002,1,6305.101929318253,0
57,11.926652759000001,1,5794.75380007426,1
58,20.029443289,1,6387.988492595616,0
59,20.027141418000003,1,6097.248591029229,0
60,20.016402989,1,7030.837193427395,0
61,20.015914153,1,7113.6685979283275,0
62,20.028978979,1,6902.431448713464,0
63,20.016843016000003,1,6406.6712458216725,0
64,20.017902160000002,1,5537.087122978855,0
65,20.014386697000003,1,6248.615834402208,0
66,20.027609623,1,6768.934810809235,0
67,20.013562045,1,6522.481051772388,0
68,20.013645507,1,5947.57862299829,0
69,20.031551756000002,1,5862.328987387283,0
70,20.029890530000003,1,6253.263540694963,0
71,20.031638293,1,6158.381556572605,0
72,20.029416327,1,5598.415687674907,0
73,20.027887436,1,7443.584511524409,0
74,9.828440226000001,1,5355.501519848602,1
75,20.028568971000002,1,6653.454910506063,0
76,20.028255322,1,6365.378228486474,0
77,20.029676031,1,6373.2906803871265,0
78,20.029046786000002,1,5944.280091243004,0
79,20.029575416,1,6377.164193680037,0
80,20.030161767000003,1,6284.631138739895,0
81,20.017382899,1,5917.769934507151,0
82,20.029354010000002,1,6437.914473044932,0
83,20.032332295,1,6663.803929570896,0
84,20.017996999,1,6129.911985482742,0
85,20.031047607,1,6014.6656803871265,0
86,20.019355199,1,6150.3661866449,0
87,20.030707932000002,1,6584.74462161847,0
88,20.031566506,1,5575.697848647388,0
89,20.031579812,1,6468.688413401741,0
90,20.021105991000002,1,6114.648267451804,0
91,20.020425154,1,6113.857805698072,0
92,20.029659828,1,6382.900864330691,0
93,20.030912933,1,5973.203331487096,0
94,20.032295946,1,5915.95016616138,0
95,20.031586753000003,1,5699.211846043221,0
96,20.032657959,1,6093.82176033893,0
97,20.019978841,1,6439.526262729322,0
98,20.033437745,1,5891.732040481188,0
99,20.0213965,1,6630.0699651158275,0
100,20.02119278,1,5967.23783426617,0
101,20.023043389,1,6779.914825287625,0
102,20.020409790000002,1,6206.976725260417,0
103,20.030853653,1,5891.445907668688,0
104,20.031711191000003,1,6411.529947916667,0
105,20.034134211,1,7191.152312169621,0
106,20.035907999000003,1,6759.886038557214,0
107,20.033064729000003,1,6167.447693174751,0
108,20.034045027,1,6026.141832342195,0
109,20.021520131000003,1,5999.136667735541,0
110,20.036015090000003,1,5837.638069418533,0
111,20.023329893,1,6327.686729924596,0
112,20.035481150000003,1,6263.708530103389,0
113,20.035681752000002,1,6179.647098977767,0
114,20.024680096,1,6173.848487056903,0
115,20.023051835,1,5967.813777790734,0
116,20.037602537,1,6245.380716048663,0
117,20.024633047000002,1,6313.955692727767,0
118,20.03523264,1,6292.852317999845,0
119,4.4218439190000005,1,4410.3484897613525,1
120,5.5213938030000005,1,4775.390144607851,1
121,20.035852889,1,6016.981464746579,0
122,20.036010837000003,1,6274.19926004742,0
123,20.022733737000003,1,6931.491125913401,0
124,20.034080456,1,6294.693667891013,0
125,20.024836294,1,5708.469493353545,0
126,20.022742578000003,1,6631.436705631996,0
127,20.033387898,1,5863.484375,0
128,20.025197416,1,5985.0409500349815,0
129,20.023817567000002,1,5773.588957070118,0
130,20.036256502,1,6173.455454660292,0
131,20.037639967,1,5802.8024307175065,0
132,20.03532495,1,5790.739481304416,0
133,20.035577671000002,1,5817.534848948616,0
134,20.024943716000003,1,5934.442737484453,0
135,20.036448185,1,6069.730867148632,0
136,20.035070332,1,5703.6463434779225,0
137,20.026034066,1,6225.215385474969,0
138,20.035713217,1,5851.649569535137,0
139,20.037116206,1,6149.594068233054,0
140,20.055060219,1,5912.1360579912935,0
141,20.038513808,1,5218.469354885728,0
142,20.037977100000003,1,5982.558464999222,0
143,20.038748687000002,1,5880.410129528141,0
144,20.038567169,1,5931.796479030628,0
145,20.03777096,1,6192.594432622046,0
146,20.066840096,1,6465.086243586754,0
147,20.026598827,1,5793.671109783116,0
148,20.038724682,1,6015.708124416978,0
149,20.039296485,1,5717.588784592662,0
150,20.027274453,1,5681.8713974074935,0
151,20.037039146,1,6328.682328105566,0
152,7.137675005,1,4309.626484072871,1
153,20.038892649,1,6177.646302180504,0
154,20.039729407000003,1,6382.544763973103,0
155,20.039087392000003,1,5985.480541627799,0
156,20.039330371000002,1,6164.601113086909,0
157,20.027620478000003,1,5822.754137029695,0
158,20.037786443,1,6287.892541686101,0
159,20.039371476000003,1,5257.822591145833,0
160,20.038729637000003,1,5964.486869849969,0
161,20.027307508,1,6052.470916899875,0
162,20.029332379,1,6505.8565983558765,0
163,20.040335114,1,6350.919419018191,0
164,20.041235287000003,1,5778.083245879975,0
165,20.029402461,1,6108.252346665112,0
166,20.041554195,1,5388.187576521688,0
167,20.041573656,1,5761.907003070584,0
168,20.02920212,1,6285.582432077892,0
169,20.028385127,1,6184.05761475824,0
170,20.029571256,1,6333.73486813977,0
171,20.030587861,1,5513.183401838464,0
172,10.027365118,1,4503.236358958896,1
173,20.040186525000003,1,5935.665614797108,0
174,20.041611324,1,5689.484360424441,0
175,20.068668137,1,6106.873134328358,0
176,8.140435853000001,1,4067.816710797752,1
177,20.044076122,1,5544.39110356421,0
178,20.030061464000003,1,6011.80570535992,0
179,20.042358066000002,1,6110.667465893191,0
180,6.6267663510000006,1,4068.018587297468,1
181,20.040662427,1,6016.678664781561,0
182,20.030706145,1,5941.857849424751,0
183,20.027343238,1,5917.699653587531,0
184,20.032238080000003,1,5993.086799887283,0
185,20.040857768000002,1,6037.509896805037,0
186,20.030592097,1,5657.994339824316,0
187,20.02934438,1,6071.274120122046,0
188,20.031398525,1,6109.2917759833645,0
189,20.032459845,1,6135.623765935945,0
190,20.041670764000003,1,5872.667905589241,0
191,20.033644392000003,1,6347.7343628537,0
192,20.032493695000003,1,5974.546692805504,0
193,20.030592217000002,1,5940.291564637749,0
194,20.030741504,1,5693.905349959188,0
195,20.043676328,1,5992.317756918533,0
196,20.04329941,1,6139.5332687150185,0
197,20.032817964,1,5869.963565959266,0
198,10.44403746,1,4800.260851215181,1
199,20.032422572,1,6402.1057845537935,0
200,20.030180511,1,5749.232293124222,0
201,13.142970711,1,2907.4054107666016,1
202,11.345603156000001,1,5925.04354985555,1
203,20.041743289000003,1,6098.000626749067,0
204,20.032636975000003,1,5556.673393287469,0
205,20.032540108000003,1,6111.023899059391,0
206,20.028912195,1,6067.127851951182,0
207,18.029765597,1,5217.658261125259,1
208,20.029292583,1,5085.742323538557,0
209,10.842024761000001,1,5345.760642023261,1
210,20.032261306000002,1,5957.966595246424,0
211,20.028916956,1,5853.669715387904,0
212,20.03180717,1,6159.211199860075,0
213,20.060566545,1,6178.487569476834,0
214,20.033175564,1,6158.330304046175,0
215,20.046060503,1,6192.544839280162,0
216,20.043333611,1,5979.1119888837065,0
217,20.033322696000003,1,5523.714693135883,0
218,20.044306497,1,6012.238655356033,0
219,10.944646952000001,1,4926.594457282803,1
220,20.03083517,1,5898.695900380908,0
221,20.034257339,1,6064.004324082712,0
222,20.043563013,1,6059.013448383084,0
223,20.044783939000002,1,5943.214302025031,0
224,20.058889635,1,3933.542639585277,0
225,20.0482389,1,5282.828544047341,0
226,20.045670067,1,6059.134921097637,0
227,20.047238391,1,5939.848487056903,0
228,20.044324076000002,1,6116.3078333916355,0
229,20.047046551,1,6259.21533203125,0
230,20.034341341,1,5876.979735113495,0
231,20.046106459,1,5940.071600007774,0
232,20.048350967,1,5914.941238631063,0
233,20.036687946,1,6027.847889458955,0
234,20.035118616000002,1,6238.547832128421,0
235,20.037155219000002,1,5997.124161905317,0
236,20.034824291,1,6109.533278432058,0
237,20.048227879000002,1,5960.352356868004,0
238,20.048015568,1,6145.731831564832,0
239,20.035057804,1,6073.09033203125,0
240,20.032151202,1,6034.701120860541,0
241,20.047032678,1,5996.119228078358,0
242,4.936619482,1,5052.712398319244,1
243,20.048342164,1,5956.202736318408,0
244,20.048786499000002,1,6362.0863164645525,0
245,20.037253282,1,5852.184344391325,0
246,9.647043065,1,4147.948825088973,1
247,20.035220525,1,6067.21290034204,0
248,20.049781415,1,6066.731493897699,0
249,20.038357861,1,6178.089914198538,0
250,20.047942308,1,6366.503090018657,0
251,20.050407912,1,6507.72608393579,0
252,20.034858886000002,1,6036.825500184624,0
253,20.03661771,1,6122.134442533426,0
254,20.038442094,1,6098.788117517879,0
255,20.048134403000002,1,6228.901998795087,0
256,20.050007737,1,5695.775825462531,0
257,20.049018714000002,1,6117.854749689055,0
258,20.049044196,1,6793.658948907805,0
259,20.051934167000002,1,5698.06103758551,0
260,20.038212969,1,6399.071896377488,0
261,20.037107507,1,6142.285574082712,0
262,20.050709145000003,1,6223.300807971859,0
263,20.037766566000002,1,6406.754518423508,0
264,20.035794176,1,6161.677557039024,0
265,20.039344195,1,6279.582142995958,0
266,20.039350691000003,1,6029.856535195118,0
267,20.051515050000003,1,6263.531580379353,0
268,20.038898080000003,1,5974.255439113029,0
269,20.03973465,1,6338.74022951648,0
270,20.051458504000003,1,6202.4570069574,0
271,20.041269631000002,1,6427.012277479788,0
272,20.05242488,1,5914.305766091418,0
273,20.038692821,1,6281.6990025458645,0
274,20.038604663,1,5850.071927957867,0
275,20.041012520000002,1,6078.912689968128,0
276,20.050788972000003,1,6067.663630091729,0
277,20.040529097,1,5783.1304804104475,0
278,20.040645797,1,6165.391638001399,0
279,20.051848921,1,6204.43552987018,0
280,20.052393473000002,1,6101.836250874534,0
281,20.038498774,1,5661.318070293066,0
282,20.052708729000003,1,6175.935262651586,0
283,20.052273137,1,6262.260652304882,0
284,20.050569810000002,1,5991.6497177199935,0
285,20.038896089,1,6081.642709305037,0
286,20.042167398,1,5980.077243178638,0
287,20.038437136000002,1,6224.10793930737,0
288,20.040282830000002,1,6363.313107314988,0
289,20.053692153,1,6183.58985103778,0
290,20.051700678,1,5879.766893073694,0
291,20.042538085,1,5890.8587774020525,0
292,20.081447949,1,5947.645682719216,0
293,20.052242282,1,5815.023648845616,0
294,20.043329937000003,1,6031.986048760105,0
295,20.052562570000003,1,6149.316680756375,0
296,20.054504157,1,5880.413904598103,0
297,20.042220742,1,6951.78074471393,0
298,20.055123097000003,1,6148.525193854944,0
299,20.040938545,1,5909.194625019434,0
300,20.043975579,1,6240.938644181437,0
301,20.05495672,1,5979.763818845227,0
302,20.054188675000002,1,6067.850513059701,0
303,20.044578772,1,6578.389522115983,0
304,20.04353465,1,5887.950450384795,0
305,20.056529383,1,5993.872393404074,0
306,20.043548992,1,6198.971067513992,0
307,20.055043046,1,7635.258507268346,0
308,20.054626495,1,5512.056281094528,0
309,20.042870277000002,1,5904.930678638059,0
310,20.056263653000002,1,6126.322360366138,0
311,20.044619706000002,1,6129.944423390858,0
312,20.0435237,1,5998.731632365516,0
313,20.045818055,1,5953.137017548974,0
314,20.057014964,1,7329.945970829446,0
315,20.058185429,1,5961.849866876555,0
316,20.058314862,1,7630.8831161574935,0
317,20.043883968000003,1,6046.031020434934,0
318,20.056295855000002,1,6052.846014070274,0
319,20.045638385,1,6359.295650652985,0
320,20.048116920000002,1,6138.217047088775,0
321,20.046451013000002,1,5759.882632734763,0
322,20.057844102,1,6491.094026935634,0
323,20.046740483,1,6208.980128653607,0
324,20.056217598,1,6225.532906755286,0
325,20.073486235,1,5903.59419698383,0
326,20.057699203000002,1,8766.057979147232,0
327,20.056807687000003,1,6100.6124771649565,0
328,20.059743131,1,6087.656167405162,0
329,20.059272315,1,6627.225691610308,0
330,20.046717065000003,1,6946.092678696362,0
331,20.045229412,1,6352.097469196984,0
332,20.04592762,1,5999.798157649254,0
333,20.048217263,1,5810.495350396455,0
334,20.058158069,1,5830.0653203708025,0
335,20.058047065,1,6156.104300275964,0
336,20.059716273000003,1,6071.522579971238,0
337,20.056852672,1,6372.528031230566,0
338,20.058606255,1,6305.634639303483,0
339,20.049419165,1,5890.103190104167,0
340,20.059585772000002,1,6081.88817144745,0
341,20.048841213000003,1,5850.05077639148,0
342,20.059752881,1,5868.0929580612565,0
343,20.058770797,1,6012.236767821051,0
344,20.046401095,1,6183.184514439521,0
345,20.058886802,1,5593.200440667755,0
346,20.060553823000003,1,5913.829189015858,0
347,20.060611648000002,1,5909.210190502566,0
348,7.663652525000001,1,4452.12581327364,1
349,20.059758462,1,5176.93697649448,0
350,20.050679797,1,6152.479742401275,0
351,20.060257491,1,6192.592739427861,0
352,20.059946471,1,5993.063153470926,0
353,20.049833380000003,1,6510.3387141441235,0
354,20.047908966,1,6247.655516363495,0
355,20.060709628,1,6343.9474939754355,0
356,20.048342426,1,6452.717596101524,0
357,20.05965408,1,6246.848436042444,0
358,20.059930755,1,6078.7521693291355,0
359,20.061687544,1,6317.565988417288,0
360,20.050568114,1,6068.281366604478,0
361,20.049627513,1,5533.196174887283,0
362,20.061864609,1,5504.698788770988,0
363,20.049390736000003,1,6259.022849619092,0
364,20.059750768,1,5875.154561664334,0
365,20.047142188000002,1,5278.78857664801,0
366,20.049837502000003,1,6624.131095013216,0
367,20.061002668,1,5956.252604166667,0
368,20.063322209000003,1,6271.9631942824935,0
369,20.062171361,1,6145.65481430737,0
370,20.063426961,1,5156.3650813316235,0
371,20.064607453,1,5727.307704640858,0
372,20.047821957,1,6191.286584654851,0
373,20.077344793,1,6731.978275128265,0
374,20.064058066,1,6007.734744247512,0
375,20.060517271000002,1,6608.364464299596,0
376,20.050777177,1,5786.395464085821,0
377,20.063843023,1,5869.624191056437,0
378,20.050565349000003,1,6157.0787857587065,0
379,20.06376575,1,6512.052853408738,0
380,20.064751362000003,1,6290.857159514925,0
381,20.061349738,1,6473.6553827541975,0
382,20.064791098,1,6428.223008492693,0
383,20.066177363,1,5930.282122104322,0
384,20.061972185000002,1,6271.772667424596,0
385,20.052793009000002,1,6406.1360458449935,0
386,20.052393437000003,1,6026.058469857742,0
387,20.086297995000002,1,5931.027533232276,0
388,20.066142715,1,6263.941187616604,0
389,20.049265525000003,1,6351.796168085354,0
390,20.064457884000003,1,6321.150225435324,0
391,20.063893370000002,1,6803.269958799751,0
392,20.066276184000003,1,6578.019635708178,0
393,20.064103728000003,1,7455.897132987407,0
394,20.064113159,1,6489.547217525653,0
395,20.065122803,1,6241.717928910137,0
396,20.052558177,1,6732.6116755091725,0
397,20.052556651,1,6782.373144045398,0
398,20.067379068,1,7065.429361979167,0
399,20.063064891,1,5799.468135397233,0
400,20.065876527,1,6581.328674012749,0
401,20.053511587000003,1,5871.024061819807,0
402,20.07561883,1,5939.869381121735,0
403,20.052823901,1,3236.5540710752875,0
404,7.063489931,1,4496.014833371404,1
405,8.363225688,1,5274.137703759329,1
406,20.067527333,1,6413.694710043533,0
407,20.067082321,1,6194.522497376399,0
408,20.06606963,1,5881.780096101524,0
409,20.068878949000002,1,5657.252553152208,0
410,13.267835352,1,7577.9893238956765,0
411,2.8678685130000003,1,10048.53369140625,0
412,3.355360981,1,11054.654569738052,0
413,19.154485587,1,9154.735173543295,0
414,10.568558257000001,1,7755.147617556014,0
415,20.066121357,1,6128.068935109608,0
416,20.068517296,1,6240.218550800684,0
417,20.066898310000003,1,6447.536944185324,0
418,20.068186195000003,1,6334.745000583022,0
419,20.069505873,1,6338.200484394434,0
420,20.058415816,1,6903.412894025964,0
421,20.057903452,1,6710.811722636816,0
422,20.069689523,1,7249.148568680037,0
423,20.073757049,1,7067.596519356343,0
424,20.07210729,1,6801.800606343284,0
425,20.070266691,1,6878.069539995336,0
426,20.079792161,1,6746.733168872434,0
427,20.058762830000003,1,10940.58160370025,0
428,20.059546037,1,10680.82470703125,0
429,20.070041386,1,11902.311610890858,0
430,20.069566075,1,9251.828717739429,0
431,20.059468085000002,1,7049.350304143346,0
432,20.05867632,1,9175.771537818719,0
433,20.072519494,1,11312.923298546331,0
434,20.057952677000003,1,8375.388132579292,0
435,20.058823702,1,6431.173325268191,0
436,20.059835408,1,12274.284325443097,0
437,20.057989762000002,1,8740.73686256219,0
438,20.070632133,1,8799.422936586598,0
439,20.051084038000003,1,7376.318517276897,0
440,15.681354135000001,1,5274.2351289008075,1
441,20.060181280000002,1,6723.252341806592,0
442,20.059639715000003,1,7085.9091553949,0
443,20.068907583,1,5237.867950287625,0
444,20.071591972,1,6496.879149175995,0
445,20.072645518,1,6606.237953299907,0
446,20.069881258000002,1,6127.370535020212,0
447,20.071617484,1,6101.949874650187,0
448,20.069746258000002,1,6546.999769220305,0
449,20.070743042,1,6145.295721101524,0
450,20.070919959,1,6785.6780501787935,0
451,20.069845446000002,1,6359.10886971393,0
452,20.072324090000002,1,6082.147159709266,0
453,20.072610904,1,6038.788982334421,0
454,20.070983628,1,6341.471059011583,0
455,6.072546369,1,7112.672955622438,0
456,20.0600501,1,6546.764276760728,0
457,9.173686226000001,1,6613.184814453125,0
458,20.060918746000002,1,6722.760829640858,0
459,20.075016836,1,6359.6275069962685,0
460,20.07014544,1,6037.696864797108,0
461,20.071815448000002,1,6450.510117867693,0
462,20.058525849000002,1,5833.718497356966,0
462,20.06516359,1,6299.080398787313,0
462,20.081355140000003,1,6422.818155317164,0
462,20.083525596,1,6896.5800902713,0
462,20.080716080000002,1,7114.638290481188,0
462,20.081159081000003,1,7166.047538187966,0
462,20.081662268000002,1,6788.650956642568,0
462,20.084426589,1,6613.547982742537,0
462,20.08369201,1,6274.1194564287935,0
462,20.081621729000002,1,6385.809463425062,0
462,20.111140905000003,1,6726.927085762593,0
462,20.066933644000002,1,7672.928062325093,0
462,20.081115381,1,7682.281446770056,0
462,20.107567517,1,6886.522922496891,0
462,20.078737132,1,7056.310141188588,0
462,20.084544957000002,1,6929.748309235075,0
462,20.079473595,1,6250.79198975824,0
462,20.083452001,1,6936.533499494714,0
462,20.071492679000002,1,6016.468949199316,0
462,20.085304195000003,1,5988.545553482587,0
462,20.079590346,1,6541.345754139459,0
462,20.113129584000003,1,6402.518311761505,0
462,20.080116166,1,6429.705670864428,0
462,20.079956641000003,1,6643.889913226834,0
462,20.069426694,1,6843.29684584888,0
462,20.112570624,1,6472.904121968284,0
462,20.112714789,1,6326.5328678871265,0
462,20.087165005000003,1,6955.468312733209,0
462,20.082957658,1,6363.316277499222,0
462,20.114872183000003,1,6506.224152674129,0
462,20.086711883,1,6794.840788732121,0
462,20.083527275,1,7277.511631296642,0
462,20.082950497000002,1,7197.318233053483,0
462,20.114940335,1,7076.397312752643,0
462,20.115049587,1,6707.8031133395525,0
462,20.115159672,1,6450.538304570896,0
462,20.086708568000002,1,6190.936256218905,0
462,20.087782463,1,5943.027125116604,0
462,20.084527115,1,5958.839299595771,0
462,20.114579445,1,5737.484469741138,0
462,20.087740074000003,1,5972.392038829291,0
462,20.086303639,1,6095.904537371735,0
462,20.086402297000003,1,6159.402768870491,0
462,20.087667800000002,1,5953.803004022854,0
462,20.118316714000002,1,5906.2923711520525,0
462,20.083155049000002,1,6368.289016344061,0
462,20.113162735,1,7089.047076628576,0
462,20.114925602,1,7460.343480352146,0
462,20.085535410000002,1,6911.495964999222,0
462,20.115496774,1,6657.870858111784,0
462,20.089513514,1,6701.912184682058,0
462,20.072384094,1,6502.071199179882,0
462,20.072402267,1,6686.958950365361,0
462,20.089784071,1,7013.210386057991,0
462,20.089462807,1,6986.261886368937,0
462,20.086367775000003,1,6967.048628925684,0
462,20.117446193000003,1,6630.984756393812,0
462,20.086834759000002,1,6768.570555425995,0
462,20.086057395,1,6981.225977048352,0
462,20.087386698,1,7299.626319088153,0
462,20.073405069,1,7287.676636349503,0
462,20.122529923000002,1,7645.138858928016,0
462,20.074537233,1,7657.169742109763,0
462,20.094164276,1,6841.063911400031,0
0,20.107143215,1,6489.220707865595,0
1,1.614378188,1,14639.490776909723,0
2,7.761284159000001,1,13205.041076660156,0
3,20.148066319,1,6364.294931356189,0
4,6.745436479,1,8745.237220982142,0
5,20.033715296,1,7146.742264093137,0
6,2.633371269,1,12936.235421316964,0
7,20.008320369,1,7060.732220818015,0
8,20.19793809,1,6257.0618078731795,0
9,2.6039115510000004,1,10193.015694754464,0
10,3.016875901,1,11727.987060546875,0
11,20.035249899,1,8372.296602136948,0
12,20.065540736000003,1,9580.175728592218,0
13,3.4102479760000004,1,9340.138590494791,0
14,20.066332115,1,6449.526156556372,0
15,20.134659271,1,6010.476131663603,0
16,20.113697724,1,6926.996108111213,0
17,11.164502982,1,8194.283494380483,0
18,8.750922886,1,10415.839246961805,0
19,7.98879093,1,7432.125011909298,0
20,11.586806571,1,8925.640840174789,0
21,20.194931985,1,6425.326396867341,0
22,20.121575946,1,6801.872395833333,0
23,6.803399078,1,8110.756277901785,0
24,20.13008494,1,6273.534452550552,0
25,3.0290329060000003,1,8736.95181274414,0
26,2.6179269730000003,1,9754.175188337054,0
27,20.108562770000002,1,6409.989798751531,0
28,3.036478684,1,9514.593566894531,0
29,5.811479085,1,9145.719205729167,0
30,3.230408681,1,9970.38591452206,0
31,19.505158242,1,9469.047585227272,0
32,20.117021802,1,6018.522480085784,0
33,1.622622124,1,13858.147894965277,0
34,3.8293120210000002,1,9363.630297851563,0
35,3.4291553670000003,1,8991.992892795139,0
36,2.2309534970000002,1,11284.749430338541,0
37,2.8366734730000003,1,9679.773404947917,0
38,5.221186098,1,9019.359338831018,0
39,20.10140268,1,6655.719851026348,0
40,9.608748456,1,7734.2699996014035,0
41,1.632094586,1,15749.640625,0
42,11.022611857000001,1,9923.006059919086,0
43,4.423840548,1,9146.974949048914,0
44,5.010337157,1,10971.013202373799,0
45,6.036773632,1,8752.446619833669,0
46,4.440179007,1,11774.752802309782,0
47,20.174097659,1,6614.713828890931,0
48,7.812189308000001,1,8746.70418701172,0
49,5.641161493,1,8257.665931438578,0
50,20.182450964,1,6823.832629633885,0
51,20.075535394000003,1,6997.508707682292,0
52,1.830957425,1,12626.43046875,0
53,3.232472785,1,10665.051384420956,0
54,7.643558183000001,1,8647.052453613282,0
55,6.481537138,1,9383.200812844669,0
56,2.5526581360000002,1,15993.959402901786,0
57,7.594512314,1,8751.697583007812,0
58,6.60367918,1,8786.479645647321,0
59,6.813848695000001,1,11992.417100694445,0
60,20.014281261,1,6205.116662016369,0
61,20.067490099,1,6046.45146484375,0
62,5.468375669,1,9841.03759765625,0
63,1.194810399,1,13877.20703125,0
64,5.243225504000001,1,7569.785103934152,0
65,3.711197229,1,12122.70986328125,0
66,18.881995845000002,1,7757.219361584596,0
67,10.088868621000001,1,8805.840580778302,0
68,5.475131625,1,13019.423457704741,0
69,19.751167745,1,9933.176492339198,0
70,20.189977986000002,1,6508.972172575177,0
71,3.515430508,1,9592.146124588815,0
72,2.9206855110000003,1,9757.723937988281,0
73,1.175977277,1,13697.270786830357,0
74,20.183667472,1,7018.78787864829,0
75,3.5055653660000003,1,9788.696520353618,0
76,16.114618804000003,1,8305.76746186756,0
77,1.172373252,1,13332.4375,0
78,8.129683921,1,9318.888490188954,0
79,20.153158585,1,6940.02521391369,0
80,3.4871765690000003,1,9611.616416529605,0
81,5.451831838,1,8831.025289601293,0
82,1.174969503,1,13430.189034598214,0
83,3.129513636,1,8940.012752757353,0
84,6.790825955000001,1,7536.859958224826,0
85,7.591034559000001,1,8628.224145507813,0
86,2.9347250710000004,1,10069.578369140625,0
87,2.539657431,1,9505.6455078125,0
88,4.872068932,1,11216.543719951924,0
89,6.592210092,1,8169.1285435267855,0
90,3.32022698,1,10211.213595920139,0
91,20.141440792,1,7201.398167782738,0
92,3.515966331,1,8859.187191611842,0
93,17.692130835,1,6678.976159137228,0
94,9.315685023,1,11310.304757254464,0
95,6.2379952890000006,1,9246.606593276516,0
96,11.871104335,1,9966.936413180443,0
97,3.689603178,1,9088.7158203125,0
98,11.145149059000001,1,8503.557709792565,0
99,20.026433539000003,1,8070.581988994892,0
100,20.033314876000002,1,6657.0153506324405,0
101,3.904839539,1,9653.937965029761,0
102,8.376439433,1,7391.4397749467325,0
103,5.413878923,1,7561.314537311422,0
104,6.066486884000001,1,9185.984100341797,0
105,10.542784565,1,10893.715589488636,0
106,5.651918555,1,8862.409375,0
107,2.956205857,1,8874.62826538086,0
108,2.5286893900000003,1,9787.347272600446,0
109,4.484591164,1,11936.518961588541,0
110,2.9297951120000003,1,11292.185028076172,0
111,20.168748544,1,6483.356017485119,0
112,1.1794205720000002,1,13746.700753348214,0
113,3.5203658040000003,1,11928.540475945723,0
114,6.046642023,1,9913.291702270508,0
115,20.06625713,1,6969.010361891526,0
116,6.454401315,1,8472.823170381434,0
117,3.691398501,1,8464.131323242187,0
118,8.949520265,1,9681.069211269947,0
119,1.1706915420000001,1,13606.953683035714,0
120,7.230510097000001,1,10151.323216488487,0
121,2.719161548,1,10075.554720052083,0
122,20.151294816,1,7007.077725074405,0
123,3.121458302,1,13049.662856158087,0
124,5.242869592,1,9559.106759207589,0
125,6.202275969,1,10641.197443181818,0
126,5.869722856,1,7943.557317918347,0
127,20.184072419,1,6442.9138485863095,0
128,3.703487806,1,9016.4482421875,0
129,2.741765056,1,5644.137790934245,1
130,20.188665307,1,6165.00603608631,0
131,20.154498847000003,1,7605.970159040178,0
132,2.745508161,1,9946.63291015625,0
133,4.502982361,1,10573.252563476562,0
134,7.201348026000001,1,7828.7345163445725,0
135,11.313618539,1,8292.604632878707,0
136,4.30341415,1,9719.29594089674,0
137,10.727193837000002,1,8789.297912597656,0
138,6.050609452000001,1,8023.593811035156,0
139,20.175336438000002,1,6938.066038876488,0
140,1.176909656,1,13691.800502232143,0
141,5.861851534,1,8286.61064295615,0
142,4.704979629,1,11115.4724609375,0
143,3.118913356,1,9394.952378216913,0
144,8.581750573,1,9228.783474392361,0
145,20.044322835000003,1,6332.878037672776,0
146,10.658140302000001,1,10209.900538853237,0
147,4.304036917,1,9725.653723675272,0
148,20.183828309000003,1,6635.7524925595235,0
149,14.017456025000001,1,11361.556406517551,0
150,1.37316137,1,14286.060668945312,0
151,11.303284587,1,7558.319683527542,0
152,3.3375812610000004,1,11256.695366753473,0
153,20.139567568,1,6571.749784029447,0
154,5.270405284000001,1,12127.247297014508,0
155,20.152766888000002,1,6778.686588541666,0
156,2.9517476250000003,1,9181.75619506836,0
157,1.373476146,1,14475.241088867188,0
158,1.759026476,1,15250.49794921875,0
159,12.294513569000001,1,7929.032585144043,0
160,3.1188443290000003,1,11205.048943014706,0
161,1.9519675740000002,1,12981.7138671875,0
162,2.53596548,1,12675.03676060268,0
163,11.063521986000001,1,8882.391921470906,0
164,20.033334215,1,7042.7014723557695,0
165,4.879114965,1,10185.450514573316,0
166,6.056550129000001,1,8848.85530090332,0
167,3.8770350170000003,1,11669.164271763393,0
168,8.011553300000001,1,8459.838739304316,0
169,2.342007137,1,13628.180739182691,0
170,3.1379456550000002,1,9786.896714154413,0
171,3.319513884,1,9928.483317057291,0
172,8.599172118,1,7254.615342881944,0
173,6.273927792,1,10192.30829782197,0
174,1.9629349130000002,1,15579.369850852272,0
175,15.199551702,1,8304.142164013054,0
176,3.9144728360000003,1,8907.269926525298,0
177,20.171860488,1,7438.733905498798,0
178,7.020931691,1,10794.62156883446,0
179,6.4035395820000005,1,9091.1064453125,0
180,15.603367154,1,8608.534758391204,0
181,15.783145568,1,8820.750768149772,0
182,20.18789568,1,6600.584593563988,0
183,8.589197509,1,8184.584548611111,0
184,2.5558952020000003,1,12221.970005580357,0
185,5.869378989,1,7947.467552923387,0
186,20.067518799000002,1,6167.226496769832,0
187,20.180453533,1,7561.777385602679,0
188,20.028013229000003,1,6513.688772348257,0
189,10.351692069,1,9635.128110532407,0
190,20.157655843,1,6639.121823846726,0
191,11.07757609,1,8237.729323814656,0
192,3.7033247140000003,1,9308.4853515625,0
193,20.196813154,1,6194.482300967262,0
194,13.634621200000002,1,8834.078386333627,0
195,20.060235457,1,7836.42001577524,0
196,6.992685812,1,8653.515902132602,0
197,3.3218596020000004,1,9645.165011935764,0
198,14.651227986,1,9849.701441714638,0
199,20.157885546000003,1,7150.068001302084,0
200,9.563283585,1,12041.703447265625,0
201,20.007401381,1,6472.7772216796875,0
202,20.154807708,1,7300.346865699405,0
203,20.210423076,1,6337.188127790178,0
204,15.681589255,1,8803.792534060594,0
205,20.026531922,1,7668.5715895432695,0
206,9.17120959,1,8979.034596761068,0
207,3.7301464760000003,1,8921.009521484375,0
208,1.368083294,1,12760.0751953125,0
209,15.947894645000002,1,8173.558146649097,0
210,1.553572922,1,12805.063802083334,0
211,10.526613898,1,8510.753409090908,0
212,20.199832848,1,8782.76083984375,0
213,9.340297936,1,8974.789471061862,0
214,3.1151660170000004,1,8388.899701286764,0
215,18.021671013000002,1,9072.355027219082,0
216,4.265567976000001,1,10407.98189113451,0
217,11.537081065,1,6880.677400716146,0
218,20.032115515,1,6541.304847130408,0
219,5.050220694,1,9882.10691550926,0
220,12.062482335,1,12367.10679408482,0
221,20.142460679000003,1,8893.390355282738,0
222,4.281773782,1,9199.083368716032,0
223,20.157249416000003,1,6539.4485305059525,0
224,2.9397321790000004,1,9679.347869873047,0
225,2.7382425660000003,1,9129.330729166666,0
226,1.764069169,1,14524.45439453125,0
227,15.459470170000001,1,9369.479287229939,0
228,6.010207530000001,1,10664.656616210938,0
229,2.918242271,1,14156.136352539062,0
230,4.6643577480000005,1,9929.53947265625,0
231,1.756307274,1,14437.89208984375,0
232,1.568409707,1,15267.867404513889,0
233,4.076136484,1,9942.769309303978,0
0,20.070678443000002,1,6330.092561541863,0
0,16.143377612000002,1,6240.022334558824,0
