7,10.076492925,1,112.97135185472894,0
8,10.060709083,1,225.92097745622908,0
10,10.378874511000001,1,717.2328295026507,0
15,10.363646142,1,422.1536166851337,0
33,10.391498912000001,1,338.65232312237777,0
34,10.102864294,1,428.9576650766226,0
37,10.288172427000001,1,365.2207638549805,0
42,7.610477203,0,958.3182696174173,0
43,4.277767303,0,1002.2453384399414,0
47,10.100505359000001,1,830.6162584478205,1
48,4.844856169000001,0,1302.2983259721236,0
54,9.187754119000001,1,1263.7540451049804,1
58,9.25787771,0,366.1032287597656,0
61,10.157468828,1,449.920506217263,0
65,10.458467709,1,639.4994735717773,0
70,10.031375993000001,1,1879.2407612047698,1
72,3.9026436330000003,1,710.8685054779053,1
75,6.791469248,1,675.5659115131085,1
1,10.007766329,1,88.48025176104377,0
2,3.316346031,1,88.83563546573414,1
4,3.4189067100000003,1,88.75859069824219,1
5,3.5188183590000004,1,88.74523607889812,1
7,3.219089572,1,88.9830639001095,1
8,3.115778327,1,89.063796043396,1
9,3.317834701,1,88.84384312349208,1
11,3.10724947,1,88.96154475212097,1
12,3.3177873800000004,1,88.86431009629193,1
13,3.21835744,1,88.98017420913234,1
14,3.519087948,1,88.77799797058105,1
15,3.314058998,1,88.88919224458583,1
17,3.4189365620000003,1,88.8477515084403,1
0,5.711481344,1,88.12405990341962,1
1,8.208296107,1,88.16014733371965,1
2,10.006257153,1,88.09855961563564,0
3,7.213940351000001,1,88.18716336603035,1
4,8.199046532,1,88.16069573092173,1
5,10.008705161,1,88.09649839495668,0
6,5.102717333,1,88.33543572059044,1
7,10.003081758,1,88.1201436259959,0
8,10.029501246,1,88.12122895545566,0
9,10.276696152000001,1,88.07284593582153,0
10,10.345673313,1,88.080808577999,0
0,5.403334641000001,1,440.55493709019254,1
1,5.418359294,1,440.4889365456321,1
2,5.601764886000001,1,440.4423265959087,1
3,9.01223522,1,440.2800738994892,1
4,10.101357923,1,440.2480821796492,0
5,3.196368263,1,441.0387221827651,1
6,4.3968680760000005,1,440.6431138780382,1
7,5.193107455000001,1,440.547119140625,1
8,6.201589751,1,440.38357689267116,1
9,6.017234672000001,1,440.2706654866536,1
10,3.00771356,1,441.32688191731773,1
11,4.254284692000001,1,440.65962777486664,1
12,5.1221336090000005,1,440.49921368538065,1
0,3.4054413290000003,1,439.44060770670575,1
1,10.006030863000001,1,440.1723170516515,0
2,2.30207483,1,440.26742935180664,1
3,3.1169758630000004,1,440.1888189315796,1
4,2.8158352530000004,1,440.21976023706895,1
5,2.60047525,1,440.23202740704573,1
6,2.401047556,1,440.2603271484375,1
7,8.300989246,1,440.1654968261719,1
8,2.4977421470000003,1,440.25914001464844,1
9,3.007367202,1,440.19975133096017,1
10,8.009205696,1,440.16013025354454,1
11,2.6013579520000003,1,440.2407893428096,1
12,5.501858577,1,440.16102763584684,1
13,2.7893080180000003,1,440.23729160853793,1
14,5.443570405,1,440.1541934543186,1
15,5.408709065,1,440.15864328237683,1
16,10.067721012,1,440.16955135179603,0
17,7.913803592000001,1,440.180436706543,1
18,10.094755014,1,440.1714742909307,0
19,5.832598596,0,440.1859069824219,1
20,6.254260444000001,1,440.1857967376709,1
21,6.647948106,0,440.185500201057,1
22,7.05395633,1,440.1798350016276,1
23,6.625750363000001,1,440.18115952435664,1
24,6.238577103000001,1,440.18524169921875,1
25,7.064242220000001,1,440.1821746826172,1
26,6.609699600000001,1,440.1849060058594,1
27,7.863205304,1,440.1832611083984,1
28,6.609989318,1,440.18517168830425,1
29,7.886204631000001,1,440.1810806274414,1
30,6.640726433,1,440.18185065774355,1
31,6.614528509,1,440.18422205307905,1
32,6.715564304000001,1,440.1851914349724,1
33,7.182384934000001,1,440.1820237901476,1
34,7.043053813,1,440.18226453993054,1
35,7.044879962,1,440.1795603434245,1
36,7.005690117,1,440.1836123996311,1
37,7.436182905000001,1,440.18258506373354,1
38,6.594826718,1,440.18316111845127,1
39,7.425326514000001,1,440.17918958162005,1
40,7.014746183000001,1,440.1840582953559,1
41,6.643143565000001,1,440.18287389418657,1
42,6.998636224,1,440.18303765190973,1
43,6.657395084,1,440.1828415814568,1
0,3.2093694630000003,1,440.2015219295726,1
1,2.023546146,1,440.3143005371094,1
2,2.207734379,1,440.2781345533288,1
3,3.1208065730000003,1,440.21792125701904,1
4,2.299369944,1,440.2631200154622,1
5,2.120329167,1,440.2792413884943,1
6,2.419706403,1,440.2519836425781,1
7,10.014728196,1,440.17105344262455,0
8,2.5012835200000003,1,440.2541949932392,1
9,2.612512825,1,440.22394703052663,1
10,2.501183422,1,440.24749873234674,1
11,5.899038335,1,440.1533467610677,1
12,2.498645723,1,440.23987755408655,1
13,2.6961021730000003,1,440.21483939034596,1
14,7.305563949000001,1,440.16214979017104,1
15,2.802981892,1,440.21428391029093,1
16,3.5115295310000003,1,440.1920810275608,1
0,1.3054837730000002,0,454.82826131184896,1
1,2.114271499,1,470.2085238370028,1
2,1.708588814,1,367.8136168403758,0
3,1.0061887790000001,0,301.1421619762074,1
4,0.9195461130000001,1,292.07515593767164,0
5,1.015734347,0,289.3772163607857,1
6,0.7204957000000001,1,220.76822912693024,0
7,1.0178248970000001,0,431.09745372425425,1
8,1.020009227,1,333.65502825650304,1
9,1.004376053,0,363.11951238458806,1
10,0.518650289,1,291.8052164713542,0
11,1.916540093,1,426.5304702758789,1
12,1.114983273,0,358.4025484720866,1
13,0.5195291550000001,1,287.1324332555135,0
14,3.4057310270000003,1,449.3465488978795,1
15,1.013016096,0,299.98230825178325,1
17,3.7145346320000003,1,389.49317272987804,0
18,2.102569844,1,414.4214491410689,1
19,2.802471444,1,419.1278539197198,1
20,7.015290209000001,1,448.97696932940414,1
21,3.6975582630000003,1,440.4356320029811,1
22,1.293646623,0,416.3006395612444,1
24,1.4118748360000002,1,460.42188517252606,1
25,0.991416476,0,411.3123779296875,1
27,5.708271884,1,430.83213806152344,1
28,1.289038906,0,409.9096897670201,1
29,1.405403517,1,423.14679565429685,1
30,1.100705995,0,397.50025685628253,1
32,2.03706902,1,440.01326061430433,1
33,1.228950819,0,405.65723712627704,1
34,1.117237088,1,426.1694030761719,1
35,1.130651738,0,407.3845952351888,1
36,1.120120798,1,382.07494354248047,1
37,2.020226462,1,420.2556660970052,1
38,1.585630947,0,464.7219181060791,1
39,1.273842002,1,425.5461895282452,1
40,2.71298591,1,443.5898121021412,1
41,1.266181476,0,396.8607999361478,1
42,1.466691376,1,415.1632548014323,1
43,1.116568097,0,438.6090004660866,1
44,1.5385937580000002,1,424.0952128092448,1
45,1.164967034,0,376.9680236816406,1
46,1.1650927130000002,0,377.14174499511716,1
47,1.7380299840000002,1,372.91617717061723,0
48,1.1739717440000002,0,377.72937927246096,1
49,1.16759323,0,377.15943603515626,1
50,1.4635299810000002,0,438.92762756347656,1
51,1.4610462240000002,1,385.31441497802734,1
52,1.791500848,0,435.32430594308033,1
53,1.7820343820000002,0,439.1964111328125,1
54,1.20042282,0,418.61448974609374,1
55,1.20455478,1,437.77855224609374,1
56,1.796034815,1,408.6390827723912,0
57,1.8643383100000002,0,436.38079833984375,1
58,2.158387984,0,402.2451286315918,1
59,2.163015843,1,331.05523347854614,0
60,2.417402644,0,411.43828667534723,1
61,2.708040403,0,376.2423690795898,1
62,1.2099464500000001,1,435.58635864257815,1
63,0.9997344610000001,1,441.20594787597656,0
64,1.3023739460000001,0,389.7374725341797,1
65,1.3115275940000002,0,387.67405395507814,1
66,1.30691986,0,366.90789489746095,1
67,1.3169677530000001,1,384.60048217773436,1
68,2.6774965980000003,1,491.79102918836804,1
69,1.6602353230000002,0,428.8606669108073,1
70,1.6626284660000001,1,403.1871744791667,1
71,0.668069251,0,479.66575113932294,0
73,2.322756903,1,460.921199798584,1
74,2.991195621,1,495.26088256835936,1
75,1.661529483,0,444.8770446777344,0
76,0.997143353,0,466.3546600341797,0
77,1.661193068,0,388.1684977213542,1
78,2.648704484,1,420.7950032552083,1
79,0.6632404550000001,0,478.4936116536458,0
80,1.9860427390000002,1,518.5059770856585,1
81,2.657013514,1,460.50950792100696,1
82,2.687825026,0,429.12247467041016,0
83,1.329860819,1,441.7133361816406,1
84,3.28649119,1,488.1444840864702,1
85,2.6825304830000003,0,444.3389146592882,0
86,3.637753566,1,415.546630859375,1
87,3.352229458,0,437.43013139204544,1
88,2.001256374,0,411.7178475516183,1
89,0.679959968,0,482.73468017578125,0
90,1.0280600990000002,0,442.71087646484375,0
91,1.362262829,1,389.1117828369141,1
92,1.0843482150000001,0,399.14563751220703,0
93,2.147996187,0,392.5023716517857,0
95,1.0743304390000001,0,400.10157775878906,0
96,1.078241497,0,407.5639343261719,1
97,1.4242041710000002,0,342.2888519287109,1
98,1.4269173670000002,0,341.3843292236328,1
99,1.4451547580000002,0,324.38943319916723,0
101,1.430192751,0,338.1035583496094,1
102,3.2404992100000003,1,421.2513122558594,1
103,2.2320260160000003,0,444.4917210170201,0
104,2.217975333,0,446.73109654017856,1
105,2.976488734,0,450.1092766655816,1
106,1.124975032,0,509.8622589111328,0
107,0.755364341,0,766.9486490885416,0
108,1.488578186,1,456.6259338378906,1
109,1.1188937490000002,1,430.42969512939453,1
110,0.749698768,0,492.7602945963542,0
111,1.860907636,0,406.94093831380206,1
112,2.244334922,0,404.3048400878906,0
113,1.129203675,0,401.78688049316406,1
115,1.86592701,0,407.43993886311847,1
116,1.880304224,1,438.5698750813802,1
117,1.5879475,0,417.43541259765624,1
118,1.9614896060000002,0,410.56519826253253,0
119,1.191224521,0,437.93072509765625,1
120,1.568285573,1,479.1031799316406,1
121,2.347828442,0,438.6055167061942,0
122,1.570920354,0,489.4502227783203,0
123,2.3616571520000003,0,363.0344486236572,0
124,1.956297109,1,465.3004099527995,1
125,1.1809099200000002,0,435.4890899658203,1
126,1.962236231,0,406.54704602559406,0
127,2.369078957,1,437.3089076450893,1
128,1.8893391030000002,0,439.9991760253906,1
129,2.255988285,0,451.36230032784596,1
130,1.5211501870000002,0,398.7096313476562,0
133,2.2688044520000004,0,383.6851261683873,0
134,1.547344314,0,459.2538818359375,0
135,1.5334461400000001,0,405.26649169921876,0
136,1.538692079,0,393.20693359375,0
137,2.251525323,1,445.0662318638393,1
138,1.897754074,0,434.2226969401042,1
139,2.630036957,0,400.1212959289551,0
141,1.141931615,1,390.59358978271484,1
142,1.231065686,0,394.55311584472656,1
143,2.028782847,0,439.6678466796875,0
144,1.2285497380000001,0,399.48946380615234,1
145,0.8224015480000001,0,411.0103352864583,0
146,1.23419078,0,440.016357421875,0
147,2.4778659960000002,1,442.9116995675223,1
148,1.651578328,0,397.09202880859374,0
149,1.644287966,1,384.4439422607422,1
150,1.2398242700000002,0,439.95223236083984,1
151,1.642256431,0,448.84171905517576,0
152,1.2338732780000001,0,523.574836730957,0
153,1.237252395,0,520.2788009643555,0
154,1.236969366,0,436.7013931274414,1
155,1.233696598,1,425.3966522216797,1
156,0.8190506970000001,0,512.7141723632812,0
157,1.205011281,0,370.89398193359375,1
0,10.005419249000001,1,428.4076996597589,0
1,2.405407122,1,424.0685107421875,0
2,2.5182877240000003,1,430.2059829418476,0
3,2.418055012,1,428.96214385986326,0
4,3.0036725900000003,1,438.3036291060909,0
5,3.5130252140000002,1,403.36290582021076,0
6,2.700320225,1,426.82188974108016,0
7,2.8109091040000003,1,427.2759935444799,0
8,4.210524202,1,420.28839785553686,0
9,4.800503129,1,407.8295891820168,0
10,4.697317944,1,402.3130618731181,0
11,3.595185578,1,445.95001096983214,0
12,5.694431478,1,434.52519916665966,0
13,3.5021855000000004,1,430.6376271777683,0
14,6.18002844,1,430.58195920144357,0
15,5.719422805000001,1,425.96580699573866,0
16,5.1272087740000005,1,428.056257267793,0
17,5.805534066000001,1,407.02007434481663,0
18,1.5502501370000001,1,390.52735392252606,0
19,3.958224849,1,458.3568878173828,0
20,0.6470941290000001,1,475.4483642578125,0
21,2.5510039350000002,1,384.024181260003,0
22,1.93592906,1,463.1404070172991,0
23,1.3421208580000001,1,466.2552490234375,0
24,9.632068832,1,454.32613643523183,0
25,1.041431754,1,485.83321380615234,0
26,4.377170517000001,1,463.99804033551897,0
27,5.270276494,1,441.01268577575684,0
28,9.431776308,1,421.1291773659842,1
29,10.128537688,1,436.23727634974887,0
30,1.905027666,1,442.5582987467448,0
31,1.5461231560000002,1,506.2681945800781,0
32,2.398478362,1,470.9084690638951,0
33,4.8839327720000005,1,415.7761344228472,0
34,2.955135804,1,448.72093370225696,0
35,1.165955416,1,412.21888732910156,0
36,0.809164465,1,504.12546793619794,0
37,0.8179927210000001,1,508.3690999348958,0
38,2.2269470300000003,1,473.3807373046875,0
39,3.8365027290000002,1,445.6696707985618,0
40,0.8349300110000001,1,512.7141723632812,0
41,2.0103146140000003,1,379.9042612711589,0
42,1.255306947,1,401.2483444213867,0
43,1.7508836810000001,1,490.25828857421874,0
44,2.0948433260000003,1,382.78554280598956,0
45,2.026411515,1,465.1294301350911,0
46,2.435450516,1,375.40492248535156,0
47,3.0107908990000003,1,444.2908420562744,0
48,5.082005885,1,454.9152104304387,0
49,1.3271912940000001,1,365.42371368408203,0
50,4.589625927,1,430.4568862915039,0
51,0.855705326,1,512.714111328125,0
52,1.260479362,1,394.42639923095703,0
53,9.032941669000001,1,461.6815742824389,0
54,1.8118907850000001,1,400.9115295410156,0
55,0.8456530280000001,1,512.714111328125,0
56,3.13767109,1,390.5450222492218,0
57,3.7703286910000005,1,476.8496490478516,0
58,1.760850556,1,445.4916076660156,0
59,4.967448751,1,425.92259724934894,0
60,2.7020695200000002,1,494.16947283063615,0
61,2.1757282780000002,1,414.77943420410156,0
62,0.9300835470000001,1,536.1939086914062,0
63,1.8396390360000001,1,438.7836181640625,0
64,2.5895933,1,489.4667227608817,0
65,1.767767891,1,381.1007019042969,0
66,1.42594895,1,536.3966522216797,0
67,2.7496866950000003,1,436.76327432904924,0
68,3.5969706120000002,1,427.4863586425781,0
69,1.882166959,1,399.4827606201172,0
70,1.9717570290000002,1,427.6564136505127,0
71,0.9628653920000001,1,427.77513631184894,0
72,5.139827277,1,440.5261993408203,0
73,3.0930419280000003,1,466.555233001709,0
74,0.951298437,1,439.6083577473958,0
75,2.538777109,1,409.85093275705975,0
76,1.002365149,1,426.2295837402344,0
77,1.789787052,1,383.5975036621094,0
78,1.8345888060000002,1,434.2316650390625,0
79,2.327819764,1,447.690912882487,0
80,0.9929219690000001,1,551.0216471354166,0
81,1.4386251680000002,1,448.5871925354004,0
82,3.8757551130000003,1,467.1164891984728,0
83,1.145924697,1,582.5111694335938,0
84,1.1327046280000002,1,434.73695882161456,0
85,1.124968109,1,416.4367370605469,0
86,1.6136441240000001,1,330.94499111175537,0
87,2.1200873700000002,1,345.57013549804685,0
88,2.1217148310000002,1,268.29308161735537,0
89,1.651078389,1,423.7751159667969,0
90,1.6977118580000001,1,480.1592483520508,0
91,4.628492221,1,445.21597629123266,0
92,3.958998841,1,520.8080520629883,0
93,0.603153161,1,440.1726379394531,0
94,1.7107418220000001,1,374.4073944091797,0
95,0.610535318,1,440.1726379394531,0
96,6.679333906,1,470.1827734433688,0
97,0.62252531,1,440.1727294921875,0
98,1.717457094,1,376.8758735656738,0
99,1.7410985540000001,1,437.7549819946289,0
100,5.668759798,1,436.33932217684657,0
101,2.825306282,1,519.4857838948568,0
102,1.1890333720000001,1,440.2317606608073,0
103,1.7553490930000002,1,390.7814254760742,0
104,1.769788087,1,440.26670837402344,0
105,1.747241408,1,441.3581008911133,0
106,1.2052794100000002,1,408.6510314941406,0
107,1.225211207,1,440.1660970052083,0
108,9.484543411,0,440.62296888563367,1
109,1.691779192,1,321.25296783447266,0
110,1.731441164,1,439.94422912597656,0
111,3.85988545,1,368.8293209075928,0
112,4.038314291,1,452.2159194946289,0
113,1.8422772180000002,1,463.3747444152832,0
114,1.818074871,1,468.7829055786133,0
115,0.613101197,1,440.1726379394531,0
116,2.344140908,1,538.6008392333985,0
117,0.5911975300000001,1,440.1726379394531,0
118,7.010058293,1,436.2689021183894,0
119,0.6349855990000001,1,440.1726379394531,0
120,4.0851543900000005,1,460.02669525146484,0
121,0.648646791,1,440.1726379394531,0
122,3.1866475370000003,1,437.6260172526042,0
123,1.179418029,1,479.70863850911456,0
124,2.9390952290000003,1,290.7923321723938,0
125,1.18418756,1,545.1957600911459,0
126,1.840645883,1,590.2055053710938,0
127,1.224588672,1,440.34397379557294,0
128,0.607248172,1,440.1726379394531,0
129,1.1732599650000002,1,440.1106262207031,0
130,2.292901713,1,513.0119995117187,0
131,6.609238249000001,1,345.32719121916364,0
132,0.624560281,1,440.1726379394531,0
133,2.366966272,1,352.84903824329376,0
134,6.829858145,1,439.6026658278245,0
135,4.863358539,1,459.7095438639323,0
136,2.011689452,1,330.2155464813113,0
137,2.644648535,1,440.2695251464844,0
138,1.825602721,1,438.68257904052734,0
139,3.8478839000000002,1,444.8202209472656,0
140,5.660176425,1,376.1874942779541,0
141,3.1694772770000004,1,490.7880045572917,0
142,1.437228238,1,457.0975036621094,0
143,4.607939204,1,467.6029052734375,0
144,0.6860789190000001,1,440.1726379394531,0
145,3.35796945,1,455.5790506998698,0
146,0.6801214080000001,1,440.1726379394531,0
147,2.8126307720000003,1,469.9273620605469,0
148,5.430516237,1,430.0350172254774,0
149,0.6955865290000001,1,440.1726379394531,0
150,3.2226199330000003,1,440.46885172526044,0
151,10.596216101000001,1,443.8637237548828,0
152,0.7318641840000001,1,440.1726379394531,0
153,1.4959338500000001,1,440.03566487630206,0
154,8.658644715000001,1,421.7665476117815,0
155,5.823979144,1,385.82468700408936,0
156,0.748876961,1,440.1726379394531,0
157,9.283835764,1,445.0095890590123,0
158,2.740353555,1,398.4806854248047,0
159,5.754497813,1,465.31892564561633,0
160,2.988678005,1,395.8945037841797,0
161,0.7472051470000001,1,440.1726379394531,0
162,5.042497126000001,1,420.5607144385576,0
163,1.487177776,1,440.12738037109375,0
164,0.7851830740000001,1,440.1726379394531,0
165,0.808689344,1,440.1726379394531,0
166,0.7746467850000001,1,440.1726379394531,0
167,5.002367561000001,1,462.3223571777344,0
168,1.450668961,1,377.0020345052083,0
169,2.8338041,1,387.254345703125,0
170,0.88126952,1,440.1726379394531,0
171,4.917555065,1,436.6977015904018,0
172,1.5576822860000001,1,440.02447509765625,0
173,0.8320811600000001,1,440.1726379394531,0
174,1.57527258,1,440.0758870442708,0
175,1.6026655760000001,1,511.7967936197917,0
176,0.8415234580000001,1,440.1726379394531,0
177,5.261610464,1,427.0758628845215,0
178,4.434810880000001,1,474.9472002301897,0
179,3.68819249,1,331.4854421913624,0
180,4.900823025,1,440.3304138183594,0
181,0.8587988350000001,1,440.1726379394531,0
182,1.7520698840000002,1,452.1074727376302,0
183,5.461990622,1,389.98093032836914,0
184,5.4544388,1,447.6272773742676,0
185,1.5788074760000002,1,418.15797932942706,0
186,0.792681917,1,440.1726379394531,0
187,0.826655357,1,440.1726379394531,0
188,0.8144992590000001,1,440.1726379394531,0
189,1.537459624,1,374.7145284016927,0
190,2.658619267,1,443.9850158691406,0
191,0.872461464,1,440.1726379394531,0
192,0.891950511,1,440.1726379394531,0
193,0.876511192,1,440.1726379394531,0
194,1.72742922,1,403.3586934407552,0
195,3.886379842,1,479.5004374186198,0
196,1.541559037,1,371.9127502441406,0
197,1.740899315,1,440.1602071126302,0
198,4.587676592,1,416.86875697544644,0
199,0.836484556,1,440.1726379394531,0
200,0.864999951,1,440.1726379394531,0
201,1.670286318,1,440.09974161783856,0
202,1.692026778,1,440.15789794921875,0
203,0.866265809,1,440.1726379394531,0
204,0.830765658,1,440.1726379394531,0
205,5.531301866000001,1,442.78732681274414,0
206,7.6014370950000005,0,440.33277893066406,1
207,6.160930732000001,1,439.1619453430176,0
208,0.926940834,1,440.1726379394531,0
209,0.8889559340000001,1,440.1726379394531,0
210,1.6698334680000002,1,440.1208801269531,0
211,3.8995393880000004,1,514.7900950113932,0
212,0.904139177,1,440.1726379394531,0
213,0.9597322100000001,1,440.1726379394531,0
214,0.9787894640000001,1,440.1726379394531,0
215,2.009341914,1,440.1727600097656,0
216,2.09560569,1,440.1774495442708,0
217,1.0199980050000002,1,440.1726379394531,0
218,4.117084588,1,336.2434075673421,0
219,1.0179340620000001,1,440.1726379394531,0
220,0.9591075560000001,1,440.1726379394531,0
221,0.9691757660000001,1,440.1726379394531,0
222,0.950690252,1,440.1726379394531,0
223,9.304195089,1,445.4124450683594,0
224,2.680084254,1,333.826500415802,0
225,0.964383736,1,440.1726379394531,0
226,4.46018762,1,440.2247263590495,0
227,1.022238291,1,440.1726379394531,0
228,4.853580207,1,446.76881408691406,0
229,0.9618771760000001,1,440.1726379394531,0
230,0.9560224850000001,1,440.1726379394531,0
231,2.7991180740000003,1,352.7404327392578,0
232,0.925011538,1,440.1726379394531,0
233,3.4775458400000003,1,547.9566955566406,0
234,3.502589039,1,389.58631591796876,0
235,2.7271166780000002,1,437.7675247192383,0
236,0.9265433890000001,1,440.1726379394531,0
237,3.500101631,1,444.0009704589844,0
238,0.9518149610000001,1,440.1726379394531,0
239,3.851278853,1,504.8805908203125,0
240,1.053186951,1,440.1726379394531,0
241,2.949858105,1,416.6667022705078,0
242,0.949193429,1,440.1726379394531,0
243,0.951688262,1,440.1726379394531,0
244,0.88770002,1,440.1726379394531,0
245,0.929926557,1,440.1726379394531,0
246,0.985609613,1,440.1726379394531,0
247,0.9404300400000001,1,440.1726379394531,0
248,1.7769960230000001,1,440.1376953125,0
249,2.76081073,1,351.63761711120605,0
250,2.760259681,1,440.1493148803711,0
251,2.775951919,1,330.81399017572403,0
252,3.6683134140000004,1,440.0027709960938,0
253,0.9143414790000001,1,440.1726379394531,0
254,7.746279895000001,1,471.1078475952148,0
255,2.7639930390000003,1,440.39527130126953,0
256,4.464436075,1,445.1405385335286,0
257,1.0408219520000002,1,440.1726379394531,0
258,2.9991908040000004,1,516.8971786499023,0
259,6.425228837000001,1,469.07757568359375,0
260,0.9689428680000001,1,440.1726379394531,0
261,5.715000875,1,425.74062892368863,0
262,3.178472391,1,440.1549530029297,0
263,3.0522290880000003,1,398.96641540527344,0
264,0.9995104050000001,1,440.1726379394531,0
265,2.025358138,1,474.69435628255206,0
266,1.0186002680000001,1,440.1726379394531,0
267,1.0356061,1,440.1726379394531,0
268,6.909751853,1,386.99555015563965,0
269,2.8512822530000004,1,470.3746109008789,0
270,2.055804754,1,440.152587890625,0
271,1.021941357,1,440.1726379394531,0
272,5.786529752000001,1,441.8282557896205,0
273,3.0193242230000004,1,440.1728210449219,0
274,1.096244582,1,440.1726379394531,0
275,2.109195712,1,440.15203857421875,0
276,10.576769669,1,448.6582974520597,0
277,1.0022863770000001,1,440.1726379394531,0
278,1.042598643,1,440.1726379394531,0
279,3.071014007,1,442.50260162353516,0
280,3.1754418130000004,1,492.6608581542969,0
281,1.030058081,1,440.1726379394531,0
282,1.05868067,1,440.1726379394531,0
283,0.9988049520000001,1,440.1726379394531,0
284,1.0101593640000002,1,440.1726379394531,0
285,1.037654334,1,440.1726379394531,0
286,1.069161819,1,440.1726379394531,0
287,2.9689882520000004,1,373.2911567687988,0
288,1.064210247,1,440.1726379394531,0
289,1.111101455,1,440.1726379394531,0
290,8.640337244000001,1,446.57361857096356,0
291,1.059385333,1,440.1726379394531,0
292,1.051278383,1,440.1726379394531,0
293,2.098672031,1,440.0281066894531,0
294,2.014240891,1,439.8439025878906,0
295,9.004419780000001,1,488.47132110595703,0
296,12.433950387000001,1,440.16314086914065,0
297,6.138422698,1,440.17066446940106,0
298,8.935567598,1,440.15291595458984,0
299,11.353171615,0,440.17149047851564,1
300,11.202890770000002,1,440.17286682128906,0
301,11.362494511000001,1,440.1728210449219,0
302,10.635828797,1,440.1733703613281,0
303,7.397480971,1,440.1727600097656,0
304,11.596264541,0,440.1715087890625,1
305,11.547348721,1,440.14031982421875,0
306,8.692168265000001,1,502.16387939453125,0
307,12.177425168000001,1,352.28198113441465,0
308,8.753596168000001,0,440.17737579345703,1
309,11.285987021,1,440.177734375,0
310,9.441402627,0,440.177001953125,1
311,9.475019190000001,0,440.17530059814453,1
312,10.237897981000001,1,440.17321014404297,0
313,3.835048489,1,440.1726379394531,0
314,9.4417322,1,440.1729202270508,0
315,7.452335273,1,440.1727600097656,0
316,9.456110999,1,440.1724853515625,0
317,7.356907065000001,1,440.17287190755206,0
318,9.909363902,1,440.1725616455078,0
319,11.533997057,1,440.17285919189453,0
320,3.885880181,1,440.1726379394531,0
321,3.924403974,1,440.1726379394531,0
322,12.072478678000001,1,440.1761779785156,0
323,8.322816464,1,440.1727600097656,0
324,10.065509504000001,1,440.17371368408203,0
325,10.688873956,1,440.17688751220703,0
326,3.9619954010000002,1,440.1726379394531,0
327,10.910807451,1,440.1767044067383,0
328,10.736012245000001,1,440.17364501953125,0
329,4.119842033,1,440.1726379394531,0
330,4.042502117000001,1,440.1721496582031,0
331,9.998694585,0,440.17613983154297,1
332,10.000969340000001,0,440.1772918701172,1
333,8.289034439,1,440.17284138997394,0
334,3.9902482550000005,1,440.1726379394531,0
335,12.485519276000002,1,440.16563720703124,0
336,9.6906093,1,440.1757125854492,0
337,4.222918986,1,440.1726379394531,0
338,11.712736976,1,440.1736297607422,0
339,10.787291182,0,440.17588806152344,1
340,12.161973561,1,440.1718292236328,0
341,10.648642472,1,440.17835998535156,0
342,4.034597246000001,1,440.1726379394531,0
343,4.056210904,1,440.1726379394531,0
344,4.188916724,1,440.1726379394531,0
345,11.303274999000001,1,440.1761703491211,0
346,12.466863729,0,440.1788330078125,1
347,9.866148831,0,440.1761245727539,1
348,12.42852435,0,373.04620666503905,1
349,12.064851333,1,440.17259216308594,0
350,4.427360889,1,440.1726379394531,0
351,11.2258394,1,440.1754684448242,0
352,9.984614059,1,440.17457580566406,0
353,7.234629308000001,1,440.1767171223958,0
354,10.610159464,0,440.1766891479492,1
355,10.646560339,1,440.1750793457031,0
356,7.630350027,1,440.1710713704427,0
357,4.240409932,1,440.1726379394531,0
358,11.622000196,1,440.1753234863281,0
359,10.521162608000001,1,440.1697235107422,0
360,10.577462397000001,1,440.1759262084961,0
361,10.583046797000002,1,440.17467498779297,0
362,10.929052630000001,1,440.078857421875,0
363,11.066819183000002,1,415.17906188964844,0
364,4.370219686,1,440.1726379394531,0
365,11.884579729,1,440.17346954345703,0
366,12.153460890000002,1,440.17237091064453,0
367,10.309632751,0,440.1762466430664,1
368,11.014268114,1,440.1720733642578,0
369,10.380575652000001,1,440.1756362915039,0
370,7.4389884980000005,1,440.17417399088544,0
371,4.29004749,1,440.1726379394531,0
372,10.184377026,0,440.1770553588867,1
373,10.275982446,0,440.17610931396484,1
374,10.293673032000001,1,440.15611267089844,0
375,10.951486436000001,1,440.17527770996094,0
376,8.466501935,1,440.1721903483073,0
377,4.3361751150000005,1,440.1726379394531,0
378,11.594639903000001,1,440.1764221191406,0
379,4.41815172,1,440.1726379394531,0
380,11.852964387,1,440.1743621826172,0
381,10.588628957000001,0,440.176513671875,1
382,10.871381761,0,440.17662811279297,1
383,4.433452325,1,440.17218017578125,0
384,10.625784824,0,440.17567443847656,1
385,7.914084917,1,440.1721598307292,0
386,10.947936811,1,440.1749954223633,0
387,11.031321101000001,0,440.1758117675781,1
388,10.803720074000001,1,440.17596435546875,0
389,4.893939953,1,440.1726379394531,0
390,4.867722033000001,1,440.1726379394531,0
391,11.236412790000001,1,440.1775436401367,0
392,10.615605564,1,458.2789611816406,0
393,4.436828627000001,1,440.1726379394531,0
394,7.585549777000001,1,440.1758626302083,0
395,8.943603000000001,1,440.1727600097656,0
396,11.208361509000001,1,440.1713333129883,0
397,4.430488287,1,440.1726379394531,0
398,7.672591865,1,440.1711730957031,0
399,4.467523843,1,440.1726379394531,0
400,4.561574848,1,440.1726379394531,0
401,10.546227513,0,440.1762237548828,1
402,4.436276951,1,440.17218017578125,0
403,11.195812379000001,1,440.17220306396484,0
404,4.704828996000001,1,440.1726379394531,0
405,8.616810143,1,440.1721598307292,0
406,8.228888477,0,440.1745910644531,1
407,11.617333569000001,0,440.1759490966797,1
408,11.376896988,1,440.1755828857422,0
409,11.345729066,1,347.52102851867676,0
410,11.175543772000001,1,440.1352310180664,0
411,11.818011922,1,440.1750183105469,0
412,4.411172078,1,440.1726379394531,0
413,8.023790674,1,440.1746826171875,0
414,4.444736789,1,440.1726379394531,0
415,11.210769801000001,0,440.16925048828125,1
416,10.700901124000001,0,440.17591857910156,1
417,10.890978683,1,440.1280517578125,0
418,8.544697974,1,440.17067464192706,0
419,5.064551901000001,1,440.1726379394531,0
420,12.703211059000001,1,440.19677734375,0
421,8.344085367,0,440.1751302083333,1
422,8.363084213,1,440.17431640625,0
423,13.300300508000001,1,440.1741409301758,0
424,4.805611312,1,440.1726379394531,0
425,11.420075461000001,1,440.1750793457031,0
426,11.319132779,0,440.1748580932617,1
427,11.775961259,1,440.1721954345703,0
428,11.697536992,0,440.1761932373047,1
429,11.729411232,0,440.1759490966797,1
430,11.988732404,1,440.1729736328125,0
431,12.209686779,0,440.1751403808594,1
432,5.2083278900000005,1,440.17218017578125,0
433,13.578882530000001,1,440.17554473876953,0
434,4.8787517970000005,1,440.1726379394531,0
435,8.758771844,1,440.17335001627606,0
436,5.006169073000001,1,440.1726379394531,0
437,8.913221328,1,440.1720784505208,0
438,8.566418274,1,440.17371622721356,0
439,5.042801258,1,440.1726379394531,0
440,12.241161725000001,1,440.17150115966797,0
441,11.420942926,0,440.17606353759766,1
442,4.762269395000001,1,440.1727294921875,0
443,4.973896358,1,440.1726379394531,0
444,8.768239734,0,440.17584228515625,1
445,8.570160474,1,440.1721903483073,0
446,13.435920146,1,440.1703643798828,0
447,5.154879624,1,440.1726379394531,0
448,5.277369542000001,1,440.1726379394531,0
449,13.934623298,1,440.1732864379883,0
450,12.707817509000002,1,440.13832092285156,0
451,5.0548375740000004,1,440.1726379394531,0
452,12.25657269,1,543.9441604614258,0
453,8.852716709000001,1,440.17457071940106,0
454,4.9356919260000005,1,440.1726379394531,0
455,5.196135423,1,440.1726379394531,0
456,5.121730879,1,440.1726379394531,0
457,5.251493187,1,440.1726379394531,0
458,8.89392634,1,440.1721903483073,0
459,5.000199474,1,440.1726379394531,0
460,14.162985919,1,440.1837463378906,0
461,9.749420439000001,1,440.17258707682294,0
462,12.065055512,0,440.175537109375,1
463,12.634730789,1,440.1701126098633,0
464,10.206027492,1,440.1721598307292,0
465,5.542069454,1,440.1726379394531,0
466,5.632952427,1,440.1726379394531,0
467,11.250383879000001,1,440.1727600097656,0
468,5.111699839,1,440.1726379394531,0
469,5.039669101,1,440.1726379394531,0
470,12.371310800000002,0,440.17557525634766,1
471,5.194108041000001,1,440.1727600097656,0
472,5.104852478000001,1,440.1726379394531,0
473,9.387294562000001,1,440.1721598307292,0
474,5.300095798,1,440.1726379394531,0
475,9.582371663,1,440.17139689127606,0
476,12.394594004,0,440.17588806152344,1
477,5.080971611000001,1,440.1721496582031,0
478,5.070767633,1,440.1726379394531,0
479,8.910042983,0,440.1753641764323,1
480,5.2081291730000006,1,440.17218017578125,0
481,5.089024064,1,440.1726379394531,0
482,12.585170111,0,440.1748962402344,1
483,12.592013559000002,1,440.1674499511719,0
484,5.583616653,1,440.1726379394531,0
485,13.693637645,1,440.17138671875,0
486,5.803279604,1,440.1726379394531,0
487,12.933805852,1,440.17427825927734,0
488,5.266930869,1,440.1726379394531,0
489,13.285063143,0,440.17501068115234,1
490,5.574561206,1,440.1727294921875,0
491,5.339571197000001,1,440.1726379394531,0
492,5.323899620000001,1,440.1726379394531,0
493,13.525372701,0,440.17469024658203,1
494,13.586587431000002,1,440.17298889160156,0
495,13.835966662,0,440.17024993896484,1
496,5.206108056000001,1,440.1721496582031,0
497,5.367791315000001,1,440.1727294921875,0
498,5.367378214,1,440.1726379394531,0
499,8.938809637,0,440.1746317545573,1
500,5.168342406000001,1,440.1726379394531,0
501,5.623306014000001,1,440.1726379394531,0
502,13.501725484000001,1,440.1651306152344,0
503,10.240860455,1,440.17371622721356,0
504,11.065689108,1,440.1721903483073,0
505,13.337537826,1,440.1709747314453,0
506,5.538629459,1,440.1726379394531,0
507,10.383591821000001,1,440.1721598307292,0
508,9.398955684,1,440.17481486002606,0
509,5.70125234,1,440.1726379394531,0
510,13.696010619,0,440.17525482177734,1
511,13.603399819000002,1,440.1682815551758,0
512,13.001988985,0,440.1751403808594,1
513,12.969226,0,440.17472076416016,1
514,5.3225738080000005,1,440.1726379394531,0
515,9.476128163,1,440.1712646484375,0
516,9.775354879,1,440.1747334798177,0
517,5.8228886630000005,1,440.1726379394531,0
518,5.783956075000001,1,440.1726379394531,0
519,5.952585311,1,440.1727294921875,0
520,5.960257522,1,440.1726379394531,0
521,5.9459808370000005,1,440.1726379394531,0
522,13.322450844,1,440.1737518310547,0
523,5.499397593,1,440.1726379394531,0
524,5.691758501000001,1,440.1726379394531,0
525,5.530091629,1,440.1727294921875,0
526,13.213717058,0,440.17445373535156,1
527,5.42810944,1,440.17218017578125,0
528,10.852180435000001,0,440.17388916015625,1
529,10.422426272000001,1,440.17397054036456,0
530,12.889834045,1,440.1747639973958,0
531,5.359545168,1,440.1726379394531,0
532,5.541750855,1,440.1726379394531,0
533,13.650756869,1,440.14485931396484,0
534,5.467277572,1,440.1726379394531,0
535,13.628695729,0,440.1748962402344,1
536,5.404579869,1,440.17218017578125,0
537,5.979582006,1,440.1726379394531,0
538,10.783739263000001,1,440.17369588216144,0
539,6.164376914,1,440.1726379394531,0
540,10.473880241,0,440.1747639973958,1
541,10.888668488,1,440.1733703613281,0
542,10.244129523,1,440.1721598307292,0
543,9.786669704000001,0,440.17454020182294,1
544,9.909314157,0,440.17433675130206,1
545,5.686818859000001,1,440.1721496582031,0
546,10.444237582000001,1,440.1721903483073,0
547,5.853869834,1,440.1726379394531,0
548,9.643698964,1,440.17454020182294,0
549,5.9101580600000005,1,440.1726379394531,0
550,5.6762963840000005,1,440.1726379394531,0
551,5.584199859,1,440.1726379394531,0
552,5.638769924,1,440.1726379394531,0
553,5.855573521,1,440.1726379394531,0
554,5.65231989,1,440.1726379394531,0
555,5.616694943000001,1,440.1726379394531,0
556,5.679522361,1,440.1726379394531,0
557,5.731719793000001,1,440.1726379394531,0
558,10.661706128,1,440.1721903483073,0
559,10.294955768000001,1,440.17518107096356,0
560,6.164440148000001,1,440.1726379394531,0
561,10.81127064,1,440.1736653645833,0
562,6.0008667110000005,1,440.1726379394531,0
563,6.077731641000001,1,440.1726379394531,0
564,10.345834391,1,440.1721598307292,0
565,9.760577702,1,440.1745910644531,0
566,5.703294028,1,440.1726379394531,0
567,10.118974575000001,1,440.1745910644531,0
568,5.690380534,1,440.1726379394531,0
569,10.616115328000001,1,440.1721903483073,0
570,13.903551232000002,0,417.3861083984375,1
571,5.702365028,1,440.1726379394531,0
572,5.762355316000001,1,440.1726379394531,0
573,10.208835022,1,440.1716003417969,0
574,13.901896549000002,0,440.17518615722656,1
575,9.755056313,1,440.1744079589844,0
576,5.70534868,1,440.1726379394531,0
577,5.606855054,1,440.1726379394531,0
578,10.429885546000001,0,440.17371622721356,1
579,5.8461950730000005,1,440.1721496582031,0
580,11.805459438000002,1,440.1721598307292,0
581,6.250393367,1,440.1726379394531,0
582,6.323306618,1,440.1726379394531,0
583,6.432924590000001,1,440.1726379394531,0
584,5.5690927210000005,1,440.1726379394531,0
585,14.167368169000001,1,440.1690368652344,0
586,5.740233601000001,1,440.1726379394531,0
587,6.0928145240000005,1,440.1726379394531,0
588,10.156303286,1,440.17188517252606,0
589,5.6292022,1,440.1726379394531,0
590,10.394765175,0,440.1747639973958,1
591,11.216360319000001,1,440.17185465494794,0
592,5.836244585,1,440.1726379394531,0
593,5.8964877730000005,1,440.1726379394531,0
594,5.9340589360000005,1,440.1726379394531,0
595,5.810578528000001,1,440.1726379394531,0
596,5.8937518540000005,1,440.1726379394531,0
597,11.718207835000001,1,440.1727600097656,0
598,5.6886616860000006,1,440.1726379394531,0
599,10.511978452000001,1,440.1749674479167,0
600,10.948894644000001,1,440.1721598307292,0
601,10.344066931,0,440.1750793457031,1
602,10.376274704,1,440.17503865559894,0
603,6.226463994,1,440.1726379394531,0
604,11.232006354000001,0,440.1716817220052,1
605,11.693616072000001,1,440.17188517252606,0
606,10.212854601,1,440.1747334798177,0
607,10.431754506,1,440.1717936197917,0
608,6.4067190620000005,1,440.1726379394531,0
609,10.833394303,1,440.1721598307292,0
610,6.0622440310000005,1,440.1726379394531,0
611,11.190566647,0,440.17151896158856,1
612,6.217731431000001,1,440.1727294921875,0
613,6.000214212,1,440.1726379394531,0
614,10.723283573,1,440.1739095052083,0
615,5.840245971000001,1,440.1726379394531,0
616,5.995852135000001,1,440.1726379394531,0
617,11.422887368000001,1,440.1721598307292,0
618,10.604398957,1,440.1737976074219,0
619,5.87253918,1,440.1726379394531,0
620,10.409494855,1,440.17457071940106,0
621,12.837161977000001,0,440.1749572753906,1
622,12.356509474000001,1,440.17189534505206,0
623,12.006350025000001,1,440.1721903483073,0
624,6.4485715400000005,1,440.1726379394531,0
625,5.814958338,1,440.1727294921875,0
626,6.0356283820000005,1,440.1726379394531,0
627,6.2047796470000005,1,440.1726379394531,0
628,6.127169286,1,440.1726379394531,0
629,10.562751677000001,0,440.1747334798177,1
630,10.929838767000001,1,440.1733703613281,0
631,6.132479233000001,1,440.1726379394531,0
632,10.918293779,1,440.17380777994794,0
633,6.4668696720000005,1,440.1726379394531,0
634,5.8019273490000005,1,440.1726379394531,0
635,10.952851424,1,440.1722005208333,0
636,10.550798186000002,1,440.1703287760417,0
637,10.566591792,1,440.1747639973958,0
638,10.671289739,0,440.1747334798177,1
639,10.745530489,1,440.1707051595052,0
640,10.472505161,0,440.1750793457031,1
641,10.810273570000001,0,440.17348225911456,1
642,11.016395372,1,440.1729736328125,0
643,12.354221962,1,440.1745910644531,0
644,12.520624494000002,1,440.1747639973958,0
645,11.463567808,1,440.1739501953125,0
646,6.4895210940000005,1,440.1726379394531,0
647,11.558723982,1,440.17401123046875,0
648,6.562594485,1,440.1726379394531,0
649,11.011304053,1,440.1747639973958,0
650,6.640085611000001,1,440.1726379394531,0
651,12.431717083,1,440.1721598307292,0
652,11.408891564000001,1,440.17176310221356,0
653,11.419195255,0,440.1749572753906,1
654,11.454999596,0,440.17054239908856,1
655,11.983111331,1,440.1718343098958,0
656,11.31993913,0,440.17176310221356,1
657,11.152001061,1,440.1742858886719,0
658,12.485854111,1,440.1721903483073,0
659,6.903949269000001,1,440.1726379394531,0
660,12.651993614,1,440.17213948567706,0
661,6.888232230000001,1,440.1726379394531,0
662,7.068109498,1,440.1726379394531,0
663,12.701909115000001,0,440.1751302083333,1
664,13.097051238,1,440.17397054036456,0
665,11.495386859,1,440.1747639973958,0
666,13.527870472,1,440.1727600097656,0
667,12.280850379,1,440.17225138346356,0
668,11.55496971,0,440.1711730957031,1
669,11.613654546000001,1,440.171875,0
670,12.532189722,1,440.1718343098958,0
671,16.48620744,1,440.17139689127606,0
672,6.6542379910000005,1,440.1726379394531,0
673,11.512778759000001,0,440.1747334798177,1
674,11.515994962,0,440.1701151529948,1
675,11.598773287,0,440.17104085286456,1
676,6.632997737,1,440.1726379394531,0
677,14.011069171,1,440.1727600097656,0
678,7.287532892000001,1,440.1726379394531,0
679,12.269105627,0,440.1706136067708,1
680,14.213966030000002,1,440.1727600097656,0
681,12.305467011000001,1,440.1717936197917,0
682,11.991304713,1,440.17139689127606,0
683,6.574219826,1,440.1726379394531,0
684,12.848132521,1,440.1732177734375,0
685,11.50526277,0,440.17034912109375,1
686,6.5741396530000005,1,440.1726379394531,0
687,13.223732476,0,440.1745198567708,1
688,13.451319872000001,0,440.17503865559894,1
689,7.028519341000001,1,440.1727294921875,0
690,7.22194843,1,440.1726379394531,0
691,11.425861794000001,1,440.17139689127606,0
692,11.690199642000001,0,440.1747334798177,1
693,12.332042245,1,440.17188517252606,0
694,11.869150624000001,0,440.17176310221356,1
695,6.6463522500000005,1,440.1721496582031,0
696,12.401210930000001,0,440.1751302083333,1
697,12.862324971000001,1,440.1720377604167,0
698,13.277099401000001,0,440.1722005208333,1
699,13.237344069,1,440.17188517252606,0
700,7.045840999,1,440.1726379394531,0
701,13.843428563000002,1,440.1727600097656,0
702,11.739256366000001,0,440.17457071940106,1
703,12.57526024,0,440.1718343098958,1
704,6.840409268,1,440.1721496582031,0
705,7.066039959,1,440.1726379394531,0
706,7.366019163000001,1,440.1726379394531,0
707,12.866848547,0,440.1747334798177,1
708,13.573929519,0,440.17340087890625,1
709,13.084334606,1,440.1734924316406,0
710,12.660685821000001,1,440.1734619140625,0
711,6.8449314260000005,1,440.1726379394531,0
712,12.607842414,1,440.1721598307292,0
713,7.0548433930000005,1,440.1726379394531,0
714,13.514045629000002,1,440.1721598307292,0
715,12.551640162,0,440.17034912109375,1
716,12.872691450000001,1,440.1733907063802,0
717,7.582245747000001,1,440.1726379394531,0
718,13.367734262,1,440.17430623372394,0
719,12.564439243,1,440.1721598307292,0
720,6.999678356,1,440.1726379394531,0
721,13.184580625,1,440.1721903483073,0
722,12.373267254,1,440.1747334798177,0
723,7.030208063000001,1,440.1726379394531,0
724,6.854980103000001,1,440.1726379394531,0
725,7.0967164270000005,1,440.1726379394531,0
726,12.972757447000001,1,440.17176310221356,0
727,7.086134136,1,440.1726379394531,0
728,7.183523918000001,1,440.1726379394531,0
729,12.55486669,0,440.17034912109375,1
730,13.050121676000002,1,440.1721903483073,0
731,13.42496176,1,440.1721903483073,0
732,7.067722907,1,440.1726379394531,0
733,12.244633696000001,1,440.17430623372394,0
734,7.3514337030000005,1,440.1726379394531,0
735,13.137000872000002,1,440.1721903483073,0
736,13.747777738000002,0,440.17380777994794,1
737,7.6657097290000005,1,440.1721496582031,0
738,13.821520078,0,440.1746826171875,1
739,7.998997070000001,1,440.1721496582031,0
740,7.1926288210000004,1,440.1726379394531,0
741,7.631425214,1,440.1727294921875,0
742,7.297764425,1,440.1726379394531,0
743,7.683704907,1,440.1726379394531,0
744,7.407514483000001,1,440.1726379394531,0
745,14.668267431,0,440.1749267578125,1
746,14.213314096000001,1,440.17333984375,0
747,18.367745783,0,440.17139689127606,1
748,7.604904437,1,440.1726379394531,0
749,13.255573305,1,440.1721903483073,0
750,7.5043687100000005,1,440.1726379394531,0
751,14.813999657,0,440.1720479329427,1
752,7.552687575,1,440.17218017578125,0
753,7.763349560000001,1,440.1726379394531,0
754,14.244295826,1,440.1730143229167,0
755,7.421761646,1,440.1726379394531,0
756,14.503351810000002,0,440.17258707682294,1
757,7.528980544,1,440.1721496582031,0
758,14.022595184,1,440.1721598307292,0
759,8.246341496000001,1,440.1726379394531,0
760,7.937709863,1,440.1726379394531,0
761,8.206106081,1,440.1726379394531,0
762,14.717628112000002,0,440.17388916015625,1
763,7.945182734,1,440.1721496582031,0
764,16.110244479000002,0,440.1721903483073,1
765,19.313823412,1,440.17457071940106,0
766,7.596836173000001,1,440.1726379394531,0
767,7.4733098170000005,1,440.1726379394531,0
768,7.598569422000001,0,440.1726379394531,1
769,7.635969224,1,440.17218017578125,0
770,15.545258587000001,1,440.1727600097656,0
771,7.945740551,1,440.1726379394531,0
772,7.635575281,1,440.1726379394531,0
773,13.047467204,1,440.1705627441406,0
774,15.416221906,1,440.1727600097656,0
775,13.738900717000002,1,440.1717936197917,0
776,13.166366944,1,440.17088826497394,0
777,13.090978058000001,0,440.1703287760417,1
778,7.554885523,1,440.1726379394531,0
779,7.912658390000001,1,440.1726379394531,0
780,7.955085061,1,440.1726379394531,0
781,8.109652507,1,440.1726379394531,0
782,14.325698266000002,0,440.1747334798177,1
783,16.703967825,1,440.1724344889323,0
784,14.938896117,1,440.17388916015625,0
785,7.652628308000001,1,440.1726379394531,0
786,13.150867621000002,0,440.17478434244794,1
787,13.381715016000001,1,440.17185465494794,0
788,7.843809371000001,1,440.1726379394531,0
789,7.7534435450000005,1,440.1726379394531,0
790,7.531825766000001,1,440.1726379394531,0
791,7.615635166000001,1,440.1726379394531,0
792,7.810494545,1,440.1726379394531,0
793,8.107560651,1,440.1726379394531,0
794,7.98430113,1,440.1726379394531,0
795,13.619684508,1,440.1739807128906,0
796,7.964076378000001,1,440.1726379394531,0
797,7.8019960710000005,1,440.1726379394531,0
798,7.952711114,1,440.1726379394531,0
799,13.641032406,0,440.1739807128906,1
800,7.718218877000001,1,440.1726379394531,0
801,15.684010048000001,1,440.1727600097656,0
802,7.556769408,1,440.1726379394531,0
803,13.744776361000001,0,440.1747639973958,1
804,7.810688002000001,1,440.1727294921875,0
805,15.429721688,1,440.1721598307292,0
806,20.709701706,1,440.17457071940106,0
807,15.434312627,0,440.17140706380206,1
808,17.071094715,1,440.1726481119792,0
809,7.885543328000001,1,440.1726379394531,0
810,8.058288531,1,440.1726379394531,0
811,14.208223883,0,440.17409261067706,1
812,8.141019415,1,440.17218017578125,0
813,14.120822023,0,440.17380777994794,1
814,14.424175598000001,1,440.17185465494794,0
815,7.926999634,1,440.1726379394531,0
816,14.035778234,1,440.17140706380206,0
817,19.976708622,1,440.1717936197917,0
818,8.324062639000001,1,440.1726379394531,0
819,15.383174207000001,1,440.17258707682294,0
820,8.040639185,0,440.1726379394531,1
821,13.74748411,0,440.17442830403644,1
822,14.535817396,0,440.17186482747394,1
823,13.748366914,0,440.1744079589844,1
824,8.022048672,1,440.1721496582031,0
825,9.001786275,1,440.1726379394531,0
826,15.840697698000001,1,440.1721903483073,0
827,9.066009947000001,1,440.1726379394531,0
828,14.103904746000001,1,440.17360432942706,0
829,14.140759935,0,440.1744791666667,1
830,8.047474794000001,1,440.1726379394531,0
831,14.399512972,1,440.1747334798177,0
832,14.339195726000002,1,440.1721903483073,0
833,16.049651478,1,440.1727600097656,0
834,14.660732835000001,1,440.17169189453125,0
835,8.122657479,0,440.1726379394531,1
836,8.153128642,1,440.1726379394531,0
837,14.391406533000001,0,440.1708170572917,1
838,14.537964871000002,0,440.1714782714844,1
839,14.913072751000001,0,440.17222086588544,1
840,8.424024496000001,1,440.1721496582031,0
841,8.035575039000001,1,440.1726379394531,0
842,8.078047833000001,1,440.1726379394531,0
843,14.505204913,1,440.1739501953125,0
844,9.187143156000001,1,440.1726379394531,0
845,9.179702912,1,440.1726379394531,0
846,8.977765349,1,440.1726379394531,0
847,8.980074224,0,440.1726379394531,1
848,8.993749711000001,1,440.1727294921875,0
849,9.644619330000001,1,440.1726379394531,0
850,14.324466323000001,0,440.1721903483073,1
851,7.999710758000001,1,440.1727600097656,0
852,13.934597198,0,440.1747334798177,1
853,14.195087324000001,1,440.17108154296875,0
854,15.289408532000001,1,440.1731262207031,0
855,8.631423479,1,440.1726379394531,0
856,8.699630474000001,1,440.1727294921875,0
857,15.22490666,1,440.1717122395833,0
858,14.856955063000001,1,440.1714579264323,0
859,14.693450471,0,440.1741943359375,1
860,8.540943313,1,440.1721496582031,0
861,14.597272406,0,440.1747639973958,1
862,8.405405683,1,440.17218017578125,0
863,14.274308897000001,0,440.1742248535156,1
864,14.576175434000001,1,440.1733703613281,0
865,8.835882338000001,1,440.1726379394531,0
866,9.131322033,1,440.1726379394531,0
867,9.178154158,1,440.1726379394531,0
868,8.822861102000001,1,440.1726379394531,0
869,9.019952431,1,440.1726379394531,0
870,9.45739891,1,440.1726379394531,0
871,15.958142126,1,440.17442830403644,0
872,8.527220157,1,440.1726379394531,0
873,8.092293618000001,0,440.1726379394531,1
874,8.127724021,1,440.1721496582031,0
875,8.598337849,1,440.1726379394531,0
876,8.633159048000001,1,440.1726379394531,0
877,14.927116467000001,0,440.1747639973958,1
878,8.481683679,1,440.1727600097656,0
879,8.639319716000001,1,440.1726379394531,0
880,9.128652233,0,440.1726379394531,1
881,9.167457509,1,440.1726379394531,0
882,8.516444369,0,440.1726379394531,1
883,8.58968143,1,440.1727600097656,0
884,16.608047187,0,440.1721903483073,1
885,8.940565859000001,1,440.1727294921875,0
886,15.271243907,1,440.17174275716144,0
887,8.840226342000001,1,440.1726379394531,0
888,8.733809337,1,440.1726379394531,0
889,8.337406656,1,440.1726379394531,0
890,8.771709443,1,440.1726379394531,0
891,8.453311358,1,440.1726379394531,0
892,9.010601634,0,440.1726379394531,1
893,8.976989174,1,440.1727600097656,0
894,9.461625642000001,1,440.1726379394531,0
895,17.527180644,0,440.1721903483073,1
896,9.854367721000001,1,440.1721496582031,0
897,9.574039959,0,440.1726379394531,1
898,18.328031525,1,440.1728515625,0
899,9.127819714000001,1,440.1726379394531,0
900,9.04103868,0,440.1726379394531,1
901,9.076249122,0,440.1727294921875,1
902,9.062096806000001,1,440.1727600097656,0
903,9.251891183000001,1,440.1726379394531,0
904,8.840133616000001,1,440.1726379394531,0
905,15.451408841000001,1,440.17213948567706,0
906,9.077305346000001,1,440.1726379394531,0
907,9.296468520000001,1,440.1726379394531,0
908,9.664718668,1,440.1726379394531,0
909,15.260439042000002,0,440.1744893391927,1
910,15.457447868000001,0,440.1714680989583,1
911,8.834899135,1,440.1721496582031,0
912,8.945724165,0,440.1726379394531,1
913,8.912604792,1,440.1727600097656,0
914,8.975615108000001,1,440.1726379394531,0
915,9.05780416,0,440.1726379394531,1
916,15.863336456,0,440.1733907063802,1
917,9.043039472,1,440.1727294921875,0
918,18.217090892,1,440.1728210449219,0
919,9.509238055,1,440.1726379394531,0
920,17.641653688,0,440.1721903483073,1
921,9.858001942000001,1,440.17218017578125,0
922,9.992062712000001,1,440.1726379394531,0
923,10.151983696,1,440.1726379394531,0
924,8.977943883,0,440.1726379394531,1
925,8.98544975,1,440.17218017578125,0
926,9.417596708000001,0,440.1726379394531,1
927,16.230285431000002,1,440.17124430338544,0
928,9.271943191,1,440.1726379394531,0
929,9.050764979,1,440.1726379394531,0
930,9.054787162,0,440.1726379394531,1
931,18.106303289,1,440.1724344889323,0
932,9.287646209,1,440.1726379394531,0
933,9.827580546,0,440.1726379394531,1
934,18.484445053,1,440.1724446614583,0
935,9.490972366000001,0,440.1726379394531,1
936,9.476403235000001,1,440.17218017578125,0
937,8.868828423,1,440.1726379394531,0
938,9.362717918000001,1,440.1726379394531,0
939,9.496454284,1,440.1726379394531,0
940,15.863102039000001,1,440.1717122395833,0
941,9.146872301,1,440.1726379394531,0
942,9.263224452000001,1,440.1726379394531,0
943,8.850184370000001,1,440.1726379394531,0
944,9.770622258000001,1,440.1726379394531,0
945,9.567463408,0,440.1726379394531,1
946,9.599782406000001,0,440.1721496582031,1
947,16.740516127,1,440.1736755371094,0
948,10.158107162,1,440.1726379394531,0
949,10.306682103,1,440.1726379394531,0
950,10.756460976000001,0,440.1726379394531,1
951,10.736151836000001,0,440.1721496582031,1
952,10.783938486,1,440.1726379394531,0
953,9.263895879000001,1,440.1726379394531,0
954,9.230767243,1,440.1726379394531,0
955,9.694952382,0,440.1726379394531,1
956,9.602460084,1,440.1721496582031,0
957,17.312534933000002,1,440.1731770833333,0
958,17.882091510000002,1,440.17270914713544,0
959,17.797499525000003,0,440.1739807128906,1
960,9.767800635,1,440.1727600097656,0
961,9.284659767,1,440.1726379394531,0
962,16.742018749,0,440.17188517252606,1
963,9.473764765,0,440.1721496582031,1
964,9.443765487,1,440.1721496582031,0
965,16.834859915000003,1,440.1724446614583,0
966,9.245175369,0,440.1726379394531,1
967,9.242601556,1,440.17218017578125,0
968,16.942137516000003,1,440.1721598307292,0
969,9.777027801000001,1,440.1726379394531,0
970,10.119145274000001,1,440.1726379394531,0
971,10.105153168000001,1,440.1726379394531,0
972,10.338333255,1,440.1726379394531,0
973,10.107473009000001,0,440.1726379394531,1
974,10.137336636,1,440.1721496582031,0
975,10.076036253,1,440.1726379394531,0
976,10.66983201,1,440.1726379394531,0
977,17.402962288,1,440.1729329427083,0
978,9.404447195000001,1,440.1726379394531,0
979,9.740784342000001,1,440.1726379394531,0
980,17.054227013000002,0,440.17340087890625,1
981,9.572926317,1,440.1727294921875,0
982,9.409985344,1,440.1726379394531,0
983,9.353445212,1,440.1726379394531,0
984,9.933281609,1,440.1726379394531,0
985,17.10990186,0,440.1743977864583,1
986,19.191706132,1,440.1724039713542,0
987,9.855760605,0,440.1726379394531,1
988,16.928300214,1,440.17376708984375,0
989,9.405106405,0,440.1726379394531,1
990,16.317500666,1,440.17101033528644,0
991,9.669143314000001,1,440.1726379394531,0
992,9.559855753,1,440.1726379394531,0
993,9.636127629,0,440.1726379394531,1
994,19.328634204,0,440.1724344889323,1
995,9.662382009,1,440.1721496582031,0
996,10.496158049,1,440.1726379394531,0
997,10.363492753000001,1,440.1726379394531,0
998,10.595123856,0,440.1721496582031,1
999,10.573194073,1,440.17218017578125,0
1000,10.751939839,1,440.1726379394531,0
1001,10.854284191000001,1,440.1726379394531,0
1002,17.8663743,1,440.17296346028644,0
1003,9.696698499,1,440.1726379394531,0
1004,10.270014619000001,1,440.1726379394531,0
1005,9.669003725000001,1,440.1726379394531,0
1006,10.348626128000001,0,440.1726379394531,1
1007,10.310337673000001,1,440.1726379394531,0
1008,17.193808115,1,440.1712646484375,0
1009,10.043057226,1,440.1726379394531,0
1010,10.301517085,1,440.1726379394531,0
1011,10.171157780000001,0,440.1726379394531,1
1012,10.171238826000002,1,440.1726379394531,0
1013,9.964968348000001,1,440.1726379394531,0
1014,9.770327485000001,0,440.1727294921875,1
1015,9.749961467,1,440.1721496582031,0
1016,10.071269174000001,1,440.1726379394531,0
1017,10.050655783,1,440.1726379394531,0
1018,10.241471037,1,440.1726379394531,0
1019,9.875225812,1,440.1726379394531,0
1020,9.54642495,1,440.1726379394531,0
1021,10.167503886,1,440.1726379394531,0
1022,16.803443501,1,440.1721598307292,0
1023,10.115932375,1,440.1726379394531,0
1024,10.368744696,0,440.1726379394531,1
1025,10.34785913,0,440.1727600097656,1
1026,10.393911901000001,1,440.1721496582031,0
1027,10.749485753,0,440.1726379394531,1
1028,10.7197676,0,440.1721496582031,1
1029,10.748482332,1,440.1721496582031,0
1030,11.232048857,1,440.1726379394531,0
1031,17.768335283000003,1,440.1737976074219,0
1032,9.928446004000001,1,440.1726379394531,0
1033,9.948055561,1,440.1726379394531,0
1034,9.925159309000001,1,440.1726379394531,0
1035,10.436658617,0,440.1726379394531,1
1036,10.423436774,0,440.1727600097656,1
1037,10.412737974,1,440.17218017578125,0
1038,17.241493614,0,440.17376708984375,1
1039,9.883409422000001,1,440.1721496582031,0
1040,10.27967074,1,440.1726379394531,0
1041,18.529305150000003,1,440.1714680989583,0
1042,10.237009169,1,440.1726379394531,0
1043,10.430219265,1,440.1726379394531,0
1044,9.99766307,1,440.1726379394531,0
1045,10.301781524,1,440.1726379394531,0
1046,10.139913389,1,440.1726379394531,0
1047,9.934114615,1,440.1726379394531,0
1048,9.683369685,1,440.1726379394531,0
1049,17.97000568,0,440.1722005208333,1
1050,9.863659017,0,440.1727294921875,1
1051,18.840811874,1,440.17254638671875,0
1052,10.986135417,1,440.1726379394531,0
1053,11.261887756,0,440.1727294921875,1
1054,11.37113111,1,440.17218017578125,0
1055,10.853074303000001,1,440.1726379394531,0
1056,10.641827441,1,440.1726379394531,0
1057,11.256058806,1,440.1726379394531,0
1058,17.555042851,1,440.1714579264323,0
1059,10.15936154,0,440.1726379394531,1
1060,10.108619489,1,440.1721496582031,0
1061,17.553754235,0,440.1738586425781,1
1062,18.649624657,0,440.17259724934894,1
1063,17.394226165000003,1,440.1714680989583,0
1064,10.382838327,1,440.1726379394531,0
1065,10.662560048000001,1,440.1726379394531,0
1066,10.343431209,1,440.1726379394531,0
1067,9.874012648,1,440.1726379394531,0
1068,10.158540493,1,440.1726379394531,0
1069,9.982187385000001,1,440.1726379394531,0
1070,10.150484604,0,440.1726379394531,1
1071,10.158761292000001,1,440.1726379394531,0
1072,10.226741443,1,440.1726379394531,0
1073,10.189773439000001,1,440.1726379394531,0
1074,10.396523609,1,440.1726379394531,0
1075,10.233967706000001,1,440.1726379394531,0
1076,18.095442574,1,440.17310587565106,0
1077,10.262995253000001,1,440.1726379394531,0
1078,10.524256117,1,440.1726379394531,0
1079,11.078992729000001,1,440.1726379394531,0
1080,11.087026451,1,440.1726379394531,0
1081,11.100179744,0,440.1726379394531,1
1082,11.069318398,1,440.1721496582031,0
1083,11.210036863000001,0,440.1726379394531,1
1084,11.228983768,1,440.1726379394531,0
1085,10.112829652,1,440.1726379394531,0
1086,10.632126372,0,440.1726379394531,1
1087,10.65343045,1,440.1726379394531,0
1088,10.660946651000001,1,440.1726379394531,0
1089,10.244625234,1,440.1726379394531,0
1090,10.396169994000001,1,440.1726379394531,0
1091,9.867125133,1,440.1726379394531,0
1092,10.237596133,0,440.1726379394531,1
1093,10.278398273,1,440.1721496582031,0
1094,10.480051118,1,440.1726379394531,0
1095,10.276211663,0,440.1726379394531,1
1096,10.295994871000001,1,440.17218017578125,0
1097,10.210510343000001,1,440.1726379394531,0
1098,10.180643678000001,1,440.1726379394531,0
1099,10.369443874,1,440.1726379394531,0
1100,10.669562046000001,1,440.1726379394531,0
1101,10.196379872000001,1,440.1726379394531,0
1102,10.445877724,1,440.1726379394531,0
1103,10.0213338,1,440.1726379394531,0
1104,10.539625937,0,440.1726379394531,1
1105,10.543747953,1,440.17218017578125,0
1106,10.093599333,1,440.1726379394531,0
1107,10.239707589,1,440.1726379394531,0
1108,10.041829543,1,440.1726379394531,0
1109,10.757002579,1,440.1726379394531,0
1110,11.159516601,1,440.1726379394531,0
1111,11.427634422,1,440.1726379394531,0
1112,11.825002108000001,1,440.1726379394531,0
1113,11.912065096000001,1,440.1726379394531,0
1114,11.609889330000001,1,440.1726379394531,0
1115,11.820789770000001,1,440.1726379394531,0
1116,11.692596229000001,1,440.1726379394531,0
1117,10.71385775,1,440.1726379394531,0
1118,10.955885533,1,440.1726379394531,0
1119,10.540818659000001,0,440.1726379394531,1
1120,10.528523006,1,440.17218017578125,0
1121,10.720505646000001,0,440.1726379394531,1
1122,10.792166165000001,0,440.1721496582031,1
1123,10.749181576,1,440.17218017578125,0
1124,10.48540848,1,440.1726379394531,0
1125,10.618948135,1,440.1726379394531,0
1126,11.126225641000001,0,440.1726379394531,1
1127,11.192450504,1,440.17218017578125,0
1128,12.015121038,1,440.1726379394531,0
1129,10.745562103000001,0,440.1726379394531,1
1130,10.763456828,1,440.1721496582031,0
1131,11.073874250000001,1,440.1726379394531,0
1132,11.373060407,1,440.1726379394531,0
1133,10.839352380000001,1,440.1726379394531,0
1134,10.924458621000001,1,440.1726379394531,0
1135,10.93502671,1,440.1726379394531,0
1136,10.692462576,1,440.1726379394531,0
1137,11.311249479,0,440.1726379394531,1
1138,11.266935614000001,1,440.17218017578125,0
1139,10.934690134,1,440.1726379394531,0
1140,11.01520475,1,440.1726379394531,0
1141,11.050750716000001,1,440.1726379394531,0
1142,11.510241046,1,440.1726379394531,0
1143,11.486331636000001,1,440.1726379394531,0
1144,11.968837764,0,440.1726379394531,1
1145,11.962491398000001,0,440.17218017578125,1
1146,11.956700871,0,440.1721496582031,1
1147,11.986523964,1,440.1721496582031,0
1148,12.076055483000001,1,440.1726379394531,0
1149,11.144642762,1,440.1726379394531,0
1150,11.366081285,0,440.1726379394531,1
1151,11.374036026,1,440.1727294921875,0
1152,11.136692503,1,440.1726379394531,0
1153,11.263526871,1,440.1726379394531,0
1154,11.680632089000001,0,440.1726379394531,1
1155,11.608522813,1,440.1721496582031,0
1156,11.056655977,0,440.1726379394531,1
1157,11.044152925,1,440.1721496582031,0
1158,11.281272938,1,440.1726379394531,0
1159,11.300777244,1,440.1726379394531,0
1160,11.662899333,0,440.1726379394531,1
1161,11.752734693,1,440.1721496582031,0
1162,10.665410053,1,440.1726379394531,0
1163,10.724234786,1,440.1726379394531,0
1164,11.741461806,0,440.1726379394531,1
1165,11.673956103,0,440.17218017578125,1
1166,11.758992269,0,440.1726379394531,1
1167,11.697858293000001,1,440.1727600097656,0
1168,11.181976117000001,1,440.1726379394531,0
1169,11.253854103,0,440.1726379394531,1
1170,11.326522396000001,1,440.1721496582031,0
1171,11.33640269,1,440.1726379394531,0
1172,10.948326777,1,440.1726379394531,0
1173,11.405357611000001,0,440.1726379394531,1
1175,11.369272930000001,0,440.1726379394531,1
1176,11.445122001000001,1,440.1727294921875,0
1177,12.148271612,1,440.1726379394531,0
1178,11.946733829000001,1,440.1726379394531,0
1179,12.249818989000001,1,440.1726379394531,0
1180,12.560607526,1,440.1726379394531,0
1181,12.399387950000001,1,440.1726379394531,0
1182,10.566926511,1,440.1726379394531,0
1183,11.055616929000001,1,440.1726379394531,0
1184,11.02119412,1,440.1726379394531,0
1185,11.172866907000001,0,440.1726379394531,1
1186,11.180115890000001,1,440.1727600097656,0
1187,11.402482738000002,1,440.1726379394531,0
1188,10.813319156,1,440.1726379394531,0
1189,10.924748516000001,0,440.1726379394531,1
1190,10.896486876,1,440.17218017578125,0
1191,11.479290047000001,1,440.1726379394531,0
1192,11.343734878000001,1,440.1726379394531,0
1193,11.884637399,1,440.1726379394531,0
1194,11.081281290000002,1,440.1726379394531,0
1195,11.434946237,1,440.1726379394531,0
1196,11.493274582000002,0,440.1726379394531,1
1197,11.574316397,1,440.1727600097656,0
1198,10.980069852000002,1,440.1726379394531,0
1199,11.372466337,0,440.1726379394531,1
1200,11.395629152000001,1,440.1721496582031,0
1201,11.250016475,1,440.1726379394531,0
1202,11.166406746,1,440.1726379394531,0
1203,11.292140815000002,1,440.1726379394531,0
1204,11.233547033,0,440.1726379394531,1
1205,11.294995481,1,440.1721496582031,0
1206,11.612530781,1,440.1726379394531,0
1207,11.571440941,1,440.1726379394531,0
1208,12.156970327000002,1,440.1726379394531,0
1209,12.645482575,1,440.1726379394531,0
1210,11.99255093,1,440.1726379394531,0
1211,12.414694404,1,440.1726379394531,0
1212,12.408473892,1,440.1726379394531,0
1213,12.620082047,1,440.1726379394531,0
1214,11.234259699,1,440.1726379394531,0
1215,11.512042966000001,1,440.1726379394531,0
1216,11.644608282,0,440.1726379394531,1
1217,11.66693026,1,440.1721496582031,0
1218,11.740312684000001,1,440.1721496582031,0
1219,11.654484177,0,440.1726379394531,1
1220,11.622833398000001,1,440.1727600097656,0
1221,11.251423849,1,440.1726379394531,0
1222,11.858440947,1,440.1726379394531,0
1223,11.313380085,1,440.1726379394531,0
1224,11.832084210000001,0,440.1726379394531,1
1225,11.844408723,1,440.1721496582031,0
1226,11.450197572,1,440.1726379394531,0
1227,11.630473951,0,440.1726379394531,1
1228,11.562416504000002,1,440.17218017578125,0
1229,11.824654173,1,440.1726379394531,0
1230,11.386877838,1,440.1726379394531,0
1231,11.657224678,1,440.1726379394531,0
1232,11.403702779000001,1,440.1726379394531,0
1233,11.441213943000001,1,440.1726379394531,0
1234,11.615835734000001,0,440.1726379394531,1
1235,11.606539511000001,0,440.1726379394531,1
1236,11.561865475000001,0,440.1721496582031,1
1237,11.563267008,1,440.1726379394531,0
1238,11.62876581,1,440.1726379394531,0
1239,12.453198776,1,440.1726379394531,0
1240,12.503671783000001,1,440.1726379394531,0
1241,12.496405930000002,1,440.1726379394531,0
1242,12.121754904000001,1,440.1726379394531,0
1243,12.523245473000001,1,440.1726379394531,0
1244,12.389570435000001,1,440.1726379394531,0
1245,13.068686183,1,440.1726379394531,0
1246,11.366251568000001,1,440.1726379394531,0
1247,11.537235357,0,440.1726379394531,1
1248,11.508165674,0,440.1726379394531,1
1249,11.551777697,1,440.1726379394531,0
1250,11.97470616,0,440.1726379394531,1
1251,11.977409563,1,440.17218017578125,0
1252,11.931425705,1,440.1726379394531,0
1253,11.762362727000001,1,440.1726379394531,0
1254,11.462940159,1,440.1726379394531,0
1255,11.851097255,1,440.1726379394531,0
1256,11.791742205,1,440.1726379394531,0
1257,12.226474061000001,1,440.1726379394531,0
1258,11.56334642,1,440.1726379394531,0
1259,11.549194598000001,1,440.1726379394531,0
1260,11.716673431,1,440.1726379394531,0
1261,11.959814857000001,1,440.1726379394531,0
1262,11.274379131,1,440.1726379394531,0
1263,11.897266108,1,440.1726379394531,0
1264,11.867524906,1,440.1726379394531,0
1265,12.176043373,1,440.1726379394531,0
1266,11.623673420000001,1,440.1726379394531,0
1267,11.859303692000001,1,440.1726379394531,0
1268,11.684478355000001,1,440.1726379394531,0
1269,11.584312261,1,440.1726379394531,0
1270,12.211342528000001,1,440.1726379394531,0
1271,12.543384514000001,1,440.1726379394531,0
1272,13.124066664,1,440.1726379394531,0
1273,12.643165279000002,1,440.1726379394531,0
1274,12.570980959,1,440.1726379394531,0
1275,12.656358956,1,440.1726379394531,0
1276,12.743028346000001,1,440.1726379394531,0
1277,13.242671581000002,0,440.1726379394531,1
1278,13.198110048,0,440.17218017578125,1
1279,13.193015664,1,440.17218017578125,0
1280,11.871623979,1,440.1726379394531,0
1281,12.00781676,1,440.1726379394531,0
1282,12.343320978000001,1,440.1726379394531,0
1283,12.045687524,1,440.1726379394531,0
1284,11.648466998,1,440.1726379394531,0
1285,12.034953574000001,0,440.1726379394531,1
1286,12.057435210000001,0,440.1721496582031,1
1287,12.025319828,1,440.1726379394531,0
1288,11.827576047,1,440.1726379394531,0
1289,12.635646316,1,440.1726379394531,0
1290,12.194008853000001,1,440.1726379394531,0
1291,11.841991908,0,440.1726379394531,1
1292,11.839770880000001,1,440.1721496582031,0
1293,12.472734864000001,1,440.1726379394531,0
1294,12.001641643000001,0,440.1726379394531,1
1295,11.957830344000001,1,440.1726379394531,0
1296,12.048513817,1,440.1726379394531,0
1297,12.327574507000001,1,440.1726379394531,0
1298,12.253811480000001,1,440.1726379394531,0
1299,11.93841203,1,440.1726379394531,0
1300,12.136728060000001,1,440.1726379394531,0
1301,11.939143238000002,1,440.1726379394531,0
1302,12.198992462000001,1,440.1726379394531,0
1303,12.788649907,0,440.1726379394531,1
1304,12.766395396,1,440.1721496582031,0
1305,13.093797106,1,440.1726379394531,0
1306,13.03263667,0,440.1726379394531,1
1307,13.106842557,1,440.1726379394531,0
1308,13.647458953000001,1,440.1726379394531,0
1309,13.326389455000001,1,440.1726379394531,0
1310,11.801686577,1,440.1727294921875,0
1311,12.112029992,1,440.1726379394531,0
1312,11.933447285000002,1,440.1726379394531,0
1313,11.989118329,1,440.1726379394531,0
1314,12.645890706000001,1,440.1726379394531,0
1315,12.442162790000001,1,440.1726379394531,0
1316,12.395905225,1,440.1726379394531,0
1317,12.258112818,1,440.1726379394531,0
1318,12.335287382,0,440.1726379394531,1
1319,12.411686985000001,0,440.1726379394531,1
1320,12.376767843000001,0,440.1727600097656,1
1321,12.363382119,1,440.1721496582031,0
1322,11.925000235,1,440.1726379394531,0
1323,12.374520448,1,440.1726379394531,0
1324,12.397011204,1,440.1726379394531,0
1325,12.504533197,1,440.1726379394531,0
1326,12.625602493,1,440.1726379394531,0
1327,12.136998293000001,1,440.1726379394531,0
1328,12.304836902,1,440.1726379394531,0
1329,12.377054343000001,1,440.1726379394531,0
1330,12.217364184000001,0,440.1726379394531,1
1331,12.27271194,1,440.1726379394531,0
1332,12.206761817,1,440.1726379394531,0
1333,11.921822368,0,440.1726379394531,1
1334,11.904548883,1,440.17218017578125,0
1335,12.626789166,1,440.1726379394531,0
1336,12.843693178,1,440.1726379394531,0
1337,13.086053380000001,1,440.1726379394531,0
1338,13.226967475,1,440.1726379394531,0
1339,13.469521209000002,0,440.1726379394531,1
1340,13.384088834000002,1,440.1727294921875,0
1341,13.868014859,1,440.1726379394531,0
1342,12.158413384000001,1,440.1726379394531,0
1343,12.271092844,1,440.1726379394531,0
1344,12.639194402000001,1,440.1726379394531,0
1345,12.173188777,1,440.1726379394531,0
1346,12.547248666000002,1,440.1726379394531,0
1347,12.521805642,1,440.1726379394531,0
1348,11.96796636,1,440.1726379394531,0
1349,12.293799224,0,440.1726379394531,1
1350,12.302772703,1,440.17218017578125,0
1351,12.521296724,1,440.1726379394531,0
1352,12.584454692000001,0,440.1726379394531,1
1353,12.593211502,1,440.1721496582031,0
1354,12.030153774,1,440.1726379394531,0
1355,12.212249192000002,1,440.1726379394531,0
1356,12.44402531,1,440.1726379394531,0
1357,13.083043428000002,0,440.1726379394531,1
1358,13.035152782,1,440.1721496582031,0
1359,12.330114402000001,1,440.1726379394531,0
1360,12.494838274000001,1,440.1726379394531,0
1361,12.512487024,0,440.1726379394531,1
1362,12.366383691000001,1,440.1721496582031,0
1363,12.247927911000001,0,440.1726379394531,1
1365,12.246850803000001,1,440.1726379394531,0
1366,12.181292910000002,1,440.1726379394531,0
1367,12.592187776000001,1,440.1726379394531,0
1368,13.428680628,0,440.1726379394531,1
1369,13.428899726000001,1,440.1726379394531,0
1370,14.320721339,1,440.1726379394531,0
1371,14.065251235000002,1,440.1726379394531,0
1372,14.169506022,0,440.1726379394531,1
1373,14.225704415000001,1,440.17218017578125,0
1374,14.218772341000001,1,440.1726379394531,0
1375,12.517028905,1,440.1726379394531,0
1376,12.632164168000001,1,440.1726379394531,0
1377,12.897285858,1,440.1726379394531,0
1378,13.046329741000001,1,440.1726379394531,0
1379,13.15201704,1,440.1726379394531,0
1380,13.274086479000001,0,440.1726379394531,1
1381,13.316381325,0,440.1726379394531,1
1382,13.325019051,1,440.1721496582031,0
1383,13.000557422,1,440.1726379394531,0
1384,13.359174166,1,440.1726379394531,0
1385,13.497676751,0,440.1726379394531,1
1386,13.475978092,1,440.17218017578125,0
1387,12.613566472,1,440.1726379394531,0
1388,12.89644616,1,440.1726379394531,0
1389,13.238974079,1,440.1726379394531,0
1390,13.359725947000001,1,440.1726379394531,0
1391,12.747517056000001,1,440.1726379394531,0
1392,13.354535516,1,440.1726379394531,0
1393,12.985904335,1,440.1726379394531,0
1394,13.079136366,1,440.1726379394531,0
1395,12.895113547000001,1,440.1726379394531,0
1396,13.070515774,1,440.1726379394531,0
1397,13.083126381000001,1,440.1726379394531,0
1398,12.915877133,1,440.1726379394531,0
1399,13.280299299000001,1,440.1726379394531,0
1400,13.351136975000001,0,440.1726379394531,1
1401,13.440609273000002,1,440.1721496582031,0
1402,14.269187656000001,0,440.1726379394531,1
1403,14.382404917,1,440.17218017578125,0
1404,14.754476663,1,440.1726379394531,0
1405,14.493379831,0,440.1726379394531,1
1406,14.438036179000001,1,440.1721496582031,0
1407,12.828067946,1,440.1726379394531,0
1408,13.044763222,1,440.1726379394531,0
1409,13.529956461000001,1,440.1726379394531,0
1410,13.570631174,1,440.1726379394531,0
1411,13.640374337,1,440.1726379394531,0
1412,13.356849374000001,0,440.1726379394531,1
1413,13.436499524,1,440.17218017578125,0
1414,12.975642343,1,440.1726379394531,0
1415,13.055824620000001,1,440.1726379394531,0
1416,13.274427396,1,440.1726379394531,0
1417,13.737628318,1,440.1726379394531,0
1418,14.066288827000001,1,440.1726379394531,0
1419,13.079297325,1,440.1726379394531,0
1420,13.343809809000001,1,440.1726379394531,0
1421,13.369289618000002,1,440.1726379394531,0
1422,13.553235338,1,440.1726379394531,0
1423,13.200550640000001,1,440.1726379394531,0
1424,13.224623429000001,1,440.1726379394531,0
1425,13.193935898000001,1,440.1726379394531,0
1426,13.018671879000001,1,440.1721496582031,0
1427,13.103615786,1,440.1726379394531,0
1428,13.642406868,1,440.1726379394531,0
1429,13.598295766000001,1,440.1726379394531,0
1430,13.692377248000001,1,440.1726379394531,0
1431,13.478686392,0,440.1726379394531,1
1432,13.57877047,1,440.1721496582031,0
1433,14.277596385,1,440.1726379394531,0
1434,15.155407843,1,440.1726379394531,0
1435,14.01674279,1,440.1726379394531,0
1436,14.340217650000001,1,440.1726379394531,0
1437,14.417307234,1,440.1726379394531,0
1438,15.210696488000002,1,440.1726379394531,0
1439,13.134680251,0,440.1726379394531,1
1440,13.079036357000001,1,440.1721496582031,0
1441,13.363698293,0,440.1726379394531,1
1442,13.410212191000001,1,440.17218017578125,0
1443,13.849680064000001,0,440.1726379394531,1
1444,13.798649785,1,440.1721496582031,0
1445,13.327417581,1,440.1726379394531,0
1446,13.478178235000001,1,440.1726379394531,0
1447,13.357963999,1,440.1726379394531,0
1448,13.7253304,1,440.1726379394531,0
1449,13.913867864,1,440.1726379394531,0
1450,14.491550136,1,440.1726379394531,0
1451,13.335384104000001,1,440.1726379394531,0
1452,13.457336761,1,440.1726379394531,0
1453,13.807191582000002,1,440.1726379394531,0
1454,13.891642468,1,440.1726379394531,0
1455,13.223700110000001,0,440.1726379394531,1
1456,13.261392109,1,440.1721496582031,0
1457,13.549200528,1,440.1726379394531,0
1458,13.403786526000001,0,440.1726379394531,1
1459,13.379594163,1,440.1721496582031,0
1460,13.608405332,0,440.1726379394531,1
1461,13.651930252000001,1,440.17218017578125,0
1462,12.960990522000001,0,440.1726379394531,1
1463,13.027006256,1,440.1726379394531,0
1464,14.063274724000001,1,440.1726379394531,0
1465,14.845536357,0,440.1726379394531,1
1466,14.940576931,1,440.1727600097656,0
1467,14.651451661000001,1,440.1726379394531,0
1468,14.458172079,1,440.1726379394531,0
1469,15.186950902000001,0,440.1726379394531,1
1470,15.263279285000001,0,440.1726379394531,1
1471,15.030501653000002,1,440.1721496582031,0
1472,13.43916283,1,440.1726379394531,0
1473,13.550551434,0,440.1726379394531,1
1474,13.547641500000001,1,440.1721496582031,0
1475,13.623564213000002,1,440.1727294921875,0
1476,14.259016703,1,440.1726379394531,0
1477,13.612053265,1,440.1726379394531,0
1478,13.350879533,1,440.1726379394531,0
1479,13.221413905,1,440.1726379394531,0
1480,13.878759449,0,440.1726379394531,1
1481,13.844869405,1,440.1721496582031,0
1482,14.435868829,0,440.1726379394531,1
1483,14.384981150000002,1,440.1726379394531,0
1484,13.601990402,1,440.1726379394531,0
1485,13.285336898,1,440.1726379394531,0
1486,14.026270233000002,1,440.1726379394531,0
1487,13.450216093000002,1,440.1726379394531,0
1488,13.762971892000001,0,440.1726379394531,1
1489,13.738400839,0,440.1721496582031,1
1490,13.751340653000002,1,440.1721496582031,0
1491,13.697538125000001,1,440.1727294921875,0
1492,13.635963682000002,1,440.1726379394531,0
1493,13.490382944,1,440.1726379394531,0
1494,13.712139412,0,440.1726379394531,1
1495,13.547845881,0,440.1721496582031,1
1496,13.728202969000002,1,440.1721496582031,0
1497,15.286095052,1,440.1726379394531,0
1498,15.448056267,1,440.1726379394531,0
1499,15.079298427000001,1,440.1727294921875,0
1500,15.295012482,0,440.1726379394531,1
1501,15.310414476000002,1,440.1721496582031,0
1502,15.882397553,0,440.1726379394531,1
1503,15.962836954,1,440.1721496582031,0
1504,13.934277413,1,440.1726379394531,0
1505,13.731688239,1,440.1726379394531,0
1506,14.246001962000001,1,440.1726379394531,0
1507,14.645444113000002,1,440.1726379394531,0
1508,14.404195547,1,440.1726379394531,0
1509,14.261945103,1,440.1726379394531,0
1510,14.052494110000001,0,440.1726379394531,1
1511,14.047456719000001,1,440.1721496582031,0
1512,14.143853774,1,440.1726379394531,0
1513,14.455979415000002,1,440.1726379394531,0
1514,14.934064349000002,0,440.1726379394531,1
1515,14.887766216000001,1,440.17218017578125,0
1516,14.509414707000001,1,440.1726379394531,0
1517,14.507293472,1,440.1726379394531,0
1518,14.039330096,1,440.1726379394531,0
1519,13.850096408,1,440.1726379394531,0
1520,13.956899138,1,440.1726379394531,0
1521,14.377060815,1,440.1726379394531,0
1522,14.125837689,0,440.1726379394531,1
1523,13.987655117000001,0,440.1727600097656,1
1524,14.098909165,1,440.1726379394531,0
1525,13.79948324,0,440.1726379394531,1
1526,13.853216208000001,1,440.1721496582031,0
1527,14.296873450000001,1,440.1726379394531,0
1528,14.547145937000002,1,440.1726379394531,0
1529,15.299222226000001,1,440.1726379394531,0
1530,15.440935084000001,1,440.1726379394531,0
1531,15.051518339000001,1,440.1726379394531,0
1532,15.467097499000001,0,440.1726379394531,1
1533,15.370352229000002,1,440.1726379394531,0
1534,16.274512159,1,440.1726379394531,0
1535,14.005509622000002,0,440.1726379394531,1
1536,14.033703000000001,1,440.1727294921875,0
1537,14.270531666,0,440.1726379394531,1
1538,14.345347434,1,440.17218017578125,0
1539,14.247741943000001,1,440.1726379394531,0
1540,15.170814545,1,440.1726379394531,0
1541,14.093365855,1,440.1726379394531,0
1542,14.082412078,1,440.1726379394531,0
1543,14.776624026,1,440.1726379394531,0
1544,14.510614360000002,0,440.1726379394531,1
1545,14.467564443,1,440.1727600097656,0
1546,14.669026588000001,0,440.1727294921875,1
1547,14.743941987000001,0,440.1721496582031,1
1548,14.707693263000001,0,440.1727600097656,1
1549,14.699199913000001,0,440.1721496582031,1
1550,14.700119574,1,440.17218017578125,0
1551,13.904597757000001,1,440.1726379394531,0
1552,14.009329994000002,1,440.1726379394531,0
1553,14.377035473000001,1,440.1726379394531,0
1554,14.378998593,1,440.1726379394531,0
1555,13.644659903,1,440.1726379394531,0
1556,13.911231182000002,0,440.1726379394531,1
1557,13.923992943,1,440.17218017578125,0
1558,13.901572595000001,1,440.1726379394531,0
1559,14.169841251000001,1,440.1726379394531,0
1560,14.751979035000002,1,440.1726379394531,0
1561,15.643172064000002,1,440.1726379394531,0
1562,15.523077231,1,440.1726379394531,0
1563,15.250149198,1,440.1726379394531,0
1564,15.952109353,0,440.1726379394531,1
1565,16.016452097000002,1,440.17218017578125,0
1566,16.251709608000002,1,440.1726379394531,0
1567,14.03346304,1,440.1726379394531,0
1568,14.429104494,1,440.1726379394531,0
1569,14.085758128,1,440.1726379394531,0
1570,14.473630406000002,1,440.1727294921875,0
1571,14.524261300000001,1,440.1726379394531,0
1572,15.174265988,1,440.1726379394531,0
1573,14.333757981000002,0,440.1726379394531,1
1574,14.246335236,1,440.1727294921875,0
1575,14.015722549000001,1,440.1726379394531,0
1576,14.799043151000001,1,440.1726379394531,0
1577,14.978251773,1,440.1726379394531,0
1578,15.305930429000002,1,440.1726379394531,0
1579,14.202382707000002,1,440.1726379394531,0
1580,14.510787465000002,1,440.1726379394531,0
1581,14.681530448,1,440.1726379394531,0
1582,14.653724843,1,440.1726379394531,0
1583,14.041158002000001,1,440.1726379394531,0
1584,14.266641093,1,440.1726379394531,0
1585,14.813739885,0,440.1726379394531,1
1586,14.764448793000001,1,440.1721496582031,0
1587,14.889450197,0,440.1726379394531,1
1588,14.963517571,0,440.1721496582031,1
1589,15.056566991,0,440.17218017578125,1
1590,14.939887371000001,1,440.1721496582031,0
1591,14.857042462,0,440.1726379394531,1
1592,14.769446702000002,1,440.1721496582031,0
1593,15.440158856000002,1,440.1726379394531,0
1594,16.160065938000002,1,440.1727294921875,0
1595,15.750960056,1,440.1726379394531,0
1596,15.764956737,1,440.1726379394531,0
1597,15.763050190000001,0,440.1726379394531,1
1598,15.836753779,0,440.17218017578125,1
1599,15.781511931,1,440.1726379394531,0
1600,14.580296087,1,440.1726379394531,0
1601,14.336810942000001,1,440.1726379394531,0
1602,14.568782451,1,440.1726379394531,0
1603,14.791256986,1,440.1726379394531,0
1604,14.853693114,1,440.1726379394531,0
1605,14.569898481000001,1,440.1726379394531,0
1606,14.352730958,1,440.1726379394531,0
1607,14.528985777,1,440.1726379394531,0
1608,15.093284861,1,440.1727294921875,0
1609,15.233543305000001,1,440.1726379394531,0
1610,15.694295245000001,0,440.1726379394531,1
1611,15.762399896000002,1,440.1721496582031,0
1612,14.971536005,1,440.1726379394531,0
1613,15.055449748000001,1,440.1726379394531,0
1614,15.626543495000002,1,440.1726379394531,0
1615,14.759905897000001,1,440.1726379394531,0
1616,14.814642935,1,440.1726379394531,0
1617,14.982969233,1,440.1726379394531,0
1618,15.021872015000001,1,440.1726379394531,0
1619,14.704166203000002,1,440.1726379394531,0
1620,15.040931631000001,1,440.1726379394531,0
1621,15.199128894000001,0,440.1726379394531,1
1622,15.071132859,1,440.17218017578125,0
1623,15.372293189,1,440.1726379394531,0
1624,16.281498823,1,440.1726379394531,0
1625,16.183004085,1,440.1726379394531,0
1626,16.181948475000002,1,440.1726379394531,0
1627,15.684029441000002,0,440.1726379394531,1
1628,15.682000115000001,1,440.17218017578125,0
1629,16.299305832,1,440.1727294921875,0
1630,16.173165351,1,440.1726379394531,0
1631,14.919890688,1,440.1726379394531,0
1632,15.075775799,1,440.1726379394531,0
1633,14.776817223,0,440.1726379394531,1
1634,14.81933699,1,440.17218017578125,0
1635,15.074316081000001,1,440.1726379394531,0
1636,15.254837763000001,1,440.1726379394531,0
1637,15.104025881,1,440.1726379394531,0
1638,14.736636387,0,440.1726379394531,1
1639,14.669798,1,440.1721496582031,0
1640,15.218316641000001,1,440.1726379394531,0
1641,15.683230076000001,1,440.1726379394531,0
1642,15.589674318,1,440.1726379394531,0
1643,15.030303797,1,440.1726379394531,0
1644,14.640406272000002,1,440.1726379394531,0
1645,15.113876048000002,0,440.1726379394531,1
1646,15.191061696,1,440.1721496582031,0
1647,14.677602229000001,1,440.1726379394531,0
1648,15.21752387,1,440.1726379394531,0
1649,15.274541238000001,1,440.1726379394531,0
1650,14.866638549000001,1,440.1726379394531,0
1651,15.053222401000001,1,440.1726379394531,0
1652,14.812023915000001,1,440.1726379394531,0
1653,15.222492329000001,1,440.1726379394531,0
1654,15.234635022,1,440.1726379394531,0
1655,15.222706109,1,440.1726379394531,0
1656,15.546648029000002,1,440.1726379394531,0
1657,15.840874542000002,1,440.1726379394531,0
1658,16.674354378,0,440.1726379394531,1
1659,16.684807932000002,1,440.1727600097656,0
1660,16.390451137,1,440.1726379394531,0
1661,16.882577204,1,440.1726379394531,0
1662,16.762036085000002,1,440.1726379394531,0
1663,14.865011426,1,440.1726379394531,0
1664,14.999952850000001,0,440.1726379394531,1
1665,14.974172294,1,440.1726379394531,0
1666,15.248035153000002,1,440.1726379394531,0
1667,15.314885398000001,1,440.1726379394531,0
1668,15.275835082,0,440.1726379394531,1
1669,15.21505578,1,440.1727294921875,0
1670,15.266415567000001,1,440.1726379394531,0
1671,15.349363703000002,1,440.1726379394531,0
1672,15.132751548000002,1,440.1726379394531,0
1673,15.789672334,1,440.1726379394531,0
1674,15.801462333000002,1,440.1726379394531,0
1675,14.764047553000001,0,440.1726379394531,1
1676,14.65579336,1,440.1727294921875,0
1677,15.191070074,0,440.1726379394531,1
1678,15.173312000000001,0,440.1724853515625,1
1679,15.183674952,1,440.17218017578125,0
1680,15.24614554,1,440.1726379394531,0
1681,15.325340562000001,0,440.1726379394531,1
1682,15.245223044000001,1,440.1721496582031,0
1683,14.828872223000001,1,440.1726379394531,0
1684,15.364806513000001,0,440.1726379394531,1
1685,15.394600594000002,1,440.1727294921875,0
1686,14.845743239,1,440.1726379394531,0
1687,15.416913930000002,0,440.1726379394531,1
1688,15.461069949,0,440.1721496582031,1
1689,15.419665406000002,1,440.1721496582031,0
1690,16.606158749000002,1,440.1726379394531,0
1691,16.44176463,1,440.1726379394531,0
1692,16.954854024,1,440.1726379394531,0
1693,17.704005689000002,1,440.1726379394531,0
1694,16.997630660000002,1,440.1726379394531,0
1695,14.808931433000001,1,440.1726379394531,0
1696,14.916410816,1,440.1726379394531,0
1697,15.086476964000001,1,440.1726379394531,0
1698,15.382898523000001,1,440.1726379394531,0
1699,15.331141249000002,1,440.1726379394531,0
1700,15.788490654,1,440.1726379394531,0
1701,15.22148881,1,440.1726379394531,0
1702,15.153614189,1,440.1726379394531,0
1703,15.249426188000001,1,440.1726379394531,0
1704,15.701363673000001,0,440.1726379394531,1
1705,15.713448967000001,1,440.1727600097656,0
1706,16.665474393,1,440.1726379394531,0
1707,14.853202633,1,440.1726379394531,0
1708,15.439019861,1,440.1726379394531,0
1709,15.467264975,1,440.1726379394531,0
1710,15.590478345000001,1,440.1726379394531,0
1711,15.333891594,1,440.1726379394531,0
1712,15.395685474,1,440.1726379394531,0
1713,15.626995573,1,440.1726379394531,0
1714,15.59144326,1,440.1726379394531,0
1715,15.313077108000002,1,440.1726379394531,0
1716,15.374711487,1,440.1726379394531,0
1717,15.036406839000001,1,440.1726379394531,0
1718,15.061761970000001,1,440.1726379394531,0
1719,16.09517472,0,440.1726379394531,1
1720,16.046497173000002,1,440.1726379394531,0
1721,16.270943369,1,440.1726379394531,0
1722,16.912105548,1,440.1726379394531,0
1723,16.691337831000002,1,440.1726379394531,0
1724,16.809954358000002,1,440.1726379394531,0
1725,16.88521425,1,440.1726379394531,0
1726,17.384693951000003,1,440.1726379394531,0
1727,15.219826245,1,440.1726379394531,0
1728,15.533648202,1,440.1726379394531,0
1729,15.833922178000002,0,440.1726379394531,1
1730,15.891746759,1,440.1726379394531,0
1731,15.924182552000001,1,440.1726379394531,0
1732,16.074324462,1,440.1726379394531,0
1733,15.695897994000001,1,440.1726379394531,0
1734,15.297219258,1,440.1726379394531,0
1735,15.163670371,1,440.1726379394531,0
1736,16.398595506,1,440.1726379394531,0
1737,16.125951835000002,1,440.1726379394531,0
1738,16.484194542,1,440.1726379394531,0
1739,15.196660658,1,440.1726379394531,0
1740,15.539682544000001,1,440.1726379394531,0
1741,15.736059634000002,1,440.1726379394531,0
1742,15.758238598,1,440.1726379394531,0
1743,15.205182050000001,1,440.1726379394531,0
1744,15.965650841,1,440.1726379394531,0
1745,15.746384556,1,440.1726379394531,0
1746,15.670553715,1,440.1726379394531,0
1747,15.542613860000001,1,440.1726379394531,0
1748,15.484381708,1,440.1726379394531,0
1749,15.443955555,1,440.1726379394531,0
1750,15.2310446,0,440.1726379394531,1
1751,15.276898513,1,440.1726379394531,0
1752,17.065238255,1,440.1726379394531,0
1753,17.240815491,1,440.1726379394531,0
1754,18.191922338,1,440.1726379394531,0
1755,17.622011575000002,1,440.1726379394531,0
1756,17.994711131000003,1,440.1726379394531,0
1757,18.192728351,1,440.1726379394531,0
1758,18.926574039000002,1,440.1726379394531,0
1759,16.605451592,1,440.1726379394531,0
1760,16.417547565,0,440.1726379394531,1
1761,16.555833804000002,1,440.1727600097656,0
1762,16.563993084,1,440.1726379394531,0
1763,17.366797358,1,440.1726379394531,0
1764,17.501325230000003,1,440.1726379394531,0
1765,16.600145979,0,440.1726379394531,1
1766,16.588780005,0,440.1726379394531,1
1767,16.670584756,0,440.17218017578125,1
1768,16.592031271,1,440.1727600097656,0
1769,17.458841183,0,440.1726379394531,1
1770,17.462477196000002,1,440.17218017578125,0
1771,16.591316152,1,440.1726379394531,0
1772,16.595634835000002,1,440.1726379394531,0
1773,16.6064578,0,440.1726379394531,1
1774,16.622009300000002,1,440.1721496582031,0
1775,16.283285451,1,440.1726379394531,0
1776,17.166945067,0,440.1726379394531,1
1777,17.179285515,1,440.1721496582031,0
1778,16.357599449000002,1,440.1726379394531,0
1779,16.737451192,1,440.1726379394531,0
1780,16.992335635,1,440.1726379394531,0
1781,16.613554739,1,440.1726379394531,0
1782,16.401114652,0,440.1726379394531,1
1783,16.417565023,1,440.1727600097656,0
1784,17.562743136,0,440.1726379394531,1
1785,17.580853237,0,440.1726379394531,1
1786,17.533777058000002,1,440.1721496582031,0
1787,17.747561043,1,440.1726379394531,0
1788,18.066763538,0,440.1726379394531,1
1789,18.064663354,1,440.1721496582031,0
1790,18.680283453,1,440.1726379394531,0
1791,17.100111596,1,440.1726379394531,0
1792,17.010510036,1,440.1726379394531,0
1793,16.653802941000002,1,440.1726379394531,0
1794,16.988566560000002,1,440.1726379394531,0
1795,17.657100626000002,1,440.1726379394531,0
1796,17.566479041,1,440.1726379394531,0
1797,16.918709991,0,440.1726379394531,1
1798,16.910663467000003,1,440.1721496582031,0
1799,17.059582456,1,440.1726379394531,0
1800,17.176667247,1,440.1726379394531,0
1801,18.091859598000003,1,440.1726379394531,0
1802,17.651767438,1,440.1726379394531,0
1803,17.312783385,1,440.1726379394531,0
1804,16.987729077,1,440.1726379394531,0
1805,17.248896739000003,1,440.1726379394531,0
1806,17.781598353,0,440.1726379394531,1
1807,17.960046451,0,440.1726379394531,1
1808,17.822718106,1,440.1727600097656,0
1809,16.912043103000002,1,440.1726379394531,0
1810,17.13155907,1,440.1726379394531,0
1811,17.69804998,1,440.1726379394531,0
1812,17.639541772,1,440.1726379394531,0
1813,17.366805363,1,440.1726379394531,0
1814,17.794185888,1,440.1726379394531,0
1815,17.887285039,1,440.1726379394531,0
1816,18.359507695,1,440.1726379394531,0
1817,18.349697602000003,1,440.1726379394531,0
1818,14.655161061000001,1,440.1726379394531,0
1819,17.759196239,1,440.1726379394531,0
1820,18.187101705,0,440.1726379394531,1
1821,18.185423893,1,440.1721496582031,0
1822,18.845841309,0,440.1726379394531,1
1823,18.747437107,0,440.1721496582031,1
1824,18.733291329,0,440.1726379394531,1
1825,18.800736698,1,440.1726379394531,0
1826,17.061213921,0,440.1726379394531,1
1827,17.066114371,1,440.17218017578125,0
1828,17.563611572000003,1,440.1726379394531,0
1829,17.352651482000002,0,440.1721496582031,1
1830,17.372682904,1,440.1727600097656,0
1831,17.614242750000003,1,440.1726379394531,0
1832,17.96034908,1,440.1726379394531,0
1833,17.379130196000002,1,440.1726379394531,0
1834,18.9575655,0,440.1726379394531,1
1835,19.078472950000002,1,440.1721496582031,0
1836,16.705584723,1,440.1726379394531,0
1837,17.345296038,0,440.1726379394531,1
1838,17.372543623000002,1,440.1727294921875,0
1839,16.830412311,0,440.1727294921875,1
1840,16.976173164000002,1,440.1727294921875,0
1841,17.597884561,0,440.1726379394531,1
1842,17.52138927,1,440.1721496582031,0
1843,16.998899717,1,440.1726379394531,0
1844,17.065372911,0,440.1726379394531,1
1845,17.115431599,1,440.1726379394531,0
1846,16.875743721000003,0,440.1726379394531,1
1847,16.970370720000002,1,440.1726379394531,0
1848,18.259643437,1,440.1726379394531,0
1849,18.316427481,1,440.1726379394531,0
1850,19.17039515,0,440.1726379394531,1
1851,19.16404576,1,440.1726379394531,0
1852,19.255463028,1,440.1726379394531,0
1853,19.589165376,1,440.1726379394531,0
1854,20.143140585,0,440.1726379394531,1
1855,20.121763462,0,440.1727600097656,1
1856,20.167987113000002,0,440.1726379394531,1
1857,20.073521305,0,440.1721496582031,1
1858,20.201253185000002,1,440.1721496582031,0
1859,17.868499619,1,440.1726379394531,0
1860,17.6458076,0,440.1726379394531,1
1861,17.728362646,1,440.1727294921875,0
1862,17.519746204,1,440.1726379394531,0
1863,18.231626979,1,440.1726379394531,0
1864,17.415159148,1,440.1726379394531,0
1865,18.150784834,1,440.1726379394531,0
1866,18.175334971,1,440.1726379394531,0
1867,16.978213872,0,440.1727294921875,1
1868,16.932373534,0,440.1727294921875,1
1869,16.871037083,0,440.1726379394531,1
1870,16.845617161,1,440.1721496582031,0
1871,17.151155933000002,1,440.1726379394531,0
1872,17.242323299000002,1,440.1726379394531,0
1873,16.741905555000002,0,440.1726379394531,1
1874,16.760250955,1,440.17218017578125,0
1875,12.671423835,1,440.1726379394531,0
1876,17.693421415,1,440.1726379394531,0
1877,17.099198047,1,440.1727294921875,0
1878,16.693085213,1,440.1726379394531,0
1879,17.352253256,1,440.1727294921875,0
1880,19.860452241,1,440.1726379394531,0
1881,19.076584696,1,440.1726379394531,0
1882,19.607419103,1,440.1726379394531,0
1883,19.436587255000003,1,440.1726379394531,0
1884,19.8338691,1,440.1726379394531,0
1885,20.232679837000003,1,440.1726379394531,0
1886,20.827659043,1,440.1726379394531,0
1887,17.676027698000002,1,440.1726379394531,0
1888,13.579404907,1,440.1726379394531,0
0,17.802485059000002,0,440.1730041503906,1
1,17.848324988,1,440.1721496582031,0
2,8.009226057000001,0,395.81147974403,0
4,9.524971517,0,413.6926527818044,0
5,5.823495122000001,0,420.7445508390665,0
6,4.122309072,0,410.8076791309175,0
8,1.1219766150000001,0,421.76786009470624,0
10,7.722648703000001,0,449.01875461676184,0
11,5.3219543300000005,0,428.3813350311032,0
13,3.624873221,0,399.7159095680643,0
14,5.823850342,0,426.1036997649629,0
15,10.028348058,1,437.9891720762347,0
16,1.1174998950000001,0,300.2452675501506,0
17,8.420026724000001,1,419.79728914148666,1
18,1.512249318,0,464.4811897277832,0
19,8.916749528,0,453.9668110529582,0
20,2.316961505,0,446.12018330891925,0
22,2.717229922,0,470.2482485089983,0
24,7.717290030000001,0,425.88890486497144,0
26,5.916657485,0,456.24713236490885,0
27,10.020987492000001,1,431.32408821936883,0
28,2.801026653,0,440.2205494847791,0
30,4.415490319,0,450.18644341362847,0
32,3.6136173400000002,0,436.2947709367082,0
0,8.495589775000001,0,422.37173958711844,0
1,5.5144520130000005,0,446.25284794398715,0
2,2.714033628,0,456.6757027762277,0
3,3.0149779440000004,0,454.0211614793347,0
4,4.212586849,0,441.63234480037244,0
6,4.414708897000001,0,405.5456816779243,0
7,9.413234893,0,445.04394423146,0
8,9.912706967,0,422.54812121249734,0
9,1.6162865130000001,0,419.525385239545,0
10,10.01892883,1,430.47054026386525,0
11,4.702510248,0,453.1956984202067,0
12,8.017114037,0,446.0061738520493,0
13,1.517821172,0,350.0798363685608,0
15,2.517072969,0,346.8103102177317,0
16,7.816963572000001,0,444.70683597612987,0
17,10.01863509,1,416.29417117279354,0
18,9.014237660000001,0,407.68389160587236,0
20,10.019943730000001,1,414.0438174273044,0
21,10.101572076,1,445.7947820027669,0
22,8.799485334,0,435.37426963548984,0
23,2.509051672,0,446.3989574725811,0
25,4.907578662000001,0,464.78083740234376,0
26,4.910213497,0,459.59505767822264,0
28,4.707944176000001,0,431.205740292867,0
29,5.409864440000001,0,404.8427337646484,0
30,1.5092572960000001,0,475.3346881866455,0
32,3.6094731600000003,0,428.68994965424406,0
33,9.407026232,0,441.74669478567023,0
34,1.109047641,0,476.1332728068034,0
35,4.007804948,0,453.5807651426734,0
36,3.009325312,0,458.9776404596144,0
37,10.009250261,1,442.93514062862585,0
38,1.9930128440000001,0,383.44533520653135,0
39,10.002834973,1,451.0891083065826,0
40,5.896378578,0,434.32451397797155,0
41,4.331523096000001,0,439.05882165598314,0
42,3.9635546010000002,0,456.7359728690905,0
43,9.379376039,0,420.1182270338247,0
44,5.090413353000001,0,432.33581303615193,0
45,2.930970524,0,421.7013516743978,0
47,2.529649445,0,460.69272672213043,0
48,1.121675652,0,458.10341389973956,0
49,3.6695379900000002,0,437.99847989468964,0
50,7.872460258,0,415.8214705892098,0
0,10.045999637000001,1,440.1730041503906,0
1,10.002859117,1,440.1729987116143,0
0,10.195934299000001,0,509.7787274110664,0
1,9.010243611,0,461.3076617901142,0
2,0.015686790000000003,0,440.1721496582031,0
3,0.015519928,0,440.1721496582031,0
0,13.798279194000001,0,570.5637000653384,0
0,5.300449891,0,535.8106559470848,0
0,7.998149399000001,0,575.5043331193335,0
1,60.008124609000006,1,440.17300349027664,0
0,37.021000581,0,454.6134191137761,0
0,10.433824423,0,560.9047860451115,0
1,22.223039766000003,0,151.16960968945355,0
2,0.20181373900000002,0,16.709535042444866,0
0,18.301090717,0,640.8010847489912,0
0,3.259132449,0,485.4032306093158,0
1,11.018831143,0,588.3962626325974,0
2,0.10208655200000001,0,793.2101440429688,0
3,0.10302583000000001,0,849.8751831054688,0
4,0.102547014,0,440.1721496582031,0
5,0.10208855600000001,0,470.7283020019531,0
6,0.10179231600000001,0,440.1721496582031,0
7,0.10259232900000001,0,440.1721496582031,0
8,0.102823919,0,440.1721496582031,0
9,0.102164896,0,440.1721496582031,0
10,0.103168378,0,470.7283020019531,0
11,0.10164128900000001,0,470.7283020019531,0
12,0.102060251,0,470.7283020019531,0
13,0.102528007,0,470.7283020019531,0
14,0.101374691,0,440.1721496582031,0
15,0.10242301000000001,0,440.1721496582031,0
0,4.419053171,0,549.5225552029079,0
1,5.098738576000001,0,558.190428513747,0
2,0.10052548900000001,0,440.1721496582031,0
3,0.10077997600000001,0,440.1721496582031,0
4,0.100155037,0,473.1184997558594,0
5,0.20044803800000002,0,606.6310628255209,0
6,0.100603202,0,473.1184997558594,0
7,0.10053274100000001,0,473.1184997558594,0
8,0.10058507700000001,0,473.1184997558594,0
9,0.10002844000000001,0,473.1184997558594,0
10,0.09994860500000001,0,473.1184997558594,0
11,0.100602592,0,473.1184997558594,0
12,0.101091149,0,473.1184997558594,0
13,0.100635027,0,440.1721496582031,0
14,0.09971305400000001,0,473.1184997558594,0
15,0.09984949300000001,0,473.1184997558594,0
0,60.079922454000005,1,1812.740714430214,0
0,60.068890948,1,857.0998590356103,0
1,60.124344281000006,1,440.17300278166203,0
0,6.967416354,0,428.2157527378627,0
1,1.761843636,0,440.0842742919922,0
2,1.741932695,0,449.0330581665039,0
3,8.591829697,0,1064.5248007774353,0
4,1.183961854,0,440.08152262369794,0
5,7.010019206000001,0,572.1275918143136,0
6,10.295264006,0,74.3503165926252,0
7,4.116135658,0,957.4157853126526,0
8,7.214330703000001,0,696.7730255126953,0
9,7.726759041,0,405.0527629852295,1
10,11.203877774,0,1492.542594909668,0
11,1.8329979440000002,0,710.1325607299805,0
12,1.7569591910000002,0,438.45391845703125,0
13,2.343237207,0,520.2255493164063,0
14,2.418267331,0,657.4263170659542,0
16,1.175099574,0,440.0194600423177,0
17,19.310789832,0,65.37691903577463,0
18,2.944914389,0,1165.6666870117188,0
19,7.464410163,0,1332.4622562953405,0
20,1.7531253740000001,0,440.7666244506836,0
21,1.1962890290000001,0,440.02134195963544,0
22,1.7791224,0,908.7883758544922,0
23,8.875265615,0,731.709560618681,0
24,1.810234933,0,688.9597702026367,0
25,1.200736881,0,440.0181579589844,0
26,8.087174503,0,427.22181510925293,0
27,10.039315792,0,1550.4844173855251,0
28,1.761145906,0,556.0236053466797,0
29,9.803874484000001,0,78.07075843811035,0
30,1.196448734,0,440.0091145833333,0
31,1.7401235910000001,0,469.4149169921875,0
32,11.119627838000001,0,817.1436346144903,0
33,7.842140764000001,0,686.385986328125,0
34,7.0958464900000005,0,1360.0899916428787,0
35,12.851749922000002,0,134.8212269592285,0
36,8.107041134000001,0,593.7967510223389,0
37,1.218342834,0,440.0227355957031,0
38,1.7561873430000001,0,441.1009521484375,0
39,2.302848216,0,440.06801147460936,0
40,1.777792253,0,571.2427520751953,0
41,2.42829228,0,979.6682861328125,0
42,1.769546188,0,444.84619903564453,0
43,7.618856528,0,483.4885294596354,0
44,4.707738657,0,966.5788269042969,0
45,1.168715997,0,440.0288899739583,0
46,1.7883983120000002,0,892.0613708496094,0
47,1.207713309,0,439.9770812988281,0
48,2.332256853,0,356.3277180194855,0
49,2.4298230650000003,0,709.2947937011719,0
50,1.18289401,0,439.9728291829427,0
51,1.7792468460000002,0,549.4662246704102,0
52,13.051141791000001,0,1014.7512944539388,0
53,7.263655875,1,418.91639912923176,1
54,8.306503684,1,462.1030226207915,1
0,4.9070232,1,427.7416333217247,0
1,3.818997915,1,436.23373403304663,0
2,3.707863874,1,457.7164105867085,0
3,3.418193022,1,361.23316855388026,0
4,3.305633304,1,431.25667269790875,0
5,3.8172683220000003,1,429.4384187918443,0
6,2.4002495610000003,1,418.23983715057375,0
7,2.2126978370000003,1,421.54711389541626,0
8,5.101010754000001,1,483.4660908552603,0
9,7.398960765000001,1,469.85534447987874,0
10,4.796274107,1,411.5595887339845,0
11,15.094927152,1,465.1277848293907,0
12,10.809961893,1,428.1442995174466,0
13,1.95107103,1,410.10449872698103,0
14,1.6220918080000002,1,414.50435638427734,0
15,1.9399435680000001,1,437.706045968192,0
16,4.924201713,1,483.3539593219757,0
17,2.059142691,1,420.5086190359933,0
18,2.45988046,1,474.1875858306885,0
19,2.35012707,1,541.1832609176636,0
20,1.8278757980000002,1,450.6422348022461,0
21,5.476107600000001,1,673.512592792511,0
22,2.148653051,1,409.6296081542969,0
23,4.612353028,1,508.6107886178153,0
24,4.5725086070000005,1,444.5961547851563,0
25,2.2319707710000003,1,337.34748404366627,0
26,2.382520279,1,441.94374084472656,0
27,2.5933466490000003,1,492.40460777282715,0
28,7.2333208540000005,1,319.9411957150414,0
29,2.311342974,1,941.1115082332066,0
30,3.7901499220000003,1,484.18982939286667,0
31,3.1054628560000004,1,388.4405517578125,0
32,7.274626409000001,1,596.2169181422183,0
33,5.644680987,1,479.98595708211263,0
34,6.0156234280000005,1,672.4724359512329,0
35,3.5707674820000004,1,380.58243618011477,0
36,1.6865717150000001,1,389.69172821044924,0
37,1.7475417850000001,1,639.922724533081,0
38,6.001006104,1,623.40394115448,0
39,2.820808399,1,526.8198390007019,0
40,3.7056860840000003,1,680.5699861526489,0
41,1.6257216840000002,1,578.1505874633789,0
42,9.713009134,1,555.9401809310913,0
43,3.8036040910000004,1,582.9926436742147,0
44,4.118948911,1,400.87514600753786,0
45,4.653207019,1,409.36707791415125,0
46,13.937751349000001,1,548.82054441975,0
47,1.42907065,1,883.1672668457031,0
48,4.453224961,1,547.8217063188553,0
49,5.139432892,1,676.6441531181335,0
50,3.3774967790000003,1,569.1990847736597,0
51,3.6963713240000002,1,550.2287768508476,0
52,3.48290499,1,655.6371688842773,0
53,5.256082986,1,883.4912749230862,0
54,5.775492935,1,749.6436689083392,0
55,2.002781274,1,1061.9163696289063,0
56,4.046766951,1,983.1030260721842,0
57,3.4813778780000004,1,463.008770942688,0
58,4.899657391,1,559.2875895933671,0
59,4.516884041,1,602.2889892578125,0
60,15.016902664000002,1,405.4580939321807,0
61,2.3312759840000004,1,445.4610290527344,0
62,2.3412245560000002,1,536.6070434570313,0
63,1.77812001,1,907.0200805664062,0
64,4.1989647,1,481.93324279785156,0
65,5.451852801,1,749.0195226669312,0
66,4.857486929,1,883.133020401001,0
67,3.0376541340000003,1,548.3178151448568,0
68,1.799479583,1,806.7961273193359,0
69,3.547304995,1,1138.4114815848213,0
70,2.3333170890000003,1,471.3655029296875,0
71,3.089205149,1,1256.9504699707031,0
72,2.499546338,1,834.7098327636719,0
73,4.969484547,1,888.1095333099365,0
74,2.442670707,1,458.6260559082031,0
75,3.5516374780000004,1,588.7046258108957,0
76,1.875706904,1,919.8469085693359,0
77,2.372822283,1,441.23554077148435,0
78,2.506011119,1,547.8940185546875,0
79,2.596135186,1,854.2559448242188,0
80,1.951617949,1,607.819580078125,0
81,1.8941968370000002,1,932.8382568359375,0
82,3.2186039440000003,1,852.9582010904948,0
83,1.978366,1,950.5254058837891,0
84,2.4206527010000003,1,539.1952819824219,0
85,3.119883847,1,718.1786422729492,0
86,1.855245755,1,927.0448150634766,0
87,3.803870587,1,534.0830339704241,0
88,3.701136038,1,542.0302995954241,0
89,1.8998566250000002,1,477.1523895263672,0
90,6.703454590000001,1,446.23560134569806,0
91,1.967107699,1,941.1750030517578,0
92,2.425133315,1,571.4991882324218,0
93,3.1855592660000003,1,736.0543467203776,0
94,2.0566677380000002,1,958.9095611572266,0
95,1.938918807,1,938.1914367675781,0
96,3.808942677,1,725.0608564104352,0
97,3.244943997,1,1006.6086832682291,0
98,3.557949375,1,717.6724984305246,0
99,3.740065366,1,720.5288478306362,0
100,5.5029430790000005,1,552.5055737495422,0
101,6.945125281,1,665.3749106129011,0
102,1.9005691830000002,1,932.8382568359375,0
103,3.6509018240000004,1,745.4056222098214,0
104,1.974854424,1,944.8899078369141,0
105,4.031913133000001,1,1352.7545427594866,0
106,2.9959864190000003,1,534.2416381835938,0
107,2.575228487,1,834.3697875976562,0
108,1.9940021410000002,1,951.0890350341797,0
109,2.4902207400000003,1,554.126611328125,0
110,3.2622045080000004,1,1259.5172119140625,0
111,5.164164292000001,1,737.7816026475695,0
112,5.873247648,1,787.435092163086,0
113,2.485906274,1,1012.7171447753906,0
114,6.469432274000001,1,889.7969360351562,0
115,1.8538580850000002,1,457.0509719848633,0
116,6.77980828,1,849.7502358176491,0
117,3.2196486660000003,1,556.6128896077474,0
118,1.9860280460000002,1,944.8899078369141,0
119,2.0941852400000003,1,958.9094696044922,0
120,8.051140546000001,1,630.8930895878718,0
121,6.315690303,1,488.21453857421875,0
122,14.996125739000002,1,617.3727118372917,1
123,1.3955092850000002,1,452.0851745605469,0
124,8.074603123000001,1,1241.9253716102014,0
125,3.2201510190000002,1,1259.4952901204426,0
126,7.820078639,1,660.5129932658031,0
127,2.7211712340000003,1,591.2385437011719,0
128,2.117614889,1,267.0388951897621,0
129,4.022515405,1,542.9215436662946,0
130,1.3298952880000001,1,644.4629516601562,0
131,2.639342709,1,1110.0172485351563,0
132,9.316513063,1,768.4426595052083,0
133,3.6535270140000002,1,482.2967909177144,0
134,2.266461517,1,996.4202728271484,0
135,4.961805051000001,1,1012.8195571899414,0
136,2.0957686150000003,1,446.6651916503906,0
137,7.4778298130000005,1,730.9376220703125,0
138,2.706271273,1,1147.4867553710938,0
139,4.64219847,1,787.738529750279,0
140,2.8458090680000003,1,866.152978515625,0
141,4.9741146,1,601.5869445800781,0
142,15.622895848,1,576.9870600804039,1
143,5.6022768450000004,1,715.2879197862413,0
0,13.800576708000001,1,420.2507208371334,0
1,3.205327002,1,415.45744156114984,0
2,7.502574079,1,446.01613255550984,1
3,3.009998253,1,401.79173100379205,0
4,1.89956371,1,493.61467761993407,0
5,6.899654419000001,1,493.8094848632812,0
6,4.106785912,1,429.85128731954666,0
7,6.107796329,1,460.1239795530996,0
0,60.003464507000004,1,440.1971785840006,0
0,3.102755214,1,448.548106916023,0
1,2.608306153,1,498.9416306107133,0
2,5.520831759,1,447.62997148718154,0
3,15.116065865000001,1,470.00713466656833,0
4,17.902038357000002,1,409.9028053495619,1
5,19.705055519000002,1,442.30062167331425,0
6,5.693370646,1,433.4233147014271,0
7,14.402786654000002,1,471.70440084284,0
8,2.3354839060000003,1,624.2898968287876,0
9,10.336263704,1,505.4844160079956,0
10,2.404084538,1,550.4949061075846,0
11,7.535892521,1,447.68189697265626,1
12,6.1142703880000004,1,477.42876688639325,0
13,8.242054744,1,479.9209206537767,1
14,1.4952657530000002,1,364.8429946899414,0
15,3.314513922,1,696.5145301818848,0
16,3.2892752580000004,1,822.4898815155029,0
17,2.483894496,1,542.7488250732422,0
18,3.6220329720000004,1,637.717787000868,0
19,8.507581720000001,1,532.461655968114,0
20,1.5387339210000002,1,743.8503875732422,0
21,2.8073383200000004,1,495.3369445800781,0
22,8.529888116,1,605.6847747802734,0
23,1.5685273750000002,1,863.1590881347656,0
24,6.605734474,1,426.7344185965402,0
25,9.285909026,1,606.9257080078125,0
26,4.688071949,1,780.7409050681374,0
27,2.374072527,1,453.28355916341144,0
28,4.628781986,1,544.2679847803983,0
29,4.215554079,1,560.4839223861694,0
30,6.527725278,1,435.0152099609375,0
31,4.353416952,1,497.5845611572266,0
32,1.6093426450000001,1,650.0162963867188,0
33,8.478079014,1,498.36750179178574,0
34,6.084213696,1,472.66247122628346,0
35,3.6024282440000004,1,594.5179681777954,0
36,1.693828925,1,452.4407272338867,0
37,2.178888471,1,665.7596641540528,0
38,1.491885933,1,598.458251953125,0
39,1.697130024,1,907.7182464599609,0
40,2.638872097,1,385.0315519968669,0
41,8.537788137,1,460.08968313116776,0
42,3.976460223,1,444.6060981750488,0
43,4.9064700750000005,1,510.24323787689207,0
44,2.7688733940000003,1,650.9136924743652,0
45,2.722353645,1,469.7893778483073,0
46,2.728055892,1,403.7914530436198,0
47,2.580984196,1,474.9258117675781,0
48,1.9359875830000002,1,948.2751159667969,0
49,1.785727499,1,486.5989761352539,0
50,2.538567823,1,984.8497863769531,0
51,1.8477078310000001,1,291.004976272583,0
52,3.6039131500000003,1,844.187438419887,0
53,2.8176951900000002,1,352.52420202891034,0
54,9.578109956,1,443.31081517537433,0
55,3.9506455600000003,1,615.4668388366699,0
56,7.263233524,1,542.1687937516433,0
57,7.567123579,1,633.640639085036,0
58,5.722965670000001,1,461.1479461669922,0
59,5.486737906,1,663.3389114379883,0
60,16.209958281000002,1,810.3620793269231,0
61,2.5674825230000002,1,326.21106643676757,0
62,10.534913066000001,1,648.4757203525967,0
63,6.7865875650000005,1,825.8215356306596,0
64,2.7643785430000003,1,1157.4360717773438,0
65,3.32061528,1,688.0213368733724,0
66,5.008400841,1,417.9830102920532,0
67,3.4850459700000003,1,540.3455200195312,0
68,3.398997994,1,724.1242237091064,0
69,7.378067671,1,623.9579111735026,0
70,6.088974112000001,1,447.2473449707031,0
71,3.274100557,1,453.5588073730469,0
72,4.915880979000001,1,478.61207580566406,0
73,4.02191135,1,733.5512826102121,0
74,3.315899254,1,445.85066986083984,0
75,2.0765581610000003,1,959.1184234619141,0
76,2.8337739130000004,1,575.799267578125,0
77,2.949319532,1,1165.6239624023438,0
78,2.788051132,1,868.5011535644531,0
79,13.293511311000001,1,481.6010013927113,1
80,5.2258850180000005,1,859.3819465637207,0
81,3.690516044,1,634.4771525065104,0
82,9.171986315,1,517.7662157331195,0
83,1.3702451400000002,1,437.18813069661456,0
84,7.196474999,1,439.59081013997394,0
85,3.442237967,1,537.0635299682617,0
86,2.174036204,1,449.03082275390625,0
87,3.548003458,1,478.3214365641276,0
88,12.426540580000001,1,474.9072958293714,0
89,1.4174273000000002,1,445.2637634277344,0
90,9.068282459,1,684.0948311941964,0
91,4.502458001,1,467.40995134626115,0
92,1.447539576,1,442.7908935546875,0
93,5.752928465,1,553.969740125868,0
94,2.3719241920000003,1,650.8369674682617,0
95,3.514044374,1,465.18736775716144,0
96,4.7446177160000005,1,453.5404624938965,0
97,7.460933034000001,1,530.4469720522562,0
98,6.095083069,1,366.5293089548747,0
99,1.4024914880000001,1,665.3276977539062,0
100,1.45303373,1,442.99695841471356,0
101,3.0220440440000003,1,732.6076416015625,0
102,12.505872850000001,0,459.8080034757915,1
103,13.883971895,1,717.4341048286075,0
104,2.257616181,1,994.1726226806641,0
105,1.5140382460000001,1,443.1785481770833,0
106,3.4955692810000003,1,585.9993057250977,0
107,3.1338882960000003,1,779.8377868652344,0
108,3.102344973,1,445.7821533203125,0
109,1.560398057,1,441.9162292480469,0
110,5.25670266,1,555.0965600013733,0
111,11.702136710000001,1,488.1540419634651,0
112,2.433470632,1,985.8048858642578,0
113,8.513422148,1,470.1432291666667,0
114,1.513535797,1,370.1734263102214,0
115,1.626610071,1,445.3842061360677,0
116,11.452926396,1,528.6799926757812,0
117,4.403136886,1,929.7609659830729,0
118,5.9055423760000005,1,595.3132019042969,0
119,7.673762340000001,1,821.8177612304687,0
120,4.141691282,1,442.3444519042969,0
121,3.4781102600000002,1,394.7652099609375,0
122,6.237406007000001,1,584.2610359191895,0
123,14.987238184,1,585.8575110435486,0
124,4.861535481000001,1,442.29063197544644,0
125,6.095188213,1,435.3017044067383,0
126,7.642577449000001,1,434.12713317871095,0
127,10.686671676000001,0,372.6372903926032,1
128,3.962028258,1,204.25531029701233,0
129,3.6909349600000003,1,443.9304138183594,0
130,5.496671792000001,1,463.91141619001115,0
131,6.5858636950000005,1,853.8062171936035,0
132,4.179084474000001,1,918.3269856770834,0
133,10.517144773,1,421.46370535630444,0
134,11.622988748000001,1,548.8723614032452,0
135,5.617034540000001,1,861.1127188546317,0
136,2.710661936,1,511.15238189697266,0
137,1.8108979850000002,1,433.4326171875,0
138,7.83963737,1,707.4389966964721,0
139,2.923654893,1,443.6249313354492,0
140,6.819992093000001,1,202.14445792304144,0
141,4.473288542000001,1,983.2817789713541,0
0,4.478152099,1,329.1796385930932,0
1,2.404608317,1,213.2832013320923,0
2,8.302882050000001,1,361.0120018550328,0
3,8.713466508,1,392.48947262763977,0
4,1.609433912,1,315.4818163058337,0
5,1.7108911310000001,1,324.5579512384203,0
6,2.7002234790000004,1,270.49708107539584,0
7,12.095807708,1,349.44003087966166,0
8,3.7044441810000004,1,379.36275376771624,0
9,4.404263683,1,339.8162976582845,0
10,4.3722814770000005,1,382.9020816196095,0
11,2.52814336,1,258.4479937920204,0
12,1.9861741130000001,1,358.5947175502777,0
13,6.2140262040000005,1,345.33052962621053,0
14,5.074421711,1,378.5868009607843,0
15,1.937404842,1,351.2548532485962,0
16,2.6148271270000003,1,238.4064581129286,0
17,6.896330068,1,272.7306493845853,0
18,6.145718367000001,1,371.7484423988744,0
19,8.296832044,1,316.9218004300044,0
20,8.346936568,1,333.06026564041775,0
21,2.764022272,1,320.85827684402466,0
22,6.795286724,1,289.7622405158149,0
23,12.748266163,1,283.80519679013423,0
24,2.058768674,1,358.1271260579427,0
25,3.400998706,1,369.3418365478516,0
26,2.8944157010000002,1,215.46780276298523,0
27,1.762521583,1,348.22144012451173,0
28,8.378588492,1,292.596656208453,0
29,2.7670497980000004,1,325.9082670211792,0
30,2.863045431,1,376.7747932076454,0
31,2.383210638,1,179.54354293005807,0
32,1.986269615,1,209.58443220456442,0
33,2.046163832,1,203.4672147432963,0
34,5.367043721,1,263.995093524456,0
35,1.195898496,1,394.9856986999512,0
36,3.542717038,1,309.84312591552737,0
37,1.6853362900000002,1,383.9700103759766,0
38,7.484387257000001,1,308.37890129089357,0
39,3.8222848170000003,1,235.0804207801819,0
40,2.14406527,1,241.36308844884238,0
41,5.5582479430000005,1,323.69527523858204,0
42,5.040145678,1,226.47403731712927,0
43,5.237370302,1,384.73729074918305,0
44,6.365364125,1,287.1702048778534,0
45,4.314037047,1,326.2258869517933,0
46,4.679545143,1,290.57541621815074,0
47,4.789955251,1,391.45369211832684,0
48,1.7561348550000002,1,328.9099716186523,0
49,1.771143546,1,339.476220703125,0
50,2.316535872,1,192.10633444786072,0
51,12.691145668,1,248.45042782170432,0
52,8.319406868,1,237.84788673802427,0
53,1.386759013,1,285.3480442762375,0
54,5.145036537,1,117.73512546221416,0
55,1.473024488,1,341.92428970336914,0
56,1.9512430570000001,1,316.74610137939453,0
57,3.282910969,1,145.4870691895485,0
58,5.6949424220000004,1,325.6186503630418,0
59,1.923303956,1,438.6011962890625,0
60,2.727169201,1,342.11378995577496,0
61,5.519333826,1,306.9120245846835,0
62,3.841737505,1,363.7271614074707,0
63,3.7962001250000004,1,354.4900207519531,0
64,6.22515188,1,246.6104106505712,0
65,1.704295911,1,338.95996475219727,0
66,3.4674232330000003,1,211.90935407366072,0
67,6.216075160000001,1,138.62572622299194,0
68,5.074514974,1,390.5609359741211,0
69,5.278547411,1,320.6264110803604,0
70,2.9121049180000003,1,293.71074867248535,0
71,1.2345667820000001,1,430.51458740234375,0
72,2.2245188170000003,1,213.05210361480712,0
73,1.223501796,1,445.0583089192708,0
74,3.444294498,1,380.37871497017994,0
0,60.086081074000006,1,442.1329253187211,0
1,2.692864042,1,405.8114936616686,0
2,1.796110735,1,601.8397326999241,0
3,6.6168212230000005,1,467.1434843275282,0
4,1.599760713,1,1250.376480102539,0
5,3.5522565490000004,1,360.93528811136883,0
6,1.2921118120000001,1,787.6389526367187,0
7,3.4201712960000004,1,581.8185831705729,0
8,1.629411857,1,384.89500935872394,0
9,1.9899497110000002,1,794.2628555297852,0
10,1.940967402,1,462.42222377232144,0
11,1.6342360040000001,1,709.8169504801432,0
12,4.871560971,1,466.9823843538761,0
13,1.390376075,1,601.1880859375,0
14,6.068808636,1,666.7498425935444,0
15,3.119399077,1,624.1886131286622,0
16,1.8304023440000001,1,695.8259938557943,0
17,3.042894554,1,590.7505730523003,0
18,1.810834966,1,1023.5018666585287,0
19,3.7135677840000003,1,1442.951582475142,0
20,1.8538641800000002,1,626.2783355712891,0
21,2.6853905790000003,1,1022.2670707702637,0
22,1.191034736,1,478.31982040405273,0
23,3.459133907,1,396.33694038391116,0
24,1.538583454,1,1136.6681213378906,0
25,4.154947967,1,621.8606211344401,0
26,5.188086062,1,504.5141397203718,0
27,5.579388385000001,1,677.3735392252604,0
28,2.461494777,1,638.9599347795759,0
29,1.9259174380000001,1,1340.5767720540364,0
30,4.005155845,1,697.9282091314143,0
31,2.033389606,1,1193.3140920003254,0
32,1.5502448260000001,1,1153.9150085449219,0
33,2.1636419030000003,1,304.7467056910197,0
34,1.685215362,1,1051.4857177734375,0
35,3.8017623560000002,1,361.5816162109375,0
36,2.217881926,1,534.9318135579427,0
37,2.113678745,1,1019.9038391113281,0
38,4.4944995080000005,1,1091.4012196858723,0
39,2.3147206920000003,1,1147.9759114583333,0
40,2.0958285770000002,1,353.57146072387695,0
41,1.3000680880000002,1,684.7985992431641,0
42,2.298216811,1,1427.1276550292969,0
43,3.3333052800000003,1,659.3045444488525,0
44,2.237690622,1,1066.8352508544922,0
45,2.4533959430000003,1,1274.6072591145833,0
46,5.877059662000001,1,611.9272801325872,0
47,1.9582267580000001,1,565.1954833984375,0
48,2.736689358,1,1379.1445138113838,0
49,1.949690673,1,1450.278125,0
50,1.529473206,1,501.8124465942383,0
51,12.353440654,1,357.14991460023106,0
52,1.5401038360000001,1,644.7854614257812,0
53,1.673135797,1,565.8239727020264,0
54,2.8744032330000002,1,2800.173828125,0
55,2.601692454,1,529.7758229573568,0
56,2.631882124,1,535.5314636230469,0
57,1.5993934950000002,1,546.0373916625977,0
58,2.9328360470000003,1,1049.4067132132393,0
59,1.587723424,1,542.8216094970703,0
60,6.2511104390000005,1,290.99899101257324,0
61,3.788991417,1,412.65790700912476,0
62,1.6572793860000001,1,618.6672439575195,0
63,3.226996027,1,1339.1543464660645,0
64,2.556596732,1,3983.571502685547,0
65,27.07867072,1,65.50743286282409,0
66,2.1333652030000003,1,1814.0066833496094,0
67,2.134707524,1,1699.378466796875,0
68,3.5137867660000004,1,1765.5656471252441,0
69,2.4343421760000004,1,2938.0226867675783,0
70,1.9111023310000002,1,1548.6490325927734,0
71,2.5709212310000003,1,1422.6052185058593,0
72,3.104451483,1,1128.0217793782551,0
73,2.480327601,1,1756.094189453125,0
74,2.1025462210000003,1,712.0046997070312,0
75,3.7863303960000003,1,1676.452383858817,0
76,2.574451434,1,1121.5353942871093,0
77,2.479193017,1,2727.788507080078,0
78,2.510093958,1,3036.8909912109375,0
79,3.522591514,1,1788.010757446289,0
80,2.703553947,1,458.4302459716797,0
81,1.894496667,1,2272.901824951172,0
82,3.5962855350000003,1,465.05188687642413,0
83,2.123401893,1,392.50888442993164,0
84,1.947621518,1,2107.872200012207,0
85,6.1401591710000005,1,506.87285683371806,0
86,8.555787386,1,713.437561920711,0
87,2.798369778,1,646.3079223632812,0
88,1.989318651,1,885.3668060302734,0
89,1.891674614,1,583.2402420043945,0
90,3.2170828580000004,1,1365.6431376139324,0
91,1.996998969,1,575.2886505126953,0
92,4.2168653030000005,1,772.4783248901367,0
93,1.510479318,1,646.4900105794271,0
94,1.3908833740000002,1,1002.7531127929688,0
95,6.556805617,1,1359.8747285207112,0
96,2.1756627230000003,1,1043.1815338134766,0
97,11.180027602000001,1,612.9324201477898,0
98,1.436329116,1,739.1149495442709,0
99,2.102027317,1,2098.8302612304688,0
100,1.453555224,1,1062.4948120117188,0
101,2.690904427,1,687.812548828125,0
102,2.121050283,1,1894.3467864990234,0
103,2.211818332,1,611.8787155151367,0
104,2.045060667,1,1125.7309799194336,0
105,2.095060315,1,1833.5803527832031,0
106,2.264829434,1,580.0307922363281,0
107,1.4665477,1,1042.45458984375,0
108,4.415867284,1,1149.1889762878418,0
109,2.617894664,1,4307.5023193359375,0
110,1.471226466,1,738.4170532226562,0
111,2.1381349590000003,1,2449.395538330078,0
112,2.16423445,1,1993.9244384765625,0
113,3.5526458310000004,1,2864.0772501627603,0
114,3.423783487,1,3578.29812113444,0
115,2.138071135,1,1336.0090713500977,0
116,3.3801972420000004,1,657.9025100072225,0
117,1.407812142,1,1023.4240926106771,0
118,2.076753313,1,1481.4385986328125,0
119,2.070284461,1,2511.854560852051,0
120,1.5122702430000001,1,835.3512573242188,0
121,1.444843039,1,1057.1776123046875,0
122,2.2474809970000003,1,1029.914680480957,0
123,2.061237995,1,588.8639831542969,0
124,6.763659383,1,896.1728522560813,0
125,2.109494244,1,988.3646926879883,0
126,5.336787331,1,361.38587527804907,0
127,1.514911069,1,756.1427612304688,0
128,2.405982573,1,423.2451956272125,0
129,5.803006552,1,836.9216066996256,0
130,5.965807499,1,1575.9009246826172,0
131,1.502193574,1,745.2723592122396,0
132,2.143418783,1,1316.182373046875,0
133,4.041800645,1,1066.3323386056084,0
134,4.801317672000001,1,516.4075660705566,0
135,5.492585632,1,5177.215718587239,0
136,3.76435574,1,1379.1178436279297,0
137,2.9086843950000003,1,1258.9545104980468,0
138,8.414734265,1,1341.5443349984976,0
139,1.636032296,1,890.7211100260416,0
140,6.082678031,1,1546.2096099853516,0
141,6.374059188,1,1147.041145324707,0
142,1.522344385,1,965.891357421875,0
143,2.255255162,1,648.1172027587891,0
144,3.604738267,1,725.757080078125,0
145,5.144765378000001,1,3558.7212409973145,0
146,3.655928072,1,683.0635782877604,0
147,1.479702276,1,1003.045664469401,0
148,9.750136074,1,2393.2855223973593,0
149,3.578274715,1,1690.9296620686848,0
150,4.602340767,1,5315.122972760882,0
151,6.509628935,1,6880.810874938965,0
152,11.007246716000001,1,450.44098365306854,0
153,4.7775010170000005,1,2264.036307198661,0
154,3.0899009430000004,1,1537.4248046875,0
155,2.467863071,1,1480.640396118164,0
156,4.614724629,1,1418.6676374162946,0
157,4.282516112000001,1,1125.5556335449219,0
158,2.527040309,1,1343.0555038452148,0
159,4.948666194,1,1035.436074393136,0
160,3.439142184,1,539.0758891105652,0
161,2.712451214,1,1107.1403884887695,0
162,5.591923166,1,3029.22998046875,0
163,1.7725126210000002,1,1414.5962015787761,0
164,1.8041234510000002,1,756.5421651204427,0
0,49.383480899000006,1,727.8671431416213,0
1,3.04979155,1,868.3984886907762,0
2,9.738103988,1,760.2755129312732,0
3,3.1846297310000002,1,1065.2410685221355,0
4,4.346214779,1,797.0195781428639,0
5,3.5207485860000003,1,1137.5451226234436,0
6,2.937880018,1,984.2799743652344,0
7,4.49945064,1,1351.1024736676898,0
8,4.27057237,1,1287.5483222374548,0
9,5.2744145300000005,1,940.1199053596048,0
10,1.7888663710000001,1,1928.4563496907551,0
11,2.3790188220000004,1,904.496208190918,0
12,5.023284996,1,1453.819242477417,0
13,3.015282209,1,1067.215069580078,0
14,7.305820076000001,1,1124.8133821033296,0
15,1.129216017,1,740.1175384521484,0
16,2.3488671930000002,1,1843.7368861607142,0
17,5.9758593410000005,1,702.0977509442498,0
18,5.973865273,1,1246.3581097920735,0
19,2.4736459070000003,1,2514.7830984933034,0
20,4.069915423,1,1926.4768432617188,0
21,1.3830034900000001,1,1161.5811157226562,0
22,1.462229859,1,943.0137939453125,0
23,1.4715012630000002,1,963.8349761962891,0
24,7.202821729,1,2912.4631204044117,0
25,6.619072926,1,2911.6153717041016,0
26,3.7392167150000004,1,2734.069964599609,0
27,3.6318717950000003,1,1102.5293579101562,0
28,3.6563554440000003,1,1039.5096452501084,0
29,4.611167853,1,2519.701815518466,0
30,4.942183405000001,1,2593.9610748291016,0
31,15.632718796,1,3334.4971187815945,0
32,4.298798831,1,7061.865270996093,0
33,5.6461798530000005,1,4509.5587158203125,0
34,2.357153584,1,2574.195241292318,0
35,4.301958016,1,741.9312873840332,0
36,2.4231736710000003,1,2871.2403564453125,0
37,3.327406442,1,1385.6026000976562,0
38,1.523297053,1,693.6875,0
39,2.3601708350000004,1,3033.1108194986978,0
40,2.3332235370000003,1,1633.6954345703125,0
41,3.105889625,1,1312.9920131138392,0
42,1.871141605,1,1374.0507690429688,0
43,3.346334547,1,1938.1581268310547,0
44,3.87125917,1,2038.2192925347222,0
45,4.165216541,1,1834.2673837873672,0
46,3.069766818,1,2970.8119594029017,0
47,2.478513378,1,1188.8143819173176,0
48,2.4997737310000003,1,1201.3298848470051,0
49,3.601090633,1,4364.168762207031,0
50,3.576302173,1,2060.3898010253906,0
51,3.266197891,1,1434.4429931640625,0
52,3.0991429380000004,1,3210.8018101283483,0
53,2.049723048,1,2004.1730590820312,0
54,2.7077257660000003,1,1207.9368896484375,0
55,5.229288836,1,1050.0315107865767,0
56,2.7308764510000003,1,1266.227559407552,0
57,3.53351184,1,9729.238555908203,0
58,4.078514271,1,2316.8895195855034,0
59,9.413928781000001,1,5207.344874572754,0
60,3.6774211190000003,1,3363.522042410714,0
61,3.0801790430000002,1,2629.1639709472656,0
62,2.5400530700000004,1,3345.3552734375,0
63,2.48514376,1,2839.5359008789064,0
64,1.315787478,1,754.7832438151041,0
65,3.099211957,1,1756.5516255696614,0
66,4.373920229,1,6836.068161010742,0
67,1.3440142640000001,1,971.3236083984375,0
68,1.365536509,1,772.5971272786459,0
69,1.956277749,1,1306.8902435302734,0
70,2.057304992,1,2080.3497161865234,0
71,3.8983619560000005,1,4638.589494977678,0
72,2.6662766810000003,1,1135.6446166992187,0
73,4.12888691,1,600.5026048932757,0
74,3.2830291750000002,1,1285.3350321451824,0
75,2.701965485,1,1204.6557250976562,0
76,2.801331997,1,2900.2115234375,0
77,2.7069774370000004,1,1754.4377807617188,0
78,2.068337832,1,1573.7729187011719,0
79,2.5997772930000003,1,777.3856689453125,0
80,2.034733059,1,2695.8563842773438,0
81,1.443042348,1,864.053466796875,0
82,2.149491831,1,2416.003692626953,0
83,1.4289057330000001,1,782.5726318359375,0
84,1.4066351220000002,1,977.2110799153646,0
85,3.4507591150000003,1,2838.488800048828,0
86,1.406246946,1,777.4995320638021,0
87,1.3888315820000001,1,947.4671630859375,0
88,1.4282042860000002,1,801.0433349609375,0
89,1.3753064810000002,1,865.9942423502604,0
90,4.016332892,1,2167.2064906529017,0
91,1.446469923,1,960.9806518554688,0
92,3.89458933,1,2734.8290666852677,0
93,3.982768286,1,1477.5669991629463,0
94,1.390581687,1,764.5207316080729,0
95,2.6068444850000003,1,2598.2145385742188,0
96,1.42960084,1,1091.9000244140625,0
97,1.5201494750000002,1,861.4012858072916,0
98,4.057736006,1,4122.015555245535,0
99,5.167014312,1,1056.8033175998264,0
100,1.4263943060000002,1,784.2070719401041,0
101,2.136923331,1,2310.5558166503906,0
102,2.716775434,1,3142.706921386719,0
103,2.704933302,1,6862.863720703125,0
104,8.059581409,1,12389.741206242488,0
105,3.388651845,1,739.8228556315104,0
106,1.4626135230000001,1,802.0837809244791,0
107,3.4722873580000004,1,2143.7594401041665,0
108,1.5721194790000002,1,946.3780924479166,0
109,1.5487615170000002,1,848.0203043619791,0
110,1.5099020980000002,1,1180.0997924804688,0
111,2.7843711530000004,1,2278.647607421875,0
112,4.001822494000001,1,11679.602460588727,0
113,1.4576555930000001,1,1157.0818481445312,0
114,4.660076285000001,1,2755.9024505615234,0
115,2.128454404,1,2017.5371551513672,0
116,2.831287435,1,2429.8725341796876,0
117,1.550624653,1,964.1624755859375,0
118,2.9992524840000003,1,2351.4389770507814,0
119,2.752766031,1,761.80673828125,0
120,2.396807915,1,481.4612579345703,0
121,1.533220881,1,907.893310546875,0
122,1.545729439,1,944.6339111328125,0
123,2.2956784580000003,1,1546.9756469726562,0
124,2.8376540140000004,1,2669.9339233398437,0
125,2.9082394170000003,1,1012.0826293945313,0
126,7.232698339000001,1,645.5633239746094,0
127,1.5673666970000002,1,860.3074544270834,0
128,2.2168162600000003,1,1878.0633392333984,0
129,2.979097839,1,795.6578491210937,0
130,5.602635974,1,21652.56629096137,0
131,2.9384292850000002,1,778.1120483398438,0
132,1.551415323,1,1222.2652994791667,0
133,5.848069332000001,1,7373.295233832465,0
134,6.189059208000001,1,7789.613922119141,0
135,7.9283613100000006,1,19719.772135416668,0
136,2.357463578,1,851.6344604492188,0
137,1.521610855,1,925.4619954427084,0
138,1.6500188120000001,1,1085.0452067057292,0
139,3.8271360390000004,1,5992.027618408203,0
140,1.591749325,1,896.7305908203125,0
141,3.115983506,1,1957.77265625,0
142,5.692158369,1,298.281259059906,0
143,4.41062582,1,6263.614414760044,0
144,3.5761549840000004,1,3300.4172871907554,0
145,3.8630230660000002,1,1620.2856852213542,0
146,1.6818256100000002,1,1254.1458943684895,0
147,3.0380388170000003,1,8172.116223144531,0
148,2.5066212070000002,1,1756.6211395263672,0
149,2.405182285,1,4893.921875,0
150,2.3476816080000003,1,1424.3228759765625,0
151,3.9342578140000004,1,6733.227915445964,0
152,2.369777935,1,2128.8902435302734,0
153,1.670579236,1,1290.4580485026042,0
154,8.709671438,1,6717.072982788086,0
155,3.988970907,1,3014.2088623046875,0
156,1.806154245,1,781.4153442382812,0
157,2.6546233430000004,1,1041.644515991211,0
158,4.885207933,1,5994.489536830357,0
159,2.555507152,1,2152.155517578125,0
160,3.2661536260000004,1,5588.676184082031,0
161,1.8153664,1,927.2218627929688,0
162,2.771013242,1,3749.0576782226562,0
163,3.0896835580000004,1,458.0065803527832,0
164,4.132473646,1,8528.063639322916,0
165,3.360080822,1,3234.589245605469,0
166,6.034079908000001,1,1096.903476715088,0
167,2.526440472,1,1515.5194244384766,0
168,6.546939588000001,1,3948.266791449653,0
169,2.793875298,1,725.3038635253906,0
170,2.7974399940000003,1,3991.659469604492,0
171,2.6534619530000003,1,1532.491455078125,0
172,2.746234415,1,1263.4654846191406,0
173,2.657329863,1,829.0586853027344,0
174,2.7220310000000003,1,1470.8209991455078,0
175,3.525294101,1,2040.70751953125,0
176,4.261391166,1,4428.1525472005205,0
177,5.208791169,1,2907.6036202566966,0
178,6.211328162,1,10238.674835205078,0
179,3.573315705,1,2408.08984375,0
180,7.855765701,1,4548.608416748047,0
181,3.5861009260000003,1,3518.4384521484376,0
182,14.011743814,1,5300.723459879558,0
183,1.9896143060000002,1,700.007080078125,0
184,5.759383066000001,1,1370.0379061017718,0
185,2.9300762660000004,1,2783.9639282226562,0
186,1.994871886,1,778.8210245768229,0
187,2.80504509,1,4457.107574462891,0
188,4.639936575,1,3200.4839477539062,0
189,3.1520915090000003,1,3719.432342529297,0
190,4.205299503,1,752.1166015625,0
191,2.927106309,1,2825.1851348876953,0
192,3.898449788,1,4444.149475097656,0
193,11.708515054000001,1,3434.495335170201,0
194,2.921764087,1,3516.1499786376953,0
195,3.852267372,1,715.5345153808594,0
196,5.032274482,1,2910.1188456217446,0
197,2.952065472,1,1139.943618774414,0
198,4.73759769,1,3368.7044474283853,0
199,7.211703664000001,1,19137.58940294054,0
200,2.75597545,1,5213.879135131836,0
201,3.7726002590000003,1,1400.95283203125,0
202,6.651188634,1,2776.0563354492188,0
203,4.669892203,1,2629.9444681803384,0
204,2.9110222770000003,1,2496.727523803711,0
205,3.614830083,1,10525.030651855468,0
206,2.994056714,1,2922.4163208007812,0
207,7.065670397000001,1,2438.5430603027344,0
208,5.4408509590000005,1,11785.431318010602,0
209,2.194897509,1,2139.5969848632812,0
210,3.209868423,1,5275.980331420898,0
211,3.199523731,1,1019.3935089111328,0
212,3.18451909,1,4285.064041137695,0
213,3.072584706,1,3670.378387451172,0
214,7.290597996000001,1,11816.069343566895,0
215,3.075391987,1,2482.4064331054688,0
216,3.9161144830000003,1,2458.20625,0
217,3.0204328360000003,1,683.4326629638672,0
218,5.284188305000001,1,3611.607106526693,0
219,10.83092113,1,4692.815044696515,0
220,4.7228728250000005,1,8091.090057373047,0
221,5.077841678,1,588.7463531494141,0
222,10.4106664,1,6619.444920857747,0
223,2.035630012,1,691.3072916666666,0
224,3.151897334,1,2338.303009033203,0
225,12.032582738,1,2218.0123267540566,0
226,13.902409358000002,1,1380.4611307779949,0
227,7.88961538,1,18034.568084716797,0
228,11.784706980000001,1,588.591845703125,0
229,13.735535400000002,1,25549.345296223957,0
230,11.624827749000001,1,1871.5694580078125,0
231,16.195220796,1,27145.743713378906,0
232,10.852963536,1,6162.488305664063,0
233,5.83035251,1,1588.705078125,0
234,13.055783049,1,29222.33171590169,0
235,61.579767925000006,1,54383.44446252893,0
236,9.187000599000001,1,2186.788803100586,0
237,18.069062117,1,25794.048531668526,0
238,10.732279761000001,1,588.4153594970703,0
239,7.038004678,1,573.0247802734375,0
240,6.387726305,1,1596.39794921875,0
241,11.310993144000001,1,54585.4769165039,0
242,20.786528614,1,10047.218154907227,0
243,9.861418447,1,545.2716484069824,0
244,29.261978878,1,50730.55067582564,0
245,13.556935601000001,1,3154.378063964844,0
246,7.451116811,1,1602.4090983072917,0
247,12.777224746,1,5148.179357910156,0
248,16.395285924,1,2739.036417643229,0
249,10.433479904,1,581.7084503173828,0
250,19.270660971,0,34535.61192103795,1
251,15.151258012000001,0,46738.42960611979,1
252,6.782668183,1,1360.029764811198,0
253,6.872305453,1,17477.665690104168,0
254,11.023086069000001,1,583.1452331542969,0
255,10.621042778000001,0,66071.30044555664,1
256,13.472188366000001,0,33778.35366210937,1
257,7.508423194000001,1,1598.0639038085938,0
258,20.26390658,1,3785.670584133693,0
259,7.076078857000001,1,16977.040588378906,0
260,14.265453140000002,1,2471.609375,0
261,40.413580604,0,19557.32589486929,1
263,13.69390628,1,6541.059094238281,0
264,10.969545405,1,582.4163208007812,0
265,20.735880593,0,22720.868312290735,1
266,7.634641638000001,1,1515.7244262695312,0
267,31.712384169000003,0,43235.51090087891,1
268,11.045824462,1,582.8284912109375,0
269,7.755545625000001,1,571.5110880533854,0
270,11.569508005000001,1,578.6154479980469,0
271,8.269489004,1,12765.083557128906,0
272,24.115472991,0,42724.07392883301,1
273,10.327427312000001,0,66041.84271240234,1
274,14.238059083000001,1,18890.225854492186,0
275,7.613779934,1,572.5424601236979,0
276,21.133667968,0,30697.60027204241,1
277,14.239296847,1,1874.989208984375,0
278,12.169486302000001,1,583.9924926757812,0
279,62.566291388,1,35225.49643841912,0
280,8.085809368000001,1,1603.5634765625,0
281,7.811236464,1,1603.0909016927083,0
282,11.489744547,1,2138.195297241211,0
283,11.421791180000001,0,39627.597091674805,1
284,29.436706308,1,22791.98992919922,0
285,7.608213585000001,1,1989.330078125,0
286,11.661636704000001,1,2127.449981689453,0
287,41.265721539000005,1,25838.417189378004,0
288,23.4615183,0,33005.973615373885,1
289,8.183308724,1,573.8058268229166,0
290,12.761201535000001,1,2339.1443786621094,0
291,9.102542959,1,2798.0947265625,0
292,14.370114787,1,4640.830947875977,0
293,24.193840302,1,37798.910400390625,0
294,19.835861459,0,29557.395141601562,1
295,8.603383621,1,572.4493815104166,0
296,8.967451421,1,1605.9549967447917,0
297,19.577640284,0,26694.196014404297,1
298,32.407025632,1,4843.014546712239,0
299,62.012619872,1,80221.578125,0
300,30.158834276,1,2176.305953979492,0
301,46.498284451,1,37462.453633626305,0
302,27.467737394,0,58503.40335518973,1
303,14.73279046,1,2154.744598388672,0
304,39.015439422,0,12028.687481689452,1
305,9.197357814,1,571.8668619791666,0
306,22.005916431000003,0,16345.43950398763,1
307,17.931738507000002,1,2393.671826171875,0
308,19.09803687,1,24729.13690185547,0
309,41.121665641,1,93063.01004638671,0
310,62.658347795000005,1,8784.129943847656,0
311,18.574978122,1,1900.2657836914063,0
312,19.911139718,1,593.4901733398438,0
313,10.57582355,1,1611.0109049479167,0
314,25.112887054,0,21412.229085286457,1
315,62.596062587000006,1,117663.31539481027,0
316,9.892286153,1,573.707763671875,0
317,23.785850021,0,20308.62387084961,1
318,19.075817616000002,1,4992.916613769531,0
319,25.395473511000002,0,5503.0928955078125,1
320,10.221121874000001,0,29411.177205403645,1
321,10.257015544000001,0,33986.516438802086,1
322,10.203682140000002,1,33095.73618570963,0
323,18.81284665,0,11348.109631347656,1
324,9.474633707,1,15601.330423990885,0
325,37.613240937,0,24560.09716796875,1
326,14.234077877,0,35117.1932220459,1
327,63.454164337,1,120271.57161051432,0
328,29.075910176,0,40335.34922572545,1
329,14.731148589000002,0,30251.769439697266,1
331,10.215432068,1,1608.3846842447917,0
332,34.541219977000004,1,12264.796508789062,0
333,10.367018505,1,1606.6791178385417,0
334,20.019773871,1,73948.22377929688,0
335,16.124370461,0,59883.90982055664,1
336,26.298454565,0,47365.43776448568,1
337,11.438158374,1,574.3574829101562,0
338,14.986672230000002,0,34545.26885986328,1
339,10.124502374,1,31078.09444173177,0
340,10.500799051000001,1,1607.7626953125,0
341,10.856346751,1,575.2245483398438,0
342,45.067170223000005,0,27505.660150146483,1
344,35.784448715,1,6375.906143188477,0
345,10.241814483,0,32578.760579427082,1
346,15.718733648,1,3401.391632080078,0
347,10.437525323000001,1,7981.1190999348955,0
348,15.595518001,1,1886.0731964111328,0
349,11.061423584,1,1611.39306640625,0
350,10.330195845,1,22533.958333333332,0
351,61.237438146,1,3788.9949481670674,0
352,11.480256518000001,1,2368.3822224934897,0
353,28.375657475,0,3337.0080057779946,1
354,11.418396364000001,1,25912.883646647137,0
355,63.805224583000005,1,2730.7352999173677,0
356,10.648474164000001,1,573.8006998697916,0
357,10.647363519,1,2927.6692504882812,0
358,29.581067418000003,0,76999.18056815011,1
359,15.680476800000001,1,2158.709930419922,0
360,16.466862418,0,76601.72840881348,1
361,11.354566912000001,0,38867.77022298177,1
362,11.876279483000001,1,575.3131510416666,0
363,10.729760847000001,1,7634.0260823567705,0
364,10.781829053000001,1,11724.062825520834,0
365,20.485123994000002,0,33154.76689453125,1
366,31.151693158,0,34680.65985979353,1
367,20.620277502,1,30645.83254394531,0
368,15.946445678000002,1,2049.7288208007812,0
369,16.677320322,0,44856.25199890137,1
370,11.441653592000002,0,7200.721028645833,1
371,16.727410243,0,41248.36990356445,1
372,23.332913638,1,1886.301025390625,0
373,26.948578840000003,1,5364.4297281901045,0
374,28.149045633,1,2721.1055501302085,0
375,64.011456636,1,49980.53653188852,0
376,49.630579447,0,3132.5296156141494,1
377,37.048209293,1,4947.806204659598,0
378,12.269368047,0,17330.750610351562,1
379,18.325417307000002,1,2148.4420776367188,0
380,11.944775661000001,0,50372.19956461588,1
381,35.284447715,1,2886.339372907366,0
382,29.627597644,1,5955.060211181641,0
383,12.795095524,0,19703.147237141926,1
384,12.258147033,0,3832.286417643229,1
385,60.365554116000006,1,3226.5257845791903,0
386,11.980734011000001,1,1612.2027180989583,0
387,12.376094218,1,574.8980305989584,0
388,11.802984513,1,573.3574422200521,0
389,23.84879021,1,2514.3292724609373,0
390,28.217703327000002,1,8475.158131917318,0
391,23.794561679,0,24211.585705566406,1
392,44.285307335000006,1,70659.8181898329,0
393,23.194096776000002,0,41655.902893066406,1
394,29.366890486000003,0,13133.715321858725,1
395,11.919731963,1,8836.112365722656,0
396,12.649350832000001,1,1616.4725748697917,0
397,46.425380163,1,30344.74068874783,0
398,12.245314483000001,0,22142.199747721355,1
399,18.42534501,1,2147.4461364746094,0
400,43.990888275,0,41956.6940612793,1
401,19.502774269,1,2174.737030029297,0
402,12.400450195000001,1,1616.5127766927083,0
403,30.224235816,0,26062.970377604168,1
404,12.433079885000001,1,7974.8232014973955,0
405,11.989565897,0,35772.55694580078,1
406,40.922669319,0,27311.398246765137,1
407,12.314865102,1,1616.3601481119792,0
408,26.379833619000003,1,2359.9511474609376,0
409,24.914255935,0,3889.755822753906,1
410,24.707417947000003,1,5079.615319824219,0
411,30.058966912000002,1,1749.7743428548176,0
412,18.62639924,0,2160.272430419922,1
414,24.938542012000003,1,1926.6420837402343,0
415,29.530258494,0,38069.92855834961,1
416,24.025785733000003,0,42408.186560058595,1
417,24.440215437000003,1,3172.972412109375,0
418,43.040735938000005,0,20572.79663848877,1
419,25.135098210000002,1,2507.5091796875,0
420,18.698257132000002,0,15300.773513793945,1
421,12.806715269000001,1,572.3331502278646,0
422,13.222317609000001,1,1616.818603515625,0
423,18.460558336000002,1,33161.26745605469,0
424,25.249720826,0,16155.91495361328,1
425,12.947554005,0,21408.04884847005,1
426,19.299630079,1,26458.868545532227,0
427,54.862509366000005,0,29193.960367838543,1
428,14.361553262000001,0,5694.315104166667,1
429,28.574913476000003,1,2037.1061279296875,0
430,13.124754892,1,1618.4702962239583,0
431,19.985410507,0,1864.1072082519531,1
432,50.291575698,1,41945.24857584635,0
433,13.914228024000002,0,34410.144958496094,1
434,14.037717418000002,0,11644.975260416666,1
435,13.840127152,0,66294.19989013672,1
436,65.30466403300001,1,92532.79895574396,0
437,13.606671740000001,0,25094.089274088543,1
438,13.35022035,1,52613.50333658854,0
439,45.914006351000005,0,2558.4112091064453,1
440,13.040919158000001,0,56058.12845865885,1
441,19.306478063,0,18822.346221923828,1
442,13.024263498000002,0,56946.11083984375,1
443,25.91705577,1,31686.461828613283,1
444,19.577049491,0,3755.683853149414,1
445,13.475095538000001,1,573.9659016927084,0
446,14.185954439000001,0,5250.490865071614,1
447,62.58724394,0,3751.1744689941406,1
448,27.489457993000002,1,14049.837951660156,0
449,20.658280661000003,1,2764.3187255859375,0
450,27.638023786,0,1937.7732299804688,1
451,13.667767182,0,12201.484110514322,1
452,27.470399475,1,2518.4396728515626,0
453,26.196648976000002,0,93189.13588867188,1
454,13.813058060000001,1,8171.45263671875,0
455,33.917971428,0,42269.66398111979,1
456,14.307398941,1,1619.8916625976562,0
457,28.170196336,0,8725.928149414063,1
458,27.748352865,0,14242.40340576172,1
459,14.325132881,0,33473.54479980469,1
460,61.248868341000005,1,46489.8782409668,0
461,28.304019294000003,0,5029.59716796875,1
462,28.510369593,1,4779.733349609375,0
463,28.075017332,0,47568.10358886719,1
464,22.273196578,1,2155.8360748291016,0
465,14.580575789000001,1,1621.785400390625,0
466,29.743321220000002,1,2527.787060546875,0
467,14.708655063,1,573.1800333658854,0
468,22.832361583,0,37225.906967163086,1
469,37.657832410000005,0,20118.704549153645,1
470,15.463487503000001,1,1622.286600748698,0
471,48.162945942,0,76805.27935791016,1
472,35.594998087,1,27860.028594970703,0
473,15.164750334,0,38527.03535970052,1
474,36.853735667,0,55218.28172810873,1
475,15.113223975,0,48657.516438802086,1
476,15.189206562,1,10063.189025878906,0
477,15.613254874,0,47727.67732747396,1
478,16.111592709,1,1532.6640625,0
479,16.288382213000002,1,1627.49365234375,0
480,25.312924288,1,2166.5467681884766,0
481,16.291581939,0,554.0698445638021,1
482,15.762852378000002,1,1495.3694864908855,0
483,15.031420909000001,0,51284.68190511068,1
484,15.249634904,0,12656.242248535156,1
486,15.657864994,1,1623.9125569661458,0
487,23.249248236,1,1318.37939453125,0
488,15.97485561,1,14650.984619140625,0
489,22.677374743,0,11517.662551879883,1
490,39.008842655,0,2590.3049926757812,1
491,39.074863958,1,5646.298411051433,0
492,17.267412393,1,575.7516276041666,0
493,15.252486177000002,0,46088.16752115885,1
494,31.320333447000003,1,1787.7150634765626,0
495,15.440861193000002,0,71621.08009847005,1
497,38.74093383,1,2761.6228230794272,0
498,51.25998778100001,1,2019.7362442016602,0
499,15.461001464,1,7320.675720214844,0
500,38.760539331000004,1,8011.065399169922,0
501,26.053152987,1,6130.502883911133,0
502,25.923891583000003,0,20090.629791259766,1
503,17.345574889,1,26901.658854166668,0
504,8.319667468,0,556.6334838867188,1
505,8.27852414,0,555.7013244628906,1
506,14.570409257000001,1,34790.44224039713,0
507,8.493840215,0,553.1465454101562,1
508,31.618035378000002,1,593.3944213867187,0
509,14.803945132,1,3302.9306844075522,0
510,39.267825724000005,0,12519.002532958984,1
511,16.480403487,1,1399.4938354492188,0
512,30.781758479,0,66461.49350585937,1
514,54.721400747000004,1,5592.350143432617,0
515,46.030937883,0,35133.342032296314,1
516,8.536629438,0,555.8557434082031,1
517,23.93398368,0,2747.35888671875,1
518,23.881544113,0,6529.354766845703,1
519,30.771807848,1,33430.807141113284,1
520,15.907668010000002,0,52170.594970703125,1
521,16.35351526,1,574.3765869140625,0
522,34.981661291,0,30403.92156982422,1
523,22.16379577,1,2163.581832885742,0
524,9.39058419,0,555.4137573242188,1
525,17.955562236000002,1,1631.2915649414062,0
526,24.772751229,0,3047.907272338867,1
527,16.452456055000003,0,30295.145446777344,1
528,24.842873585000003,1,2199.5554809570312,0
529,25.835831579,1,607.8164367675781,0
530,50.842355167,0,19846.503034319197,1
531,17.845725595,1,1631.9278564453125,0
532,24.625923097,1,583.5042572021484,0
533,8.640611264,0,552.0104370117188,1
534,24.387212355000003,1,3248.7232208251953,0
535,17.533940959000002,1,10099.877705891928,0
536,32.558858093000005,1,7012.041076660156,0
537,16.538575787000003,0,25073.73876953125,1
538,25.040032299,1,3900.569381713867,0
539,17.569186566000003,1,1628.35205078125,0
540,33.267306948000005,1,2545.038623046875,0
541,61.779391325000006,1,1732.2510013580322,0
542,17.357227654000003,0,13492.32460530599,1
543,9.207179716,0,551.9986877441406,1
544,9.294425487,0,551.7564086914062,1
545,17.289555997,1,59010.60194905599,0
546,25.806555166000003,0,8946.027847290039,1
547,67.35395546400001,1,33218.8015882704,0
548,32.84246573,0,11119.90712890625,1
549,15.664861117000001,1,25208.677408854168,0
550,67.69860136,1,80316.10643174913,0
551,17.74823457,1,1629.9781087239583,0
552,17.174641838,1,24663.983805338543,0
553,17.53950006,1,1629.3331095377605,0
554,16.856397415,1,575.7179768880209,0
555,34.2993449,0,42534.21669921875,1
556,67.937741224,1,48008.48695203993,0
557,35.313478675,0,4606.267529296875,1
558,26.81843097,1,2200.727340698242,0
559,33.893435581000006,0,13470.6650390625,1
560,17.073578027,0,22777.158081054688,1
562,25.588330777000003,0,8600.31999206543,1
563,25.837682592,1,2439.4395904541016,0
564,17.938899998,0,23187.827575683594,1
565,44.262307664000005,1,21469.210540771484,0
566,68.777881777,1,20340.104942321777,0
567,35.405192956,1,4679.679357910156,0
568,28.784190015,1,2215.9771881103516,0
569,18.98832893,1,1633.1375732421875,0
570,28.993885408,1,2177.9744415283203,0
571,9.694419336000001,0,555.3388671875,1
572,26.207448675000002,1,2206.8365783691406,0
573,18.706418594000002,1,574.5901489257812,0
574,10.149214998000001,0,553.9485778808594,1
575,19.577488956,1,574.793701171875,0
576,10.70440299,0,552.990478515625,1
577,49.489592698,0,20315.171010335285,1
578,49.698742882000005,0,6825.803487141927,1
579,20.542587463,1,1637.2179768880208,0
580,18.694805992000003,0,8094.7329508463545,1
581,18.549912774000003,1,28215.545349121094,0
582,19.150013569000002,1,1633.423807779948,0
583,49.51528024,1,9126.009783063617,0
584,26.900108200000002,0,29756.16128540039,1
585,18.516381256000003,1,573.9931844075521,0
586,29.08256446,1,583.4931335449219,0
587,19.701252827,0,33494.308044433594,1
588,38.458842459,0,37749.82971191406,1
589,19.997891025,1,573.7518310546875,0
590,19.411908128,0,58768.68005371094,1
591,10.378868567000001,0,553.9398193359375,1
592,38.679303301000004,1,6426.965539550782,0
593,19.917164304,1,1636.8523763020833,0
594,28.770320079,0,6829.487594604492,1
595,19.481074531,1,1800.3720296223958,0
596,28.466613239,1,584.7106170654297,0
597,19.262559464000002,1,574.7711588541666,0
598,28.162954939000002,1,2174.7899627685547,0
599,20.285554485000002,0,56180.96059163412,1
600,30.878096853000002,1,584.2706604003906,0
601,31.191262122,1,584.2689361572266,0
602,28.729067663000002,1,2215.7811889648438,0
603,38.579698687000004,0,6569.990881347656,1
604,66.621601964,1,47190.44096374512,0
605,18.754316600000003,0,47539.550801595055,1
606,9.957108071,0,551.9586486816406,1
607,18.960321834000002,1,1636.0783284505208,0
608,19.824823394000003,1,1637.2266438802083,0
609,19.214343768000003,0,26540.970092773438,1
610,10.158031103,0,554.14794921875,1
611,19.381849095,1,574.0250447591146,0
612,21.184539234000002,1,1639.5556640625,0
613,31.599514105,1,8804.823944091797,0
614,67.26784186900001,0,14591.456649780273,1
615,29.443460374,1,584.8553009033203,0
616,20.850394299,1,573.791748046875,0
617,68.21456620000001,1,6544.334533691406,0
618,48.574152478,1,2719.543009440104,0
619,20.571768852,0,3353.9239095052085,1
620,30.512207056,0,5623.531875610352,1
621,20.299329214,1,14501.629109700521,0
622,28.416972371000004,0,8568.154968261719,1
623,10.141497227,0,554.8680725097656,1
624,28.590576698000003,0,3318.987289428711,1
625,10.176387643,0,551.1782531738281,1
626,28.424634228000002,0,7761.1749267578125,1
627,19.194441988,1,24731.525227864582,0
628,30.088528397,1,9419.850082397461,0
629,29.953989243000002,0,1228.124496459961,1
630,19.914436566000003,0,27419.59043375651,1
631,49.560260853,1,2812.0216674804688,0
632,52.079215673,0,17210.01742553711,1
633,11.365979768,0,552.1321411132812,1
634,42.197001319,0,2891.1772583007814,1
635,11.305633464000001,0,555.9291076660156,1
637,52.133741148000006,1,15486.372467041016,1
638,21.112803245000002,1,572.3846028645834,0
639,29.133343293000003,1,3361.439178466797,0
640,20.196220527,0,4780.028564453125,1
641,20.528481862,1,572.9744466145834,0
642,20.339522898000002,0,37246.55116780599,1
643,49.769128996000006,1,6328.708597819011,0
644,22.522988434000002,1,1643.5752970377605,0
645,33.176649098,0,1894.1436004638672,1
646,22.406253923,0,780.3500162760416,1
647,54.033536829000006,0,16005.97471110026,1
648,43.992890991,1,2518.3992553710937,0
649,32.436521515,1,585.6615142822266,0
650,20.579959453,1,14257.211405436197,0
651,11.490829828,0,555.3602294921875,1
652,52.599056062,0,11664.381286621094,1
653,32.63942257,1,2211.3114013671875,0
654,21.438854024,1,1640.4479166666667,0
655,22.926104045000002,1,7894.155843098958,0
656,23.553003005,1,1646.7709147135417,0
657,23.520862109000003,1,574.0781860351562,0
658,21.529593126,0,6714.3512776692705,1
659,65.92702933800001,1,392.0984584263393,0
660,31.217074525,0,5498.51481628418,1
661,21.11212905,1,1640.760009765625,0
662,22.764516623000002,1,573.9873657226562,0
663,11.819174102,0,553.8647155761719,1
664,22.452401888,0,5069.1315511067705,1
665,33.733881001,1,584.5731811523438,0
666,42.170522833,0,2193.224853515625,1
667,20.878212959000003,0,35039.2802734375,1
668,21.676539679,1,574.9632568359375,0
669,36.103336258,0,7138.835266113281,1
670,24.605655346000002,1,1653.0169677734375,0
671,21.794029095000003,1,574.303955078125,0
672,42.965310657,0,3289.3206176757812,1
673,31.899389684000003,0,44627.79783630371,1
674,22.152234493,1,1645.8004150390625,0
675,21.791464175,0,13487.658162434896,1
676,42.782554227000006,0,16524.096484375,1
677,22.159879076000003,1,575.0163370768229,0
678,31.951927729,0,24694.194366455078,1
679,21.734165894,1,1507.944091796875,0
680,35.063343765,1,585.6494293212891,0
681,36.96371928,1,610.2230968475342,0
682,40.902841748,0,47783.09493408203,1
683,22.456998528,1,575.1397298177084,0
684,21.529483962,1,1642.59228515625,0
685,11.405770367,0,555.3283386230469,1
686,11.472859143,0,555.0327453613281,1
687,32.725139918,1,585.2139129638672,0
688,21.860820946,1,39545.39717610677,0
689,35.269653962,1,584.7969360351562,0
690,34.250653667,0,598.1687164306641,1
691,22.231867292,1,25332.52518717448,0
692,22.402159278000003,0,5780.0491129557295,1
693,32.899375129,0,19271.747985839844,1
694,32.134903356,0,4531.2796630859375,1
695,22.711237943,0,836.9820556640625,1
696,11.871478608,0,555.8952941894531,1
697,32.525167682,1,2813.9727783203125,0
698,69.456183964,0,24322.21661376953,1
700,24.025497613000002,1,575.7417399088541,0
701,56.590560876000005,1,2729.5584106445312,0
702,33.744226209000004,1,584.4827575683594,0
703,31.839578902000003,1,30246.797897338867,0
704,23.240307212,0,9995.624226888021,1
705,23.36487032,1,574.2172648111979,0
706,24.483102262000003,1,1930.303975423177,0
707,13.727571041000001,0,556.2384338378906,1
708,13.666523381000001,0,554.0168762207031,1
709,13.603294368,0,554.6549377441406,1
710,65.14411894300001,1,1074.183403968811,0
711,23.793837495000002,1,1648.9608154296875,0
712,46.50758382,0,8377.797241210938,1
713,12.643578899000001,0,552.3502807617188,1
714,23.876446446000003,0,3726.3094482421875,1
715,24.090676732000002,1,1647.858154296875,0
716,45.263543729000006,1,20352.631701660157,0
717,24.189891678000002,1,1650.4444173177083,0
718,22.219623455,0,15143.409688313803,1
719,33.299758033,1,2238.5257263183594,0
720,26.101931450000002,1,1655.2069295247395,0
721,25.351956462,1,1656.6744791666667,0
722,67.23625328600001,1,1506.015659877232,0
723,56.859476001000004,1,74959.57817586263,0
724,63.079757409,1,1721.990249633789,0
725,23.269187877,0,36621.357930501305,1
727,36.404609356,1,590.0097961425781,0
728,58.191281012000005,1,14020.507283528646,0
729,49.898622176,1,3165.8158203125,0
730,53.22344273,1,2631.4018676757814,0
731,36.66231021,0,577.5468139648438,1
732,12.589501964,0,556.0741882324219,1
733,35.840049166,1,2294.031723022461,0
734,13.003598295000002,0,555.6430358886719,1
735,24.917023946,1,574.9772135416666,0
736,24.608297515,1,1649.6864217122395,0
737,48.187655070000005,1,2593.607458496094,0
738,70.197615561,1,6142.370989118303,0
739,24.925872315000003,1,575.1689453125,0
740,25.873044761000003,0,3446.157430013021,1
741,50.535305495,0,5816.828381347656,1
742,50.437073851,0,19724.217846679687,1
743,13.845496787,0,554.5369873046875,1
744,13.849507583000001,0,555.4772338867188,1
745,63.91786157800001,1,5298.941833496094,0
746,63.383103526000006,0,27696.505493164062,1
747,51.16642095,1,11237.448278808593,0
748,49.071472116,0,29092.207373046876,1
749,25.454696994000003,1,1654.2183024088542,0
750,27.110062255000003,1,1657.6254069010417,0
751,25.446733934,0,8025.881937662761,1
752,13.564914994,0,554.3287353515625,1
753,13.727516075,0,555.2383728027344,1
754,50.023931199,1,31349.725732421874,0
755,36.904050421,1,2252.4093017578125,0
756,36.758583666,1,2204.8047943115234,0
757,26.427045964,0,11888.94179280599,1
758,64.254290903,0,49685.68374633789,1
759,26.464625136000002,0,16115.511861165365,1
760,26.895876958000002,1,576.5556844075521,0
761,37.71557635,1,584.9248504638672,0
762,38.185947791000004,1,2208.433319091797,0
763,14.296632087,0,550.8273010253906,1
764,66.565492765,1,3514.5892740885415,0
765,60.653995818000006,1,18358.579315185547,0
766,25.060568188,0,21353.5825398763,1
767,25.625321245000002,1,576.4581909179688,0
768,26.319179262000002,0,3099.0852864583335,1
769,51.499285682,0,25767.77974243164,1
770,25.985862082,0,48425.16573079427,1
771,26.678425203000003,1,589.8103230794271,0
772,25.011408293000002,1,575.2550659179688,0
773,25.514928823,1,573.6423746744791,0
774,60.764522981000006,1,599.4154866536459,0
775,41.602592155,0,17849.3009185791,1
776,27.962954619,0,22564.06982421875,1
777,28.463832292000003,1,1665.3617757161458,0
778,51.397357718,1,5468.507641601563,0
779,40.819686688000004,1,2265.0045166015625,0
780,27.668812083000002,1,1661.766357421875,0
781,25.849164292,1,8964.846720377604,0
782,26.750602152000003,1,574.0119222005209,0
783,49.572635114,0,22046.24807128906,1
784,13.727651014000001,0,552.7361145019531,1
785,26.485516262,1,1655.8312581380208,0
786,64.419004101,1,6579.260904947917,0
787,55.303613632,1,3837.9872436523438,0
788,40.245172572,1,2268.4993286132812,0
789,52.479813474000004,0,2174.39462890625,1
790,26.052691726000003,0,67007.75183105469,1
791,26.674679194000003,1,1658.0366617838542,0
792,25.340486925,0,66763.3218383789,1
793,48.959774593000006,1,43737.634375,0
794,25.583181006,0,50269.22416178385,1
795,50.054423661,0,4438.089831542969,1
796,62.336066887,1,13814.755065917969,0
797,15.944799817000002,0,550.8255615234375,1
798,45.494642364,1,2229.9007873535156,0
799,66.95245518,1,601.2872009277344,0
800,27.719172032000003,1,573.7697347005209,0
801,68.528816464,1,11675.793782552084,0
802,55.536377282000004,1,2682.584765625,0
803,71.30422807000001,1,3025.4058837890625,0
804,40.471016316000004,1,3075.1710662841797,0
805,29.628811566000003,1,1666.7294311523438,0
806,31.013549123,1,1461.7790934244792,0
807,16.063443195,0,553.9299926757812,1
808,30.532140293,0,8841.901550292969,1
809,61.234526636000005,1,2231.8325317382814,0
810,15.109430492000001,0,554.2370910644531,1
811,28.223748236000002,0,30279.78387451172,1
812,42.039919241,0,585.4085845947266,1
813,28.035071202,0,34939.57289632162,1
814,27.983766687000003,0,29752.430419921875,1
815,28.574781461,1,574.5047810872396,0
816,14.555785391,0,553.7735290527344,1
817,27.637691632000003,1,576.6536254882812,0
818,41.957643645000005,1,1656.6448974609375,0
819,15.280674321000001,0,555.0882873535156,1
820,57.137242924000006,1,2082.5874267578124,0
821,62.466902502,1,2675.4919921875,0
822,16.350677687,0,554.4656982421875,1
823,16.341789144,0,555.1122131347656,1
824,63.138313806000006,1,2570.390185546875,0
825,29.239251002000003,1,574.50634765625,0
826,43.659546951,1,2284.614044189453,0
827,30.134734091000002,1,574.6805623372396,0
828,55.179029904000004,1,16791.641857910156,0
829,39.732030609000006,1,64106.60546875,0
830,56.844907941,1,5460.4818115234375,0
831,14.569552423000001,0,551.5705261230469,1
832,14.555018412,0,551.0749206542969,1
833,27.704637096000003,1,574.3648478190104,0
834,59.828202763,0,31919.86520996094,1
835,60.604966383000004,1,33365.629870605466,0
836,42.514608453,1,584.8515930175781,0
837,69.162117597,1,86551.54643758138,0
838,61.869424759000005,1,2724.18330078125,0
839,29.450198316,1,1665.5038248697917,0
840,42.430280884000005,1,2275.892333984375,0
841,14.739034154,0,552.1258850097656,1
842,14.661463479000002,0,554.7301940917969,1
843,42.076662115000005,1,2274.928985595703,0
844,15.902367108000002,0,555.9179077148438,1
845,31.059416340000002,1,1671.2626546223958,0
846,17.002563549,0,554.8092041015625,1
848,16.971090075,0,551.9012756347656,1
849,65.352216977,1,2721.7475830078124,0
850,70.271582964,1,39728.19487508138,0
851,15.216043569000002,0,552.9691162109375,1
852,43.952882186000004,1,2273.0286560058594,0
853,31.033914551000002,0,31813.071146647137,1
854,30.744580307000003,0,22715.241068522137,1
855,32.051422999,1,1671.1775309244792,0
856,15.927720333000002,0,552.5798950195312,1
857,30.936576865000003,1,1669.647440592448,0
858,30.354935198000003,1,1475.9928181966145,0
859,43.142124582,0,26332.917572021484,1
860,42.431441628,0,31837.2645111084,1
861,29.046556927,0,26769.47560628255,1
862,15.556021137,0,554.8124084472656,1
863,15.554185484000001,0,553.9257202148438,1
864,44.302533466,1,2225.548828125,0
865,30.229680440000003,1,574.0539957682291,0
866,30.391072707000003,0,50989.47578938802,1
867,61.532489298,1,5505.542309570313,0
868,33.586258377,1,1676.2068684895833,0
869,15.806424232000001,0,551.9330749511719,1
870,30.634089482,1,1668.326924641927,0
871,60.22474159,1,3953.013781738281,0
872,60.174256580000005,1,2652.6205322265623,0
873,60.959090112000005,1,596.61044921875,0
874,17.307285201000003,0,553.326904296875,1
875,63.052450857000004,1,31152.428796386717,0
876,16.525444736,0,554.8345031738281,1
877,16.513173794,0,554.4146118164062,1
878,31.589993523,1,1674.0562337239583,0
879,62.649651392,0,20399.97890625,1
880,31.788832079000002,0,66816.39532470703,1
881,31.981672046000003,1,44208.211853027344,0
882,45.631413657,0,586.2298889160156,1
883,30.499933422,0,3540.997802734375,1
884,16.200903961,0,554.5963745117188,1
885,59.78385702400001,1,16199.409252929687,0
886,16.007570145000003,0,552.3516845703125,1
887,72.467653874,1,9191.817606608072,0
888,65.336109483,1,595.867138671875,0
889,45.883647540000005,1,586.3435974121094,0
890,16.598857434000003,0,552.8645324707031,1
891,31.419970471000003,1,574.7776692708334,0
892,16.850989867000003,0,554.6601867675781,1
893,16.812823943,0,556.0935363769531,1
895,49.503460509,1,2304.984893798828,0
896,48.743104497000004,1,2558.6714630126953,0
897,62.9221737,0,35741.4572265625,1
898,66.65425773,1,4142.743896484375,0
899,30.199359073,1,574.5378011067709,0
900,62.658034501,1,594.560107421875,0
901,35.84733493,1,1685.2041829427083,0
902,34.012236741,0,45000.1923421224,1
