episode,x,gp_v_pred,gp_v_std,gp_w_pred,gp_w_std
0,0.0,0.06748417640888968,75.61823276719315,-4.297485373732806,75.61823276719315
0,0.046218487394957986,0.012603783238969157,75.61868976319145,-4.217503811260661,75.61868976319145
0,0.09243697478991597,-0.04647135082726095,75.6562986522752,-4.119268452431336,75.6562986522752
0,0.13865546218487396,-0.10968723854980844,75.72961359013772,-4.003897127102857,75.72961359013772
0,0.18487394957983194,-0.17696966872629716,75.83646530875369,-3.87271681919316,75.83646530875369
0,0.23109243697478993,-0.2482207538518999,75.97405612927483,-3.727238155100464,75.97405612927483
0,0.2773109243697479,-0.32331472365410896,76.13907373244206,-3.569126374980149,76.13907373244206
0,0.3235294117647059,-0.4020931056160606,76.32781702816848,-3.4001695610974565,76.32781702816848
0,0.3697478991596639,-0.4843594899351693,76.5363273611193,-3.222244965377893,76.5363273611193
0,0.41596638655462187,-0.5698741278351172,76.76051867567796,-3.0372843157187734,76.76051867567796
0,0.46218487394957986,-0.6583486529187912,76.9963010373536,-2.8472389913408414,76.9963010373536
0,0.5084033613445378,-0.7494412451314822,77.23969294341894,-2.6540459368391645,77.23969294341894
0,0.5546218487394958,-0.8427525714650503,77.48691902252747,-2.4595951387822907,77.48691902252747
0,0.6008403361344539,-0.937822835972014,77.73449090607818,-2.2656994153858285,77.73449090607818
0,0.6470588235294118,-1.0341302533917442,77.97927015799551,-2.074067177933971,77.97927015799551
0,0.6932773109243697,-1.1310912243423967,78.21851311582324,-1.8862787092043156,78.21851311582324
0,0.7394957983193278,-1.228062438065976,78.44989828483139,-1.7037663813994666,78.44989828483139
0,0.7857142857142858,-1.3243450620438102,78.67153753203392,-1.527799102716422,78.67153753203392
0,0.8319327731092437,-1.4191910988761363,78.88197275633509,-1.3594711459507796,78.88197275633509
0,0.8781512605042017,-1.5118119039130669,79.08015998428662,-1.199695379478806,79.08015998428662
0,0.9243697478991597,-1.6013887653526897,79.26544298717782,-1.0492007930137524,79.26544298717782
0,0.9705882352941178,-1.6870853560264738,79.43751856120103,-0.908534094183115,79.43751856120103
0,1.0168067226890756,-1.7680617789602255,79.59639558365059,-0.7780650502621669,79.59639558365059
0,1.0630252100840336,-1.84348984844316,79.74234987738268,-0.6579951628451118,79.74234987738268
0,1.1092436974789917,-1.9125691820907156,79.87587679576848,-0.5483691984502936,79.87587679576848
0,1.1554621848739497,-1.9745436277235306,79.99764329391958,-0.4490890504962457,79.99764329391958
0,1.2016806722689077,-2.0287175170322405,80.10844108201948,-0.35992938343599157,80.10844108201948
0,1.2478991596638656,-2.0744712255206172,80.20914226759727,-0.28055450298442164,80.20914226759727
0,1.2941176470588236,-2.1112755280177353,80.30065868448928,-0.21053590970025127,80.30065868448928
0,1.3403361344537816,-2.1387042692935267,80.38390587916975,-0.14937002215809514,80.38390587916975
0,1.3865546218487395,-2.156444919876254,80.45977248151037,-0.09649559960832299,80.45977248151037
0,1.4327731092436975,-2.164306655128554,80.52909543135475,-0.05131044919709993,80.52909543135475
0,1.4789915966386555,-2.162225678602182,80.59264127140325,-0.013187066262085878,80.59264127140325
0,1.5252100840336136,-2.150267604479808,80.65109345996864,0.018513074711469457,80.65109345996864
0,1.5714285714285716,-2.1286268146772898,80.70504541489468,0.04442678961550861,80.70504541489468
0,1.6176470588235294,-2.097622809239496,80.75499878386358,0.06517815508893854,80.75499878386358
0,1.6638655462184875,-2.0576936699109645,80.80136625695367,0.08136925218245317,80.80136625695367
0,1.7100840336134455,-2.009386851575595,80.84447810376209,0.0935726934241039,80.84447810376209
0,1.7563025210084033,-1.9533476010892592,80.88459153542718,0.10232588771538431,80.88459153542718
0,1.8025210084033614,-1.8903053743506675,80.92190196397547,0.10812695033373743,80.92190196397547
0,1.8487394957983194,-1.8210586779691056,80.95655525599265,0.11143212736232755,80.95655525599265
0,1.8949579831932775,-1.746458799683758,80.98866014948696,0.11265457503611032,80.98866014948696
0,1.9411764705882355,-1.6673929109788368,81.01830011364362,0.11216431550943184,81.01830011364362
0,1.9873949579831933,-1.5847670261272384,81.04554407032626,0.11028918017214906,81.04554407032626
0,2.033613445378151,-1.4994892850954606,81.07045555180059,0.10731654959580084,81.07045555180059
0,2.0798319327731094,-1.4124539947287538,81.0931000293287,0.10349570425484345,81.0931000293287
0,2.1260504201680672,-1.3245268159801888,81.1135503008269,0.09904061109578777,81.1135503008269
0,2.1722689075630255,-1.2365314269006191,81.13188996342352,0.09413298677271698,81.13188996342352
0,2.2184873949579833,-1.1492379250991895,81.14821511133529,0.08892549722581045,81.14821511133529
0,2.264705882352941,-1.063353162268978,81.16263448660598,0.08354497441775344,81.16263448660598
0,2.3109243697478994,-0.97951313048965,81.17526836806427,0.07809555287527203,81.17526836806427
0,2.357142857142857,-0.8982774483026823,81.18624651301214,0.07266165046451434,81.18624651301214
0,2.4033613445378155,-0.8201259267446677,81.19570546929849,0.06731073847005398,81.19570546929849
0,2.4495798319327733,-0.7454571339181175,81.20378555678865,0.062095865022822494,81.20378555678865
0,2.495798319327731,-0.6745888231917316,81.21062778193405,0.05705791257012116,81.21062778193405
0,2.5420168067226894,-0.6077600460415127,81.21637090272023,0.05222758422175389,81.21637090272023
0,2.588235294117647,-0.545134736732269,81.22114880910162,0.047627125199719345,81.22114880910162
0,2.634453781512605,-0.48680653278846897,81.22508833096973,0.04327179433042794,81.22508833096973
0,2.6806722689075633,-0.43280458233060415,81.22830753572715,0.03917110665895329,81.22830753572715
0,2.726890756302521,-0.3831000862865963,81.23091453362946,0.03532987206520222,81.23091453362946
0,2.773109243697479,-0.3376133292656167,81.23300677312234,0.03174905655403304,81.23300677312234
0,2.819327731092437,-0.2962209663086064,81.23467078133544,0.02842649298700639,81.23467078133544
0,2.865546218487395,-0.2587633524090309,81.23598228672292,0.025357466814776686,81.23598228672292
0,2.9117647058823533,-0.22505172615171176,81.23700665089457,0.022535200194979232,81.23700665089457
0,2.957983193277311,-0.19487508653734942,81.23779953380505,0.019951255082662378,81.23779953380505
0,3.004201680672269,-0.16800663159975304,81.23840771922868,0.017595872757642184,81.23840771922868
0,3.050420168067227,-0.14420965744806402,81.23887003431074,0.015458264045913328,81.23887003431074
0,3.096638655462185,-0.12324284569548372,81.23921830647633,0.01352686141295445,81.23921830647633
0,3.1428571428571432,-0.10486489488035433,81.23947831177709,0.011789541291082895,81.23947831177709
0,3.189075630252101,-0.08883847666015621,81.2396706797812,0.01023382256487304,81.2396706797812
0,3.235294117647059,-0.07493351970386453,81.23981173053805,0.00884704511373502,81.23981173053805
0,3.281512605042017,-0.06292984294699044,81.23991422841522,0.007616530734709137,81.23991422841522
0,3.327731092436975,-0.05261917505110114,81.23998804538566,0.006529727611238378,81.23998804538566
0,3.3739495798319328,-0.04380660851546403,81.24004073251454,0.005574338727635686,81.24004073251454
0,3.420168067226891,-0.03631154507404921,81.24007800298635,0.004738434195182606,81.24007800298635
0,3.466386554621849,-0.029968194031673834,81.24010413316168,0.004010547294918565,81.24010413316168
0,3.5126050420168067,-0.024625687393464046,81.24012229006574,0.003379754088253306,81.24012229006574
0,3.558823529411765,-0.02014787541955565,81.24013479461946,0.0028357366364846204,81.24013479461946
0,3.6050420168067228,-0.01641286401885378,81.24014333006686,0.0023688301473747675,81.24014333006686
0,3.651260504201681,-0.013312351613360696,81.24014910465131,0.001970054680708211,81.24014910465131
0,3.697478991596639,-0.010750818174058152,81.24015297683609,0.001631132355926157,81.24015297683609
0,3.7436974789915967,-0.008644613436968374,81.24015555041031,0.0013444912831039324,81.24015555041031
0,3.789915966386555,-0.0069209851985803095,81.24015724578966,0.0011032576629739776,81.24015724578966
0,3.8361344537815127,-0.005517082359115216,81.2401583527977,0.0009012376607987482,81.2401583527977
0,3.882352941176471,-0.004378961274205673,81.24015906925838,0.0007328907482199443,81.24015906925838
0,3.928571428571429,-0.0034606181818614967,81.24015952887477,0.0005932962284763699,81.24015952887477
0,3.9747899159663866,-0.0027230651331377337,81.24015982113112,0.00047811461987992687,81.24015982113112
0,4.0210084033613445,-0.002133462066545827,81.24016000533607,0.0003835454795604043,81.24016000533607
0,4.067226890756302,-0.0016643134817944244,81.24016012041903,0.00030628311532155533,81.24016012041903
0,4.113445378151261,-0.001292734607218328,81.24016019168735,0.0002434714697384585,81.24016019168735
0,4.159663865546219,-0.000999789008180825,81.24016023543562,0.00019265927881792488,81.24016023543562
0,4.205882352941177,-0.0007698972201033369,81.2401602620556,0.0001517564181275216,81.2401602620556
0,4.2521008403361344,-0.0005903141630594841,81.24016027811166,0.0001189921612902746,81.24016027811166
0,4.298319327731092,-0.00045067174826819364,81.24016028771138,9.28758965055565e-05,81.24016028771138
0,4.344537815126051,-0.0003425821579135374,81.2401602934008,7.216068186255767e-05,81.2401602934008
0,4.390756302521009,-0.0002592967043987607,81.24016029674333,5.580987348382041e-05,81.24016029674333
0,4.436974789915967,-0.00019541489066353564,81.2401602986899,4.2966934224421965e-05,81.2401602986899
0,4.483193277310924,-0.00014663824049967154,81.24016029981365,3.292842561225789e-05,81.24016029981365
0,4.529411764705882,-0.00010956359310518218,81.24016030045675,2.5120101676190908e-05,81.24016030045675
0,4.575630252100841,-8.151081188237635e-05,81.24016030082157,1.9075959120172948e-05,81.24016030082157
0,4.621848739495799,-6.038020287689764e-05,81.24016030102672,1.4420052185931155e-05,81.24016030102672
0,4.668067226890757,-4.453533918333903e-05,81.24016030114109,1.0850850328572711e-05,81.24016030114109
0,4.714285714285714,-3.2707416487138055e-05,81.24016030120428,8.127900132347916e-06,81.24016030120428
0,4.760504201680672,-2.391770002929585e-05,81.24016030123892,6.060547301792976e-06,81.24016030123892
0,4.806722689075631,-1.7415048361577663e-05,81.2401603012577,4.498477747791438e-06,81.2401603012577
0,4.852941176470589,-1.2625902622192967e-05,81.24016030126784,3.3238465975995958e-06,81.24016030126784
0,4.899159663865547,-9.114503913451339e-06,81.24016030127324,2.4447784773374355e-06,81.24016030127324
0,4.945378151260504,-6.551441088294347e-06,81.24016030127609,1.7900399988572484e-06,81.24016030127609
0,4.991596638655462,-4.688934750004213e-06,81.24016030127758,1.3047046622089678e-06,81.24016030127758
0,5.03781512605042,-3.3415303528789035e-06,81.24016030127838,9.466502639720502e-07,81.24016030127838
0,5.084033613445379,-2.3711051730337425e-06,81.24016030127878,6.837485369958217e-07,81.24016030127878
0,5.130252100840337,-1.6752927701002367e-06,81.24016030127898,4.916255205133629e-07,81.24016030127898
0,5.176470588235294,-1.1785971576746488e-06,81.24016030127908,3.5188864791748997e-07,81.24016030127908
0,5.222689075630252,-8.25610338087436e-07,81.24016030127913,2.5073248123207387e-07,81.24016030127913
0,5.26890756302521,-5.758643339598806e-07,81.24016030127916,1.778492853094425e-07,81.24016030127916
0,5.315126050420169,-3.999455085236422e-07,81.24016030127918,1.25583190436606e-07,81.24016030127918
0,5.3613445378151265,-2.7657778708908163e-07,81.24016030127918,8.827758317145828e-08,81.24016030127918
0,5.407563025210084,-1.9044511618026776e-07,81.24016030127918,6.177468743555214e-08,81.24016030127918
0,5.453781512605042,-1.3057459275580265e-07,81.24016030127919,4.30341799163438e-08,81.24016030127919
0,5.5,-8.914234144286851e-08,81.24016030127919,2.984427258048628e-08,81.24016030127919
1,0.0,0.403454548868562,75.01568196260362,-3.0014001619762487,75.01568196260362
1,0.046218487394957986,0.40024040730511645,74.90356487104799,-2.847199155843011,74.90356487104799
1,0.09243697478991597,0.38916863297040516,74.818149145849,-2.6826938082619507,74.818149145849
1,0.13865546218487396,0.3693751706803159,74.76111830712792,-2.509989310899348,74.76111830712792
1,0.18487394957983194,0.3400651167224602,74.73392681184107,-2.331262155403347,74.73392681184107
1,0.23109243697478993,0.30053643208147385,74.73771381047108,-2.1487165579241374,74.73771381047108
1,0.2773109243697479,0.25020328028397465,74.77321360161586,-1.964541486640548,74.77321360161586
1,0.3235294117647059,0.18861828234685873,74.84067102253168,-1.7808694296738246,74.84067102253168
1,0.3697478991596639,0.11549296820320265,74.93977038955447,-1.599737939877203,74.93977038955447
1,0.41596638655462187,0.030715714752432177,75.06958601157352,-1.4230548583069584,75.06958601157352
1,0.46218487394957986,-0.06563350058002726,75.22856077221823,-1.2525679607531917,75.22856077221823
1,0.5084033613445378,-0.17327213849595324,75.41451697519065,-1.0898395956926255,75.41451697519065
1,0.5546218487394958,-0.2917084473924767,75.62470084003841,-0.9362266994608444,75.62470084003841
1,0.6008403361344539,-0.42023953130853897,75.85585906036708,-0.7928663896348844,75.85585906036708
1,0.6470588235294118,-0.5579544139263906,76.10434303929442,-0.6606671625058027,76.10434303929442
1,0.6932773109243697,-0.7037422311126491,76.36623411663906,-0.5403055556376692,76.36623411663906
1,0.7394957983193278,-0.8563055302977851,76.63748151969483,-0.43222799329132844,76.63748151969483
1,0.7857142857142858,-1.0141784966064886,76.91404403081839,-0.33665740949071576,76.91404403081839
1,0.8319327731092437,-1.175749768704371,77.19202647714742,-0.25360414564387224,77.19202647714742
1,0.8781512605042017,-1.3392893584440015,77.46780301759577,-0.1828805479992024,77.46780301759577
1,0.9243697478991597,-1.5029790525946316,77.73812067087002,-0.12411864221140956,77.73812067087002
1,0.9705882352941178,-1.6649455570316838,78.00017839144914,-0.07679023884297154,78.00017839144914
1,1.0168067226890756,-1.8232955501474144,78.25167904664649,-0.04022882171875253,78.25167904664649
1,1.0630252100840336,-1.9761517433692433,78.49085368491217,-0.013652585913747631,78.49085368491217
1,1.1092436974789917,-2.1216890087050055,78.71645934566149,0.003811975291520664,78.71645934566149
1,1.1554621848739497,-2.25816962457033,78.92775322660184,0.01310649312553025,78.92775322660184
1,1.2016806722689077,-2.38397671466738,79.12444721222896,0.015217661350405365,79.12444721222896
1,1.2478991596638656,-2.49764500724491,79.30664754242889,0.01115513788617406,79.30664754242889
1,1.2941176470588236,-2.597888123757812,79.47478475739558,0.0019307961525418804,79.47478475739558
1,1.3403361344537816,-2.6836217120288346,79.62953902479927,-0.011460350708408562,79.62953902479927
1,1.3865546218487395,-2.75398186671716,79.77176558752208,-0.028057292716479054,79.77176558752208
1,1.4327731092436975,-2.8083384235982507,79.9024244342276,-0.04694803509859469,79.9024244342276
1,1.4789915966386555,-2.8463028693739183,80.0225174693036,-0.06728234125935195,80.0225174693036
1,1.5252100840336136,-2.8677307692417493,80.13303552597387,-0.08828212578311145,80.13303552597387
1,1.5714285714285716,-2.872718774893471,80.2349166064977,-0.10924947059119638,80.2349166064977
1,1.6176470588235294,-2.861596430132348,80.32901581870179,-0.12957228800485687,80.32901581870179
1,1.6638655462184875,-2.8349131349635,80.41608666740551,-0.148727701451568,80.41608666740551
1,1.7100840336134455,-2.7934207567604403,80.49677269648362,-0.16628325712188996,80.49677269648362
1,1.7563025210084033,-2.7380524852372226,80.5716079877746,-0.18189611824042373,80.5716079877746
1,1.8025210084033614,-2.6698986130636158,80.64102471562168,-0.1953104267484509,80.64102471562168
1,1.8487394957983194,-2.590179984189689,80.70536582339271,-0.20635304483132622,80.70536582339271
1,1.8949579831932775,-2.5002198858869775,80.76490091126699,-0.2149279107032669,80.76490091126699
1,1.9411764705882355,-2.4014151682135783,80.81984357455171,-0.2210092583169292,80.81984357455171
1,1.9873949579831933,-2.295207356908655,80.87036867533885,-0.2246339595607303,80.87036867533885
1,2.033613445378151,-2.1830544845455933,80.91662833286244,-0.22589324947103684,80.91662833286244
1,2.0798319327731094,-2.0664043025426615,80.95876574686895,-0.22492409023955773,80.95876574686895
1,2.1260504201680672,-1.9466694570471503,80.99692629502381,-0.22190041866451615,80.99692629502381
1,2.1722689075630255,-1.8252051181254139,81.03126564722591,-0.21702450444412946,81.03126564722591
1,2.2184873949579833,-1.7032894486868209,81.06195489999192,-0.21051862442947034,81.06195489999192
1,2.264705882352941,-1.5821071910796078,81.0891829427303,-0.20261723112908214,81.0891829427303
1,2.3109243697478994,-1.4627365397051726,81.11315642019878,-0.19355976383568496,81.11315642019878
1,2.357142857142857,-1.346139361209591,81.13409775221433,-0.18358421860660457,81.13409775221433
1,2.4033613445378155,-1.2331547234201423,81.15224171705779,-0.1729215603704244,81.15224171705779
1,2.4495798319327733,-1.12449560325034,81.16783110607523,-0.16179102770278142,81.16783110607523
1,2.495798319327731,-1.0207485648088017,81.18111192251617,-0.1503963495620937,81.18111192251617
1,2.5420168067226894,-0.9223761336568526,81.19232853723094,-0.13892286438407986,81.19232853723094
1,2.588235294117647,-0.8297215427123756,81.20171913696302,-0.12753550630887212,81.20171913696302
1,2.634453781512605,-0.7430154901112562,81.20951171638421,-0.11637760154373922,81.20951171638421
1,2.6806722689075633,-0.6623845291876229,81.21592078029576,-0.10557040038891952,81.21592078029576
1,2.726890756302521,-0.5878607048602191,81.22114484359264,-0.09521325748393306,81.22114484359264
1,2.773109243697479,-0.5193920578281226,81.22536474804147,-0.08538436433745744,81.22536474804147
1,2.819327731092437,-0.4568536364472191,81.22874275936748,-0.0761419340292786,81.22874275936748
1,2.865546218487395,-0.40005868405462053,81.23142236677347,-0.0675257377377676,81.23142236677347
1,2.9117647058823533,-0.34876970476015945,81.23352867969437,-0.05955889599115949,81.23352867969437
1,2.957983193277311,-0.3027091511939206,81.23516930218251,-0.05224983368812097,81.23516930218251
1,3.004201680672269,-0.2615695213066376,81.23643556195016,-0.045594316361261544,81.23643556195016
1,3.050420168067227,-0.22502269611462555,81.2374039764933,-0.03957749523709886,81.2374039764933
1,3.096638655462185,-0.1927283945070215,81.23813785046589,-0.03417589974385793,81.23813785046589
1,3.1428571428571432,-0.16434166338743506,81.23868891423989,-0.029359327668540214,81.23868891423989
1,3.189075630252101,-0.13951936028184653,81.2390989312998,-0.025092594637209586,81.2390989312998
1,3.235294117647059,-0.11792562019591424,81.2394012200708,-0.021337115571308685,81.2394012200708
1,3.281512605042017,-0.09923632830688112,81.23962205266655,-0.018052300893215634,81.23962205266655
1,3.327731092436975,-0.08314264469785182,81.23978190798087,-0.015196759275344807,81.23978190798087
1,3.3739495798319328,-0.06935364668481991,81.23989656902914,-0.012729306473204138,81.23989656902914
1,3.420168067226891,-0.057598168488445234,81.23997806428017,-0.010609786174785696,81.23997806428017
1,3.466386554621849,-0.04762592737281324,81.24003545997009,-0.008799713822534527,81.24003545997009
1,3.5126050420168067,-0.0392080303676795,81.24007551528885,-0.007262758069630837,81.24007551528885
1,3.558823529411765,-0.0321369568585379,81.24010321521827,-0.005965077016454878,81.24010321521827
1,3.6050420168067228,-0.026226110279672477,81.24012219706897,-0.004875527766612708,81.24012219706897
1,3.651260504201681,-0.021309027510045153,81.24013508680206,-0.003965768299408312,81.24013508680206
1,3.697478991596639,-0.017238327971864698,81.24014376039433,-0.0032102703409054856,81.24014376039433
1,3.7436974789915967,-0.013884476455184258,81.24014954412618,-0.002586260994606737,81.24014954412618
1,3.789915966386555,-0.011134424873742832,81.24015336599554,-0.002073609524033182,81.24015336599554
1,3.8361344537815127,-0.008890188965744866,81.24015586868306,-0.0016546740087854395,81.24015586868306
1,3.882352941176471,-0.007067406783084901,81.24015749275456,-0.0013141207517771702,81.24015749275456
1,3.928571428571429,-0.005593916981390751,81.24015853717671,-0.0010387274074410147,81.24015853717671
1,3.9747899159663866,-0.004408386673507764,81.24015920279324,-0.0008171789174600957,81.24015920279324
1,4.0210084033613445,-0.0034590111121545336,81.24015962318477,-0.0006398635503367389,81.24015962318477
1,4.067226890756302,-0.0027023008308945246,81.24015988631479,-0.0004986746932818462,81.24015988631479
1,4.113445378151261,-0.0021019661484092816,81.24016004953656,-0.00038682257174397355,81.24016004953656
1,4.159663865546219,-0.0016279041351577386,81.24016014987834,-0.0002986587908952107,81.24016014987834
1,4.205882352941177,-0.001255289223153662,81.24016021101279,-0.0002295155098120498,81.24016021101279
1,4.2521008403361344,-0.0009637655505545413,81.2401602479272,-0.00017556016861604642,81.2401602479272
1,4.298319327731092,-0.0007367367957629468,81.24016027001818,-0.00013366597993511725,81.24016027001818
1,4.344537815126051,-0.0005607475819703368,81.24016028312053,-0.00010129785225421878,81.24016028312053
1,4.390756302521009,-0.0004249494284705446,81.2401602908225,-7.641301461818253e-05,81.2401602908225
1,4.436974789915967,-0.00032064359548578114,81.24016029530974,-5.7375338913218804e-05,81.24016029530974
1,4.483193277310924,-0.0002408929244181379,81.24016029790081,-4.288218671917414e-05,81.24016029790081
1,4.529411764705882,-0.00018019483183165895,81.24016029938373,-3.190252251382376e-05,81.24016029938373
1,4.575630252100841,-0.0001342078981786841,81.24016030022491,-2.3625015435596152e-05,81.24016030022491
1,4.621848739495799,-9.952493605687451e-05,81.24016030069785,-1.7414881497047115e-05,81.24016030069785
1,4.668067226890757,-7.348597238030592e-05,81.24016030096139,-1.277828294905651e-05,81.24016030096139
1,4.714285714285714,-5.402518884016017e-05,81.24016030110697,-9.333189573260993e-06,81.24016030110697
1,4.760504201680672,-3.954649922369418e-05,81.24016030118666,-6.78570839061476e-06,81.24016030118666
1,4.806722689075631,-2.88230727338647e-05,81.2401603012299,-4.910996032143162e-06,81.2401603012299
1,4.852941176470589,-2.091671895067162e-05,81.24016030125317,-3.5379760729622187e-06,81.24016030125317
1,4.899159663865547,-1.511361832755672e-05,81.24016030126556,-2.5371878182908064e-06,81.24016030126556
1,4.945378151260504,-1.0873403155425767e-05,81.24016030127211,-1.8111905163518537e-06,81.24016030127211
1,4.991596638655462,-7.789062968024339e-06,81.24016030127555,-1.287036005913491e-06,81.24016030127555
1,5.03781512605042,-5.55556386500926e-06,81.24016030127733,-9.104024850287341e-07,81.24016030127733
1,5.084033613445379,-3.945434072344424e-06,81.24016030127825,-6.410521574725644e-07,81.24016030127825
1,5.130252100840337,-2.789880836040083e-06,81.24016030127872,-4.493361886696173e-07,81.24016030127872
1,5.176470588235294,-1.964270174890493e-06,81.24016030127895,-3.1352221868133167e-07,81.24016030127895
1,5.222689075630252,-1.377025477994657e-06,81.24016030127906,-2.1776337309530123e-07,81.24016030127906
1,5.26890756302521,-9.61188091883116e-07,81.24016030127913,-1.5056412867239528e-07,81.24016030127913
1,5.315126050420169,-6.680375863137791e-07,81.24016030127916,-1.0362841266993391e-07,81.24016030127916
1,5.3613445378151265,-4.622958265835105e-07,81.24016030127918,-7.099981342602612e-08,81.24016030127918
1,5.407563025210084,-3.185415163110735e-07,81.24016030127918,-4.842357848465448e-08,81.24016030127918
1,5.453781512605042,-2.185443264282952e-07,81.24016030127918,-3.287592997981422e-08,81.24016030127918
1,5.5,-1.4929348995206756e-07,81.24016030127919,-2.221880975718892e-08,81.24016030127919
2,0.0,0.3715278748459541,75.0136488801077,-3.012585814778687,75.0136488801077
2,0.046218487394957986,0.36692078788218674,74.9017070685029,-2.8519880117763483,74.9017070685029
2,0.09243697478991597,0.3546672478422259,74.81644946510771,-2.6817094413927958,74.81644946510771
2,0.13865546218487396,0.3339247135547909,74.75955952855472,-2.504017194728804,74.75955952855472
2,0.18487394957983194,0.3039179731240145,74.73249268653724,-2.3212390942524195,74.73249268653724
2,0.23109243697478993,0.2639624772468263,74.73638981101587,-2.1357161900449615,74.73638981101587
2,0.2773109243697479,0.213487292366624,74.77198734375227,-1.949756167361258,74.77198734375227
2,0.3235294117647059,0.1520569750645322,74.8395323452121,-1.7655889145666475,74.8395323452121
2,0.3697478991596639,0.07939165805424153,74.93871111587268,-1.5853253857423404,74.93871111587268
2,0.41596638655462187,-0.004615349376427602,75.06859944448004,-1.410920740125853,75.06859944448004
2,0.46218487394957986,-0.09988310374131615,75.22764100319105,-1.2441425630203735,75.22764100319105
2,0.5084033613445378,-0.20613230592354803,75.41365809886669,-1.0865447747877823,75.41365809886669
2,0.5546218487394958,-0.32287882061067563,75.62389617207465,-0.9394476291250289,75.62389617207465
2,0.6008403361344539,-0.4494318311513794,75.85510044978066,-0.8039239942079242,75.85510044978066
2,0.6470588235294118,-0.5848968965799219,76.10362035169476,-0.6807919133039739,76.10362035169476
2,0.6932773109243697,-0.7281840350805542,76.36553494352827,-0.5706132565201631,76.36553494352827
2,0.7394957983193278,-0.8780208073808726,76.63679114422214,-0.4736981145077017,76.63679114422214
2,0.7857142857142858,-1.0329702190497958,76.91334565491937,-0.39011444733341616,76.91334565491937
2,0.8319327731092437,-1.1914531079203154,77.19130169141525,-0.3197023926550928,77.19130169141525
2,0.8781512605042017,-1.3517745382240252,77.46703247539874,-0.2620925580520437,77.46703247539874
2,0.9243697478991597,-1.5121535913450996,77.73728491339357,-0.21672757035440027,77.73728491339357
2,0.9705882352941178,-1.670755828911827,77.99925876098503,-0.18288613089008487,77.99925876098503
2,1.0168067226890756,-1.8257276134903015,78.25065862159782,-0.15970882640966289,78.25065862159782
2,1.0630252100840336,-1.9752314056574372,78.48971817116191,-0.14622496605977844,78.48971817116191
2,1.1092436974789917,-2.117481119792105,78.71519786451567,-0.14137975551101123,78.71519786451567
2,1.1554621848739497,-2.2507766128101285,78.9263589486335,-0.14406117163529997,78.9263589486335
2,1.2016806722689077,-2.373536403174162,79.12291779815064,-0.15312596587104021,79.12291779815064
2,1.2478991596638656,-2.4843277686921894,79.30498536571663,-0.16742429459917751,79.30498536571663
2,1.2941176470588236,-2.581893451080102,79.472996897867,-0.18582255037958983,79.472996897867
2,1.3403361344537816,-2.6651742983587408,79.62763703682823,-0.2072240443742821,79.62763703682823
2,1.3865546218487395,-2.7333273003053975,79.7697650601874,-0.23058726669344054,79.7697650601874
2,1.4327731092436975,-2.7857386119085525,79.90034437262027,-0.25494152615369714,79.90034437262027
2,1.4789915966386555,-2.8220313108295745,80.02037953576837,-0.2793998424726709,80.02037953576837
2,1.5252100840336136,-2.842067791209999,80.13086318668122,-0.30316903202237633,80.13086318668122
2,1.5714285714285716,-2.8459468526118386,80.23273423209467,-0.32555699178379705,80.23273423209467
2,1.6176470588235294,-2.833995693751099,80.3268477877971,-0.3459772449163623,80.3268477877971
2,1.6638655462184875,-2.8067571611861943,80.4139565184684,-0.3639508650124359,80.4139565184684
2,1.7100840336134455,-2.764972728300414,80.49470236780377,-0.37910594385726526,80.49470236780377
2,1.7563025210084033,-2.709561786132209,80.56961717705016,-0.3911748095145757,80.56961717705016
2,1.8025210084033614,-2.641597911496614,80.63913038127801,-0.39998923682964893,80.63913038127801
2,1.8487394957983194,-2.5622828375444193,80.7035818396817,-0.4054739207296656,80.7035818396817
2,1.8949579831932775,-2.4729188859781566,80.76323787934714,-0.4076385039187116,80.76323787934714
2,1.9411764705882355,-2.3748806285725195,80.81830878278898,-0.4065684637264475,80.81830878278898
2,1.9873949579831933,-2.2695865291895316,80.86896619453675,-0.4024151684519488,80.86896619453675
2,2.033613445378151,-2.158471277962807,80.91535922639751,-0.3953854111061137,80.91535922639751
2,2.0798319327731094,-2.042959469068556,80.95762837193375,-0.3857307183850729,80.95762837193375
2,2.1260504201680672,-1.9244411960930492,80.99591666938228,-0.37373671548769494,80.99591666938228
2,2.1722689075630255,-1.8042500476970957,81.03037785588938,-0.359712803505003,81.03037785588938
2,2.2184873949579833,-1.683643885545429,81.06118151778259,-0.343982376825382,81.06118151778259
2,2.264705882352941,-1.563788680164599,81.08851545145355,-0.3268737740350307,81.08851545145355
2,2.3109243697478994,-1.445745572826965,81.11258560273164,-0.30871211878896965,81.11258560273164
2,2.357142857142857,-1.330461226577576,81.13361404986213,-0.28981216817214417,81.13361404986213
2,2.4033613445378155,-1.2187614306788674,81.1518355406891,-0.2704722467416527,81.1518355406891
2,2.4495798319327733,-1.1113478330673061,81.16749309553063,-0.2509693059549072,81.16749309553063
2,2.495798319327731,-1.0087975973966703,81.18083315237176,-0.23155511242507565,81.18083315237176
2,2.5420168067226894,-0.9115657166274396,81.19210067003478,-0.2124535353957473,81.19210067003478
2,2.588235294117647,-0.8199896650701994,81.20153452745433,-0.1938588749613075,81.20153452745433
2,2.634453781512605,-0.7342960357436699,81.20936347193395,-0.17593514850206304,81.20936347193395
2,2.6806722689075633,-0.6546087896693553,81.21580278389507,-0.15881623398872513,81.21580278389507
2,2.726890756302521,-0.5809587375690413,81.2210517462251,-0.14260675541312207,81.2210517462251
2,2.773109243697479,-0.5132938811086873,81.22529193729828,-0.12738358752440604,81.22529193729828
2,2.819327731092437,-0.45149025874218296,81.22868631080507,-0.11319785404310334,81.22868631080507
2,2.865546218487395,-0.39536296846290764,81.23137898387523,-0.10007729509833663,81.23137898387523
2,2.9117647058823533,-0.34467707433214034,81.23349562748854,-0.08802888519972729,81.23349562748854
2,2.957983193277311,-0.2991581434140844,81.23514433867199,-0.07704159190693582,81.23514433867199
2,3.004201680672269,-0.25850220265411483,81.23641687060551,-0.06708917674106907,81.23641687060551
2,3.050420168067227,-0.22238494936141429,81.23739010220294,-0.05813295303648758,81.23739010220294
2,3.096638655462185,-0.1904700925615228,81.23812764056765,-0.050124429606847265,81.23812764056765
2,3.1428571428571432,-0.16241674407853024,81.23868146560054,-0.043007783624990026,81.23868146560054
2,3.189075630252101,-0.137885816577076,81.23909354387307,-0.03672212037518574,81.23909354387307
2,3.235294117647059,-0.11654542003203394,81.23939735695033,-0.031203491041355003,81.23939735695033
2,3.281512605042017,-0.09807527755925483,81.23961930634924,-0.02638665203164936,81.23961930634924
2,3.327731092436975,-0.08217020590254509,81.23977997235447,-0.02220656023398937,81.23977997235447
2,3.3739495798319328,-0.06854272502542713,81.23989521647962,-0.018599607858980516,81.23989521647962
2,3.420168067226891,-0.05692487533440116,81.23997712726252,-0.015504608077617887,81.23997712726252
2,3.466386554621849,-0.047069330365838935,81.24003481638316,-0.01286354850164173,81.24003481638316
2,3.5126050420168067,-0.03874989774843851,81.2400750770275,-0.010622133759513264,81.2400750770275
2,3.558823529411765,-0.03176150244868381,81.24010291933047,-0.008730141120931068,81.24010291933047
2,3.6050420168067228,-0.025919744318745552,81.24012199901199,-0.007141614487345849,81.24012199901199
2,3.651260504201681,-0.021060117417542767,81.24013495536329,-0.00581492229152214,81.24013495536329
2,3.697478991596639,-0.017036972080165635,81.24014367391187,-0.004712704142170843,81.24014367391187
2,3.7436974789915967,-0.01372229284981219,81.24014948770989,-0.0038017296173728787,81.24014948770989
2,3.789915966386555,-0.011004356688889494,81.24015332950724,-0.0030526906503759166,81.24015332950724
2,3.8361344537815127,-0.008786326815101692,81.2401558452852,-0.0024399466439060935,81.2401558452852
2,3.882352941176471,-0.006984828454978692,81.24015747787904,-0.001941238953379082,81.24015747787904
2,3.928571428571429,-0.005528544085957959,81.24015852780016,-0.0015373888297120497,81.24015852780016
2,3.9747899159663866,-0.004356857588942706,81.24015919693338,-0.0012119904174703322,81.24015919693338
2,4.0210084033613445,-0.0034185693262474004,81.24015961955394,-0.0009511080472222877,81.24015961955394
2,4.067226890756302,-0.002670697601682981,81.24015988408429,-0.0007429849019781817,81.24015988408429
2,4.113445378151261,-0.0020773763021705374,81.24016004817803,-0.0005777682148753391,81.24016004817803
2,4.159663865546219,-0.0016088537697987876,81.24016014905796,-0.00044725448893616696,81.24016014905796
2,4.205882352941177,-0.0012405940795808257,81.24016021052162,-0.0003446568246515923,81.24016021052162
2,4.2521008403361344,-0.000952478843958729,81.24016024763563,-0.0002643952903152516,81.24016024763563
2,4.298319327731092,-0.0007281053541380415,81.24016026984658,-0.0002019103574884655,81.24016026984658
2,4.344537815126051,-0.0005541752129072479,81.2401602830204,-0.00015349872766944918,81.2401602830204
2,4.390756302521009,-0.00041996652081862686,81.24016029076458,-0.00011617037046725114,81.24016029076458
2,4.436974789915967,-0.0003168820544528425,81.24016029527651,-8.752525098218271e-05,81.24016029527651
2,4.483193277310924,-0.00023806563275875076,81.24016029788191,-6.564801731498773e-05,81.24016029788191
2,4.529411764705882,-0.0001780789225890025,81.24016029937307,-4.901882201389452e-05,81.24016029937307
2,4.575630252100841,-0.0001326312134955752,81.24016030021896,-3.643843975271316e-05,81.24016030021896
2,4.621848739495799,-9.835513009781019e-05,81.24016030069455,-2.6965896166819027e-05,81.24016030069455
2,4.668067226890757,-7.262179327259012e-05,81.24016030095959,-1.9866921016134347e-05,81.24016030095959
2,4.714285714285714,-5.3389544123452065e-05,81.24016030110597,-1.457166712997551e-05,81.24016030110597
2,4.760504201680672,-3.90809713722534e-05,81.24016030118612,-1.0640282236429994e-05,81.24016030118612
2,4.806722689075631,-2.8483605971860843e-05,81.24016030122961,-7.735073787288704e-06,81.24016030122961
2,4.852941176470589,-2.0670246131094866e-05,81.24016030125301,-5.598159657209379e-06,81.24016030125301
2,4.899159663865547,-1.4935437557346304e-05,81.24016030126549,-4.0336446055163374e-06,81.24016030126549
2,4.945378151260504,-1.0745148687693173e-05,81.24016030127207,-2.89349987661852e-06,81.24016030127207
2,4.991596638655462,-7.697144260938269e-06,81.24016030127552,-2.066448948240729e-06,81.24016030127552
2,5.03781512605042,-5.4899712540297724e-06,81.24016030127733,-1.4692750148293323e-06,81.24016030127733
2,5.084033613445379,-3.898829832996639e-06,81.24016030127824,-1.0400649789003293e-06,81.24016030127824
2,5.130252100840337,-2.756911111337579e-06,81.2401603012787,-7.329908086219214e-07,81.2401603012787
2,5.176470588235294,-1.941046843538367e-06,81.24016030127895,-5.143028332412671e-07,81.24016030127895
2,5.222689075630252,-1.3607380338723048e-06,81.24016030127906,-3.592718931808802e-07,81.24016030127906
2,5.26890756302521,-9.498144247881146e-07,81.24016030127913,-2.498693939508912e-07,81.24016030127913
2,5.315126050420169,-6.601295768336417e-07,81.24016030127916,-1.730174440281283e-07,81.24016030127916
2,5.3613445378151265,-4.568212202349897e-07,81.24016030127918,-1.192765852874067e-07,81.24016030127918
2,5.407563025210084,-3.1476790105630934e-07,81.24016030127918,-8.186728893683701e-08,81.24016030127918
2,5.453781512605042,-2.1595443644271662e-07,81.24016030127918,-5.5944438179621187e-08,81.24016030127918
2,5.5,-1.475236908707245e-07,81.24016030127919,-3.806239184540172e-08,81.24016030127919
3,0.0,0.34594488461556516,75.01212943647593,-3.008522737236823,75.01212943647593
3,0.046218487394957986,0.3416768188507231,74.90031694911781,-2.8490622679127973,74.90031694911781
3,0.09243697478991597,0.3298192133100586,74.81517840089671,-2.679845999929308,74.81517840089671
3,0.13865546218487396,0.30951897172996023,74.75839631260159,-2.503129504219238,74.75839631260159
3,0.18487394957983194,0.27999110224644674,74.73142578891829,-2.3212312696740476,74.73142578891829
3,0.23109243697478993,0.24054238485937063,74.735407906577,-2.1364853305020937,74.735407906577
3,0.2773109243697479,0.19059458816700925,74.77107973039675,-1.951194736547066,74.77107973039675
3,0.3235294117647059,0.12970652616638745,74.83868924295952,-1.7675871164414785,74.83868924295952
3,0.3697478991596639,0.057594239286663296,74.93792384894242,-1.5877734710568152,74.93792384894242
3,0.41596638655462187,-0.02585139902685718,75.0678605186305,-1.413711184700217,75.0678605186305
3,0.46218487394957986,-0.12055030432977354,75.2269440975863,-1.247172065774528,75.2269440975863
3,0.5084033613445378,-0.22622261768102803,75.41299799539506,-1.089716032007562,75.41299799539506
3,0.5546218487394958,-0.34238245000523904,75.62326864540142,-0.9426708509355741,75.62326864540142
3,0.6008403361344539,-0.46833631446706114,75.85450213898947,-0.8071181392669828,75.85450213898947
3,0.6470588235294118,-0.6031864970166954,76.10304863003299,-0.6838856278928951,76.10304863003299
3,0.6932773109243697,-0.745839471581597,76.36498779747599,-0.5735455141071126,76.36498779747599
3,0.7394957983193278,-0.8950193154227275,76.63626706783276,-0.47641856112404835,76.63626706783276
3,0.7857142857142858,-1.0492859264577774,76.91284356087118,-0.39258346644344755,76.91284356087118
3,0.8319327731092437,-1.2070576933107962,77.19082083695186,-0.321890910386065,77.19082083695186
3,0.8781512605042017,-1.3666381266608862,77.46657239951365,-0.2639816155230976,77.46657239951365
3,0.9243697478991597,-1.5262458318239505,77.73684538112252,-0.21830769431079267,77.73684538112252
3,0.9705882352941178,-1.6840470917049761,77.99883971123565,-0.18415653689962008,77.99883971123565
3,1.0168067226890756,-1.8381902423595864,78.25026011617551,-0.16067649054061306,78.25026011617551
3,1.0630252100840336,-1.986840960408586,78.48934034413583,-0.14690360133583372,78.48934034413583
3,1.1092436974789917,-2.128217548355576,78.71484087246444,-0.1417887286479167,78.71484087246444
3,1.1554621848739497,-2.2606252985656425,78.92602292336727,-0.1442243937753367,78.92602292336727
3,1.2016806722689077,-2.3824890420529536,79.1226028040828,-0.15307078841095167,79.1226028040828
3,1.2478991596638656,-2.4923830410542065,79.30469136413541,-0.1671804379462305,79.30469136413541
3,1.2941176470588236,-2.5890574648099722,79.47272371999891,-0.18542108974417904,79.47272371999891
3,1.3403361344537816,-2.6714607913740647,79.62738436691447,-0.20669647268986147,79.62738436691447
3,1.3865546218487395,-2.7387576021086275,79.76953242895449,-0.22996465060366944,79.76953242895449
3,1.4327731092436975,-2.7903413743718275,79.90013116067436,-0.2542537668595344,79.90013116067436
3,1.4789915966386555,-2.8258420276356553,80.0201849856902,-0.2786750492093031,80.0201849856902
3,1.5252100840336136,-2.845128132935695,80.13068642203915,-0.30243301213578455,80.13068642203915
3,1.5714285714285716,-2.8483038501206437,80.23257428126843,-0.32483285787611926,80.23257428126843
3,1.6176470588235294,-2.8357008062642386,80.32670361041636,-0.3452851363909364,80.32670361041636
3,1.6638655462184875,-2.8078652671455515,80.41382703239611,-0.3633077786115795,80.41382703239611
3,1.7100840336134455,-2.765541077046155,80.49458647488377,-0.37852566547975464,80.49458647488377
3,1.7563025210084033,-2.7096489466919422,80.56951378623312,-0.3906679377363691,80.56951378623312
3,1.8025210084033614,-2.6412627516858613,80.63903842818422,-0.39956328713462064,80.63903842818422
3,1.8487394957983194,-2.56158356241059,80.70350030209212,-0.40513349847791424,80.70350030209212
3,1.8949579831932775,-2.471912159699368,80.7631657885148,-0.40738553352155016,80.7631657885148
3,1.9411764705882355,-2.3736207985633015,80.81824523077837,-0.40640246133463975,80.81824523077837
3,1.9873949579831933,-2.2681249656641853,80.8689103380379,-0.40233354566465174,80.8689103380379
3,2.033613445378151,-2.1568558368246933,80.91531028761062,-0.39538379773415677,80.91531028761062
3,2.0798319327731094,-2.041234080953064,80.95758563718827,-0.38580329311028905,80.95758563718827
3,2.1260504201680672,-1.922645579865101,80.99587948615446,-0.3738765343017718,80.99587948615446
3,2.1722689075630255,-1.8024195428153647,81.03034562882847,-0.359912117036604,81.03034562882847
3,2.2184873949579833,-1.6818093945312569,81.0611537042677,-0.3442329290203574,81.0611537042677
3,2.264705882352941,-1.5619767099842505,81.08849155709208,-0.3271670760886227,81.08849155709208
3,2.3109243697478994,-1.4439783623041826,81.11256517709516,-0.3090396936906199,81.11256517709516
3,2.357142857142857,-1.3287569459593058,81.1335966826444,-0.29016576266386984,81.1335966826444
3,2.4033613445378155,-1.217134439115167,81.15182085837141,-0.27084400886644033,81.15182085837141
3,2.4495798319327733,-1.109808979955245,81.16748075856269,-0.25135192764452796,81.16748075856269
3,2.495798319327731,-1.007354554183756,81.18082285281778,-0.23194193771513483,81.18082285281778
3,2.5420168067226894,-0.9102233266763218,81.1920921295975,-0.21283863583676066,81.1920921295975
3,2.588235294117647,-0.8187503004568484,81.20152749577335,-0.19423709460166627,81.20152749577335
3,2.634453781512605,-0.7331599513054172,81.20935772505464,-0.17630212144427482,81.20935772505464
3,2.6806722689075633,-0.6535744661550549,81.2157981228152,-0.15916837796419347,81.2157981228152
3,2.726890756302521,-0.5800232072999183,81.22104799544667,-0.14294124508904016,81.22104799544667
3,2.773109243697479,-0.5124530310753883,81.22528894333574,-0.12769831136230092,81.22528894333574
3,2.819327731092437,-0.4507391074940479,81.22868394062417,-0.11349135848907821,81.22868394062417
3,2.865546218487395,-0.39469591445389796,81.23137712325963,-0.1003487197215156,81.23137712325963
3,2.9117647058823533,-0.34408811455012156,81.2334941793478,-0.08827789213079207,81.2334941793478
3,2.957983193277311,-0.29864106212160824,81.23514322131722,-0.07726829258737178,81.23514322131722
3,3.004201680672269,-0.2580507309041016,81.23641601602607,-0.06729405859985382,81.23641601602607
3,3.050420168067227,-0.22199289662150967,81.23738945437971,-0.05831680828709329,81.23738945437971
3,3.096638655462185,-0.19013145229364437,81.2381271538567,-0.05028828792451634,81.2381271538567
3,3.1428571428571432,-0.16212577548679308,81.23868110321608,-0.043152850040098834,81.23868110321608
3,3.189075630252101,-0.13763710497243586,81.23909327649241,-0.03684971931805281,81.23909327649241
3,3.235294117647059,-0.11633391838212814,81.23939716145571,-0.03131501710862716,81.23939716145571
3,3.281512605042017,-0.09789633181437285,81.23961916471437,-0.02648352772253859,81.23961916471437
3,3.327731092436975,-0.0820195666309742,81.23977987067678,-0.022290200631112755,81.23977987067678
3,3.3739495798319328,-0.06841654777041839,81.23989514415382,-0.018671392005577436,81.23989514415382
3,3.420168067226891,-0.0568197119366336,81.23997707628624,-0.015565856629964903,81.23997707628624
3,3.466386554621849,-0.0469821132938717,81.2400347807834,-0.012915507110209279,81.2400347807834
3,3.5126050420168067,-0.03867791925802622,81.24007505239388,-0.010665961550761827,81.24007505239388
3,3.558823529411765,-0.0317023901609651,81.24010290244111,-0.00876690360846677,81.24010290244111
3,3.6050420168067228,-0.02587143457630603,81.24012198753833,-0.007172280230725359,81.24012198753833
3,3.651260504201681,-0.02102082755357715,81.24013494764006,-0.005840362637189567,81.24013494764006
3,3.697478991596639,-0.017005172525025092,81.2401436687607,-0.004733695417859951,81.2401436687607
3,3.7436974789915967,-0.01369667980521233,81.24014948430558,-0.003818957203121337,81.24014948430558
3,3.789915966386555,-0.010983825925628354,81.24015332727791,-0.003066754410932876,81.24015332727791
3,3.8361344537815127,-0.008769948996758758,81.24015584383862,-0.0024513672742496606,81.24015584383862
3,3.882352941176471,-0.0069718262581638935,81.24015747694891,-0.0019504648575502798,81.24015747694891
3,3.928571428571429,-0.005518271276867659,81.24015852720753,-0.0015448032201590411,81.24015852720753
3,3.9747899159663866,-0.004348780125217222,81.2401591965592,-0.0012179183853018305,81.2401591965592
3,4.0210084033613445,-0.0034122484809120113,81.24015961931984,-0.0009558234115532444,81.24015961931984
3,4.067226890756302,-0.002665775050470068,81.24015988393914,-0.0007467166978868678,81.24015988393914
3,4.113445378151261,-0.0020735610747689773,81.24016004808885,-0.0005807067238618735,81.24016004808885
3,4.159663865546219,-0.0016059109374870484,81.24016014900366,-0.0004495567530731631,81.24016014900366
3,4.205882352941177,-0.001238335034238175,81.24016021048887,-0.0003464516160789563,81.24016021048887
3,4.2521008403361344,-0.0009507530146651635,81.24016024761603,-0.0002657875318053983,81.24016024761603
3,4.298319327731092,-0.0007267932056743143,81.24016026983497,-0.0002029850081249774,81.24016026983497
3,4.344537815126051,-0.0005531823738353751,81.2401602830136,-0.00015432416094922873,81.2401602830136
3,4.390756302521009,-0.00041921889604649813,81.2401602907606,-0.00011680128110496887,81.2401602907606
3,4.436974789915967,-0.0003163217870569175,81.24016029527422,-8.800513210946177e-05,81.24016029527422
3,4.483193277310924,-0.00023764779135301492,81.2401602978806,-6.601125232809368e-05,81.2401602978806
3,4.529411764705882,-0.00017776880287518736,81.24016029937233,-4.929243567540313e-05,81.24016029937233
3,4.575630252100841,-0.00013240215517519496,81.24016030021855,-3.6643551862019456e-05,81.24016030021855
3,4.621848739495799,-9.81867625923713e-05,81.24016030069431,-2.711891866762463e-05,81.24016030069431
3,4.668067226890757,-7.249863534229337e-05,81.24016030095946,-1.99805362112455e-05,81.24016030095946
3,4.714285714285714,-5.329989326757485e-05,81.2401603011059,-1.4655621051224907e-05,81.2401603011059
3,4.760504201680672,-3.9016028700429844e-05,81.2401603011861,-1.0702023425345018e-05,81.2401603011861
3,4.806722689075631,-2.8436790991893035e-05,81.2401603012296,-7.780263971745487e-06,81.2401603012296
3,4.852941176470589,-2.063666359951907e-05,81.240160301253,-5.6310791976131765e-06,81.240160301253
3,4.899159663865547,-1.491146521818027e-05,81.24016030126548,-4.057512222737606e-06,81.24016030126548
3,4.945378151260504,-1.072812044560585e-05,81.24016030127207,-2.9107231179552285e-06,81.24016030127207
3,4.991596638655462,-7.685108178139601e-06,81.24016030127552,-2.0788191236428323e-06,81.24016030127552
3,5.03781512605042,-5.481505815666367e-06,81.24016030127733,-1.4781179485383214e-06,81.24016030127733
3,5.084033613445379,-3.892905287098739e-06,81.24016030127824,-1.04635686125767e-06,81.24016030127824
3,5.130252100840337,-2.752785448146712e-06,81.2401603012787,-7.374466784176186e-07,81.2401603012787
3,5.176470588235294,-1.9381882223319067e-06,81.24016030127895,-5.17443745633197e-07,81.24016030127895
3,5.222689075630252,-1.3587672732504378e-06,81.24016030127906,-3.6147560171608987e-07,81.24016030127906
3,5.26890756302521,-9.48462616805305e-07,81.24016030127913,-2.514083664752667e-07,81.24016030127913
3,5.315126050420169,-6.592070297980071e-07,81.24016030127916,-1.7408721095269494e-07,81.24016030127916
3,5.3613445378151265,-4.5619483444125977e-07,81.24016030127918,-1.2001675632660396e-07,81.24016030127918
3,5.407563025210084,-3.1434478304700274e-07,81.24016030127918,-8.237704512332196e-08,81.24016030127918
3,5.453781512605042,-2.1567010004640456e-07,81.24016030127918,-5.6293886639680815e-08,81.24016030127918
3,5.5,-1.4733360998837278e-07,81.24016030127919,-3.8300841407136655e-08,81.24016030127919
4,0.0,0.3263678035349834,75.01109299932564,-3.004380658525964,75.01109299932564
4,0.046218487394957986,0.32278705621070225,74.89936577645007,-2.847615714322722,74.89936577645007
4,0.09243697478991597,0.31165955108781906,74.81430656676282,-2.680994898450592,74.81430656676282
4,0.13865546218487396,0.2921158319852122,74.75759723556799,-2.5067359806421,74.75759723556799
4,0.18487394957983194,0.2633548936636423,74.73069260266595,-2.3271212542157276,74.73069260266595
4,0.23109243697478993,0.22466829318636883,74.73473378135486,-2.14445084038248,74.73473378135486
4,0.2773109243697479,0.17546376514608575,74.77045813086802,-1.9609968057320053,74.77045813086802
4,0.3235294117647059,0.11528761797027975,74.8381141154518,-1.7789593287252012,74.8381141154518
4,0.3697478991596639,0.043845185047006296,74.93738973836646,-1.6004260390042777,74.93738973836646
4,0.41596638655462187,-0.0389813748794392,75.06736262155773,-1.427335504010399,75.06736262155773
4,0.46218487394957986,-0.13311858533605658,75.22647826255947,-1.2614456627000408,75.22647826255947
4,0.5084033613445378,-0.23829105308067433,75.41256068416327,-1.1043078109085922,75.41256068416327
4,0.5546218487394958,-0.3540152517352162,75.62285686937757,-0.9572465402091748,75.62285686937757
4,0.6008403361344539,-0.4795980611461914,75.8541133840988,-0.8213458271217213,75.8541133840988
4,0.6470588235294118,-0.6141403030420847,76.10268078068471,-0.6974412750318546,76.10268078068471
4,0.6932773109243697,-0.7565453680346401,76.36463906725292,-0.5861183286283635,76.36463906725292
4,0.7394957983193278,-0.9055328769480244,76.63593594120455,-0.48771612203813586,76.63593594120455
4,0.7857142857142858,-1.0596571653546878,76.91252874729646,-0.40233648626958285,76.91252874729646
4,0.8319327731092437,-1.2173302294725215,77.19052123646404,-0.32985753436149867,77.19052123646404
4,0.8781512605042017,-1.3768486303121836,77.46628707745768,-0.2699511649564226,77.46628707745768
4,0.9243697478991597,-1.5364237257702502,77.7365735490946,-0.22210377434220074,77.7365735490946
4,0.9705882352941178,-1.694214491378501,77.9985807113687,-0.18563944410763122,77.9985807113687
4,1.0168067226890756,-1.848362105573417,78.2500134064693,-0.15974487302601226,78.2500134064693
4,1.0630252100840336,-1.997025414493872,78.48910548335404,-0.14349534263937375,78.48910548335404
4,1.1092436974789917,-2.138416360217378,78.71461750397643,-0.13588104651811084,78.71461750397643
4,1.1554621848739497,-2.270834452978765,78.92581075804087,-0.13583316478034702,78.92581075804087
4,1.2016806722689077,-2.392699394974759,79.12240160286007,-0.14224912900977893,79.12240160286007
4,1.2478991596638656,-2.5025810175237684,79.30450092117484,-0.15401659125742828,79.30450092117484
4,1.2941176470588236,-2.599225774769627,79.47254384729652,-0.17003568423717486,79.47254384729652
4,1.3403361344537816,-2.6815791411081324,79.62721488115027,-0.18923923381991958,79.62721488115027
4,1.3865546218487395,-2.748803383594808,79.76937314103662,-0.21061065853318617,79.76937314103662
4,1.4327731092436975,-2.80029031935638,79.89998186813521,-0.23319936248679518,79.89998186813521
4,1.4789915966386555,-2.8356688174173623,80.02004546779638,-0.25613349650952166,80.02004546779638
4,1.5252100840336136,-2.854806958476665,80.1305564372487,-0.27863002719372965,80.1305564372487
4,1.5714285714285716,-2.857808920070564,80.23245356653058,-0.30000211396840903,80.23245356653058
4,1.6176470588235294,-2.8450068027345807,80.32659188176619,-0.3196638502110343,80.32659188176619
4,1.6638655462184875,-2.816947750607042,80.41372398633196,-0.3371324754849372,80.41372398633196
4,1.7100840336134455,-2.774376842610387,80.49449179010837,-0.35202821156601694,80.49449179010837
4,1.7563025210084033,-2.718216334374617,80.56942712546793,-0.36407191521470317,80.56942712546793
4,1.8025210084033614,-2.6495419131628104,80.63895943989392,-0.3730807747356053,80.63895943989392
4,1.8487394957983194,-2.5695566864057966,80.70342862208038,-0.3789623050136903,80.70342862208038
4,1.8949579831932775,-2.4795636576228794,80.76310104143288,-0.381706916839617,80.76310104143288
4,1.9411764705882355,-2.380937451470608,80.81818703165035,-0.3813793499292526,80.81818703165035
4,1.9873949579831933,-2.27509603314018,80.86885829392158,-0.37810926553643576,80.86885829392158
4,2.033613445378151,-2.163473128080554,80.91526399950108,-0.37208129345108887,80.91526399950108
4,2.0798319327731094,-2.0474919883117835,80.95754470224266,-0.3635248197787977,80.95754470224266
4,2.1260504201680672,-1.9285410749178986,80.99584350026446,-0.35270378660882606,80.99584350026446
4,2.1722689075630255,-1.807952135851103,81.03031418952257,-0.339906752890931,81.03031418952257
4,2.2184873949579833,-1.6869810583417397,81.06112641387243,-0.32543743872810005,81.06112641387243
4,2.264705882352941,-1.5667917697865477,81.08846802604785,-0.3096059434868028,81.08846802604785
4,2.3109243697478994,-1.4484433542370247,81.11254502729554,-0.2927207931873923,81.11254502729554
4,2.357142857142857,-1.332880447346323,81.13357955065612,-0.27508193558473515,81.13357955065612
4,2.4033613445378155,-1.2209268743811599,81.15180639839694,-0.25697476370527284,81.15180639839694
4,2.4495798319327733,-1.1132824066812574,81.1674686450203,-0.23866521154621267,81.1674686450203
4,2.495798319327731,-1.0105224342481787,81.18081278244065,-0.22039593051839823,81.18081278244065
4,2.5420168067226894,-0.9131002877221217,81.19208382298241,-0.20238352300598628,81.19208382298241
4,2.588235294117647,-0.8213518930309434,81.20152069834431,-0.1848167810963517,81.20152069834431
4,2.634453781512605,-0.7355024069322376,81.20935220743978,-0.16785585473871834,81.20935220743978
4,2.6806722689075633,-0.655674461339613,81.21579368066527,-0.15163225478025755,81.21579368066527
4,2.726890756302521,-0.5818976380260565,81.22104444874972,-0.13624958270799592,81.22104444874972
4,2.773109243697479,-0.5141188017992757,81.2252861353007,-0.12178487043534769,81.2252861353007
4,2.819327731092437,-0.4522129379644353,81.22868173621916,-0.10829040990270489,81.22868173621916
4,2.865546218487395,-0.3959941669550311,81.23137540749546,-0.09579595316346623,81.23137540749546
4,2.9117647058823533,-0.34522664339705944,81.23349285539716,-0.08431116845272157,81.23349285539716
4,2.957983193277311,-0.2996350864753561,81.23514220855346,-0.0738282458144277,81.23514220855346
4,3.004201680672269,-0.2589147312466471,81.23641524805647,-0.06432455647253255,81.23641524805647
4,3.050420168067227,-0.2227405345642941,81.23738887713527,-0.05576528254277635,81.23738887713527
4,3.096638655462185,-0.19077551280758076,81.23812672378749,-0.04810594716624905,81.23812672378749
4,3.1428571428571432,-0.1626781301515794,81.23868078562717,-0.04129478904936024,81.23868078562717
4,3.189075630252101,-0.13810869445547658,81.239093044043,-0.035274939112447834,81.239093044043
4,3.235294117647059,-0.11673475207512629,81.23939699283245,-0.02998637000034976,81.23939699283245
4,3.281512605042017,-0.09823550237571155,81.23961904348047,-0.02536760118042647,81.23961904348047
4,3.327731092436975,-0.08230527709741353,81.23977978429117,-0.021357152970664206,81.23977978429117
4,3.3739495798319328,-0.06865614890221772,81.23989508314895,-0.017894751907882922,81.23989508314895
4,3.420168067226891,-0.05701974753366423,81.23997703359005,-0.01492229729763106,81.23997703359005
4,3.466386554621849,-0.04714837135296768,81.24003475116834,-0.012384604574468328,81.24003475116834
4,3.5126050420168067,-0.038815487019823514,81.24007503203593,-0.01022994530902499,81.24007503203593
4,3.558823529411765,-0.031815711304141625,81.24010288857191,-0.008410406446276775,81.24010288857191
4,3.6050420168067228,-0.025964367045787307,81.24012197817423,-0.006882092807347473,81.24012197817423
4,3.651260504201681,-0.021096700745611097,81.24013494137425,-0.005605197221577485,81.24013494137425
4,3.697478991596639,-0.017066842786362002,81.24014366460553,-0.004543962074050334,81.24014366460553
4,3.7436974789915967,-0.013746583428117631,81.2401494815747,-0.003666554755853979,81.2401494815747
4,3.789915966386555,-0.01102402902903149,81.24015332549916,-0.002944877680875896,81.24015332549916
4,3.8361344537815127,-0.008802193872231967,81.24015584269037,-0.002354331359150308,81.24015584269037
4,3.882352941176471,-0.0069975739249364954,81.24015747621428,-0.0018735466475109236,81.24015747621428
4,3.928571428571429,-0.00553874013145203,81.24015852674172,-0.001484099864978744,81.24015852674172
4,3.9747899159663866,-0.004364980688371545,81.24015919626646,-0.0011702220695990334,81.24015919626646
4,4.0210084033613445,-0.0034250143384692427,81.2401596191375,-0.0009185115276661993,81.2401596191375
4,4.067226890756302,-0.002675790156608668,81.24015988382659,-0.0007176563248565068,81.24015988382659
4,4.113445378151261,-0.0020813836386864917,81.24016004801999,-0.0005581722104198092,81.24016004801999
4,4.159663865546219,-0.0016119941495527715,81.24016014896189,-0.00043215915107284314,81.24016014896189
4,4.205882352941177,-0.0012430449080815809,81.24016021046376,-0.00033307870650922666,81.24016021046376
4,4.2521008403361344,-0.000954383629833775,81.24016024760108,-0.0002555532177220092,81.24016024760108
4,4.298319327731092,-0.0007295796338924743,81.24016026982615,-0.00019518690800507214,81.24016026982615
4,4.344537815126051,-0.0005553115627597895,81.24016028300842,-0.0001484083138867682,81.24016028300842
4,4.390756302521009,-0.0004208387697513076,81.24016029075761,-0.0001123329649781353,81.24016029075761
4,4.436974789915967,-0.00031754880403891614,81.24016029527249,-8.464489167818792e-05,81.24016029527249
4,4.483193277310924,-0.0002385731800990309,81.24016029787963,-6.349533164271524e-05,81.24016029787963
4,4.529411764705882,-0.00017846367318687367,81.24016029937178,-4.7416904736129976e-05,81.24016029937178
4,4.575630252100841,-0.00013292166145663234,81.24016030021824,-3.525150863065976e-05,81.24016030021824
4,4.621848739495799,-9.857347390024871e-05,81.24016030069414,-2.6090232558509873e-05,81.24016030069414
4,4.668067226890757,-7.278524670375e-05,81.24016030095936,-1.9223676996007718e-05,81.24016030095936
4,4.714285714285714,-5.351139394197454e-05,81.24016030110586,-1.4101187151000947e-05,81.24016030110586
4,4.760504201680672,-3.917142591141525e-05,81.24016030118607,-1.029764569701521e-05,81.24016030118607
4,4.806722689075631,-2.8550472284519994e-05,81.24016030122958,-7.486615494835887e-06,81.24016030122958
4,4.852941176470589,-2.071946739507348e-05,81.24016030125298,-5.418768629701371e-06,81.24016030125298
4,4.899159663865547,-1.4971517292321082e-05,81.24016030126548,-3.904678554324215e-06,81.24016030126548
4,4.945378151260504,-1.077148384366508e-05,81.24016030127207,-2.801183749925163e-06,81.24016030127207
4,4.991596638655462,-7.71628537504489e-06,81.24016030127552,-2.0006517774207933e-06,81.24016030127552
4,5.03781512605042,-5.503824580803125e-06,81.24016030127733,-1.4225806694995993e-06,81.24016030127733
4,5.084033613445379,-3.9088135738512365e-06,81.24016030127824,-1.0070699352487668e-06,81.24016030127824
4,5.130252100840337,-2.7640755424639834e-06,81.2401603012787,-7.097762537711309e-07,81.2401603012787
4,5.176470588235294,-1.946166209708348e-06,81.24016030127895,-4.980398912135905e-07,81.24016030127895
4,5.222689075630252,-1.3643804845254873e-06,81.24016030127906,-3.479279300352552e-07,81.24016030127906
4,5.26890756302521,-9.523949680988394e-07,81.24016030127913,-2.4199064513131914e-07,81.24016030127913
4,5.315126050420169,-6.619499720449732e-07,81.24016030127916,-1.6756895284352615e-07,81.24016030127916
4,5.3613445378151265,-4.58099878275304e-07,81.24016030127918,-1.1552494169412375e-07,81.24016030127918
4,5.407563025210084,-3.156621832161983e-07,81.24016030127918,-7.929515858702161e-08,81.24016030127918
4,5.453781512605042,-2.1657720038736432e-07,81.24016030127918,-5.4188576941140326e-08,81.24016030127918
4,5.5,-1.4795550664944924e-07,81.24016030127919,-3.686891788151166e-08,81.24016030127919
5,0.0,0.31015358097575585,75.01030425364418,-3.0104041268853945,75.01030425364418
5,0.046218487394957986,0.30690455600211264,74.89864054956104,-2.861211012884149,74.89864054956104
5,0.09243697478991597,0.29615994443563975,74.81363767770289,-2.7016190985789947,74.81363767770289
5,0.13865546218487396,0.27703955211894904,74.7569777813381,-2.5337237155770507,74.7569777813381
5,0.18487394957983194,0.24873164189771746,74.73011635646655,-2.3596951185786095,74.73011635646655
5,0.23109243697478993,0.21051737617194277,74.73419547854238,-2.1817342633385355,74.73419547854238
5,0.2773109243697479,0.16179473141688128,74.76995362542459,-2.0020291143298206,74.76995362542459
5,0.3235294117647059,0.10210115083755156,74.83764040257482,-1.8227126589250853,74.83764040257482
5,0.3697478991596639,0.031134200379000276,74.93694485169243,-1.6458237030019003,74.93694485169243
5,0.41596638655462187,-0.051230483094851564,75.06694542512153,-1.4732713851548294,75.06694542512153
5,0.46218487394957986,-0.14492461134311618,75.22608816662728,-1.3068041846519058,75.22608816662728
5,0.5084033613445378,-0.2496766168680793,75.41219731965525,-1.1479840162826722,75.41219731965525
5,0.5546218487394958,-0.36500546366545983,75.62251975729791,-0.9981658159445601,75.62251975729791
5,0.6008403361344539,-0.49021926385320036,75.85380163426898,-0.8584828288852631,75.85380163426898
5,0.6470588235294118,-0.6244189329106238,76.10239284868773,-0.7298376303458749,76.10239284868773
5,0.6932773109243697,-0.766506969257291,76.36437259071764,-0.6128987369701946,76.36437259071764
5,0.7394957983193278,-0.9152012909796738,76.63568766747863,-0.5081025184229189,76.63568766747863
5,0.7857142857142858,-1.069053908162962,76.91229455525686,-0.4156599910510481,76.91229455525686
5,0.8319327731092437,-1.2264740589197913,77.19029624666679,-0.33556797423991824,77.19029624666679
5,0.8781512605042017,-1.385755296815132,77.46606583773156,-0.2676240164121806,77.46606583773156
5,0.9243697478991597,-1.5451058915108806,77.73635027749943,-0.21144444882868152,77.73635027749943
5,0.9705882352941178,-1.7026817970950234,77.99834957531347,-0.1664849022635413,77.99834957531347
5,1.0168067226890756,-1.8566213595349872,78.2497688156791,-0.13206262095455967,78.2497688156791
5,1.0630252100840336,-2.005080875721738,78.4888423750555,-0.10737992511973818,78.4888423750555
5,1.1092436974789917,-2.146270087299489,78.71433160082601,-0.09154820827944188,78.71433160082601
5,1.1554621848739497,-2.2784866907668757,78.92549878260112,-0.08361190030886823,78.92549878260112
5,1.2016806722689077,-2.4001489738061705,79.12206143645162,-0.08257188270915217,79.12206143645162
5,1.2478991596638656,-2.509825743058638,79.30413169937877,-0.08740790234604567,79.30413169937877
5,1.2941176470588236,-2.606262790738109,79.4721459889158,-0.09709959407002877,79.4721459889158
5,1.3403361344537816,-2.6884052518598622,79.62679005180189,-0.11064578717915641,79.62679005180189
5,1.3865546218487395,-2.7554153280080644,79.76892415648331,-0.12708183495211856,79.76892415648331
5,1.4327731092436975,-2.8066849920885453,79.89951254578487,-0.14549476922675808,79.89951254578487
5,1.4789915966386555,-2.8418434374219625,80.01956043733908,-0.16503614201920946,80.01956043733908
5,1.5252100840336136,-2.860759187989654,80.13006092306534,-0.18493247357079312,80.13006092306534
5,1.5714285714285716,-2.8635369397672186,80.23195315525345,-0.2044932801127768,80.23195315525345
5,1.6176470588235294,-2.8505093504312207,80.32609228820972,-0.2231167051402565,80.32609228820972
5,1.6638655462184875,-2.822224131744445,80.41323083003165,-0.24029282489613912,80.41323083003165
5,1.7100840336134455,-2.779426920877448,80.4940103930366,-0.25560474144823964,80.4940103930366
5,1.7563025210084033,-2.7230405103209563,80.56896233930476,-0.2687276154176583,80.56896233930476
5,1.8025210084033614,-2.654141097645418,80.63851550873603,-0.2794258241308878,80.63851550873603
5,1.8487394957983194,-2.5739322743702786,80.7030090838532,-0.2875484594216591,80.7030090838532
5,1.8949579831932775,-2.4837175061877197,80.76270866874953,-0.29302340231365065,80.76270866874953
5,1.9411764705882355,-2.3848718647070086,80.81782381057565,-0.29585022823792073,80.81782381057565
5,1.9873949579831933,-2.2788137544476577,80.86852543719691,-0.296092206561422,80.86852543719691
5,2.033613445378151,-2.1669773397483745,80.91496198934166,-0.29386766135569076,80.91496198934166
5,2.0798319327731094,-2.050786316802757,80.95727335685847,-0.289340956656547,80.95727335685847
5,2.1260504201680672,-1.9316295996554445,80.99560205779636,-0.2827133591733375,80.99560205779636
5,2.1722689075630255,-1.8108393988480316,81.03010140306073,-0.2742140147206982,81.03010140306073
5,2.2184873949579833,-1.6896720718688023,81.06094065158739,-0.2640912525737136,81.06094065158739
5,2.264705882352941,-1.5692920194091649,81.08830737111876,-0.25260440497048897,81.08830737111876
5,2.3109243697478994,-1.450758794903411,81.11240737318177,-0.24001629853185058,81.11240737318177
5,2.357142857142857,-1.335017490732259,81.13346268823365,-0.22658654134546552,81.13346268823365
5,2.4033613445378155,-1.222892366326679,81.15170809249128,-0.21256569530737757,81.15170809249128
5,2.4495798319327733,-1.1150835942316224,81.16738669883837,-0.19819038914224585,81.16738669883837
5,2.495798319327731,-1.0121669224818781,81.18074508928551,-0.18367939465324845,81.18074508928551
5,2.5420168067226894,-0.9145959871651801,81.19202840538566,-0.16923065815408833,81.19202840538566
5,2.588235294117647,-0.8227069589829714,81.20147573535121,-0.15501925169483322,81.20147573535121
5,2.634453781512605,-0.7367251724405062,81.20931605122225,-0.14119618528167788,81.20931605122225
5,2.6806722689075633,-0.6567733658383315,81.21576486392435,-0.12788800232055308,81.21576486392435
5,2.726890756302521,-0.5828811538058059,81.22102168451474,-0.11519706625463311,81.22102168451474
5,2.773109243697479,-0.5149953604914916,81.22526831075812,-0.1032024368340636,81.22526831075812
5,2.819327731092437,-0.4529908591309679,81.22866790213499,-0.09196122952291397,81.22866790213499
5,2.865546218487395,-0.3966815906817063,81.23136476465483,-0.08151035084775682,81.23136476465483
5,2.9117647058823533,-0.34583146852388413,81.23348473929893,-0.07186850555953761,81.23348473929893
5,2.957983193277311,-0.300164915778832,81.2351360733888,-0.0630383777218042,81.2351360733888
5,3.004201680672269,-0.2593768245433772,81.23641065078458,-0.055008896602990465,81.23641065078458
5,3.050420168067227,-0.22314177035191918,81.23738546226367,-0.04775750887115349,81.23738546226367
5,3.096638655462185,-0.19112235871733008,81.23812420927734,-0.0412523903891584,81.23812420927734
5,3.1428571428571432,-0.1629766221716622,81.23867895018246,-0.035454543274541006,81.23867895018246
5,3.189075630252101,-0.13836442460791298,81.2390917159094,-0.030319736245189688,81.2390917159094
5,3.235294117647059,-0.11695286399801397,81.23939604012843,-0.025800258158827027,81.23939604012843
5,3.281512605042017,-0.09842069408259091,81.23961836600603,-0.021846465667631376,81.23961836600603
5,3.327731092436975,-0.08246181005617848,81.2397793067079,-0.018408115773506983,81.2397793067079
5,3.3739495798319328,-0.06878786249614754,81.23989474939312,-0.015435482582599747,81.23989474939312
5,3.420168067226891,-0.05713007793259628,81.23997680236528,-0.012880264620210968,81.23997680236528
5,3.466386554621849,-0.047240373827858395,81.24003459236215,-0.010696294652633442,81.24003459236215
5,3.5126050420168067,-0.038891860772437004,81.24007492391002,-0.008840068114440824,81.24007492391002
5,3.558823529411765,-0.031878825948353784,81.2401028155887,-0.007271109055131952,81.2401028155887
5,3.6050420168067228,-0.026016289961038885,81.24012192933729,-0.005952194133606925,81.24012192933729
5,3.651260504201681,-0.0211392246197053,81.24013490897704,-0.004849455766202382,81.24013490897704
5,3.697478991596639,-0.017101512768099625,81.24014364329955,-0.00393238524959405,81.24014364329955
5,3.7436974789915967,-0.013774723415008183,81.24014946768378,-0.003173755713345605,81.24014946768378
5,3.789915966386555,-0.011046766717186962,81.24015331652078,-0.0025494832815911583,81.24015331652078
5,3.8361344537815127,-0.008820484291237385,81.24015583693725,-0.00203844299957473,81.24015583693725
5,3.882352941176471,-0.007012221267550772,81.24015747255963,-0.0016222540513052414,81.24015747255963
5,3.928571428571429,-0.005550417764848298,81.24015852444012,-0.0012850466813898176,81.24015852444012
5,3.9747899159663866,-0.004374249299451821,81.24015919482947,-0.0010132211370805083,81.24015919482947
5,4.0210084033613445,-0.0034323382203769875,81.24015961824806,-0.0007952069435323977,81.24015961824806
5,4.067226890756302,-0.0026815516872256556,81.2401598832808,-0.0006212289732344042,81.2401598832808
5,4.113445378151261,-0.002085896035319973,81.24016004768795,-0.0004830851075382295,81.24016004768795
5,4.159663865546219,-0.001615512608160001,81.24016014876165,-0.0003739388356893865,81.24016014876165
5,4.205882352941177,-0.0012457762513579038,81.24016021034403,-0.00028812890247581144,81.24016021034403
5,4.2521008403361344,-0.0009564945975126943,81.24016024753011,-0.0002209970963305101,81.24016024753011
5,4.298319327731092,-0.0007312039518802341,81.24016026978444,-0.00016873445391473937,81.24016026978444
5,4.344537815126051,-0.0005565559264113472,81.24016028298412,-0.00012824552752008223,81.24016028298412
5,4.390756302521009,-0.00042178787176637075,81.24016029074357,-9.702989710414119e-05,81.24016029074357
5,4.436974789915967,-0.0003182695300728046,81.24016029526446,-7.307978663293607e-05,81.24016029526446
5,4.483193277310924,-0.0002391180860781732,81.24016029787506,-5.479244155724532e-05,81.24016029787506
5,4.529411764705882,-0.00017887384819137344,81.24016029936922,-4.089581840632621e-05,81.24016029936922
5,4.575630252100841,-0.00013322906945335876,81.2401603002168,-3.0386107964682635e-05,81.2401603002168
5,4.621848739495799,-9.880285702708411e-05,81.24016030069335,-2.2475641760214514e-05,81.24016030069335
5,4.668067226890757,-7.295566255723389e-05,81.24016030095893,-1.654980151136274e-05,81.24016030095893
5,4.714285714285714,-5.363744964809658e-05,81.24016030110562,-1.2131649145173022e-05,81.24016030110562
5,4.760504201680672,-3.9264262822724964e-05,81.24016030118592,-8.85310985632398e-06,81.24016030118592
5,4.806722689075631,-2.861854703844135e-05,81.24016030122951,-6.431663580366755e-06,81.24016030122951
5,4.852941176470589,-2.076916782749118e-05,81.24016030125296,-4.651624428076513e-06,81.24016030125296
5,4.899159663865547,-1.5007645325183089e-05,81.24016030126546,-3.3492081078127594e-06,81.24016030126546
5,4.945378151260504,-1.0797631923502185e-05,81.24016030127206,-2.4007007142894663e-06,81.24016030127206
5,4.991596638655462,-7.735128278293511e-06,81.24016030127552,-1.7131463058027885e-06,81.24016030127552
5,5.03781512605042,-5.517344355927611e-06,81.24016030127731,-1.2170642446487028e-06,81.24016030127731
5,5.084033613445379,-3.9184719869418656e-06,81.24016030127824,-8.607899185756744e-07,81.24016030127824
5,5.130252100840337,-2.770945557551029e-06,81.2401603012787,-6.061043382776695e-07,81.2401603012787
5,5.176470588235294,-1.951031694137917e-06,81.24016030127895,-4.2487975257404797e-07,81.24016030127895
5,5.222689075630252,-1.3678114138516049e-06,81.24016030127906,-2.965206275602098e-07,81.24016030127906
5,5.26890756302521,-9.548038498885982e-07,81.24016030127913,-2.0602303027257872e-07,81.24016030127913
5,5.315126050420169,-6.636339558816668e-07,81.24016030127916,-1.425116324260531e-07,81.24016030127916
5,5.3613445378151265,-4.59272018819794e-07,81.24016030127918,-9.814319485505154e-08,81.24016030127918
5,5.407563025210084,-3.164745298237248e-07,81.24016030127918,-6.72894535128877e-08,81.24016030127918
5,5.453781512605042,-2.171377621768431e-07,81.24016030127918,-4.59316767419551e-08,81.24016030127918
5,5.5,-1.4834065365589308e-07,81.24016030127919,-3.121458749551712e-08,81.24016030127919
6,0.0,0.29805373946892927,75.00966029448271,-3.0128181523867408,75.00966029448271
6,0.046218487394957986,0.29513578937942886,74.89804671243202,-2.8695903241897796,74.89804671243202
6,0.09243697478991597,0.28475783596082715,74.81308877126462,-2.7155622990815185,74.81308877126462
6,0.13865546218487396,0.26602957763087876,74.7564687545482,-2.5527341844477665,74.7564687545482
6,0.18487394957983194,0.23812918078969592,74.72964257788668,-2.3831889800656585,74.72964257788668
6,0.23109243697478993,0.20032802481689416,74.73375294049822,-2.2090502832396286,74.73375294049822
6,0.2773109243697479,0.15201489500113397,74.76953906187507,-2.0324402989162573,74.76953906187507
6,0.3235294117647059,0.09271887951540769,74.83725131803511,-1.8554392854473143,74.83725131803511
6,0.3697478991596639,0.022130227551292236,74.93657946701302,-1.6800474730389858,74.93657946701302
6,0.41596638655462187,-0.05988154840748905,75.06660255342828,-1.5081503636383857,75.06660255342828
6,0.46218487394957986,-0.15325298943623267,75.22576703848294,-1.3414881691948164,75.22576703848294
6,0.5084033613445378,-0.2577160118586068,75.41189737995994,-1.1816299738814653,75.41189737995994
6,0.5546218487394958,-0.37279171827622193,75.62224045734932,-1.029953027233736,75.62224045734932
6,0.6008403361344539,-0.49778906144099366,75.85354224085073,-0.8876273935455341,75.85354224085073
6,0.6470588235294118,-0.6318085881046791,76.10215228843528,-0.7556060103116415,76.10215228843528
6,0.6932773109243697,-0.7737513415361015,76.36414934292456,-0.6346200457374627,76.36414934292456
6,0.7394957983193278,-0.9223328475110808,76.6354797126835,-0.5251793037734416,76.6354797126835
6,0.7857142857142858,-1.0761019537459244,76.91209938108057,-0.4275773034186834,76.91209938108057
6,0.8319327731092437,-1.233464142385417,77.19011090707879,-0.3419005621701716,77.19011090707879
6,0.8781512605042017,-1.3927087951968105,77.46588705762377,-0.2680415424416722,77.46588705762377
6,0.9243697478991597,-1.5520397660635545,77.73617459141128,-0.2057146719790759,77.73617459141128
6,0.9705882352941178,-1.7096085091167033,77.99817348742461,-0.15447482558781367,77.99817348742461
6,1.0168067226890756,-1.8635489291217406,78.24958896771574,-0.11373765269407698,78.24958896771574
6,1.0630252100840336,-2.0120130631718505,78.48865570935854,-0.08280114865796753,78.48865570935854
6,1.1092436974789917,-2.153206674882197,78.71413550728519,-0.06086789805283899,78.71413550728519
6,1.1554621848739497,-2.2854238419066073,78.92529122022678,-0.04706745718010685,78.92529122022678
6,1.2016806722689077,-2.407079647259544,79.12184102280577,-0.04047839230005801,79.12184102280577
6,1.2478991596638656,-2.516740141175462,79.30389776371403,-0.040149542951407824,79.30389776371403
6,1.2941176470588236,-2.6131488231664797,79.47189858749167,-0.045120136777255127,79.47189858749167
6,1.3403361344537816,-2.6952489988266173,79.62652994631146,-0.054438439646237846,79.62652994631146
6,1.3865546218487395,-2.7622014903396845,79.76865275871135,-0.06717868213291922,79.76865275871135
6,1.4327731092436975,-2.8133973182040695,79.89923183342289,-0.08245605952839341,79.89923183342289
6,1.4789915966386555,-2.8484651204414124,80.01927284724076,-0.0994396564716915,80.01927284724076
6,1.5252100840336136,-2.867273228705802,80.1297692290862,-0.11736319925123695,80.1297692290862
6,1.5714285714285716,-2.869926473422897,80.23166033816747,-0.13553358808309035,80.23166033816747
6,1.6176470588235294,-2.8567579369721585,80.32580140505672,-0.15333720839176657,80.32580140505672
6,1.6638655462184875,-2.828316010462906,80.41294488966113,-0.17024406416983595,80.41294488966113
6,1.7100840336134455,-2.7853472311534055,80.49373224365885,-0.1858098172526521,80.49373224365885
6,1.7563025210084033,-2.728775480556383,80.568694572634,-0.19967585403461285,80.568694572634
6,1.8025210084033614,-2.659678204552062,80.63826038391625,-0.21156753478139656,80.63826038391625
6,1.8487394957983194,-2.579260374598526,80.70276847291785,-0.22129080990618277,80.70276847291785
6,1.8949579831932775,-2.488826941964909,80.76248402396905,-0.22872741210623815,80.76248402396905
6,1.9411764705882355,-2.3897545447732185,80.81761615280139,-0.2338288518720102,80.81761615280139
6,1.9873949579831933,-2.2834632112103286,80.86833536326435,-0.23660945675439393,80.86833536326435
6,2.033613445378151,-2.171388763281957,80.91478969580827,-0.2371387011185373,80.91478969580827
6,2.0798319327731094,-2.05495656613758,80.9571186768343,-0.23553307293507508,80.9571186768343
6,2.1260504201680672,-1.935557191751606,80.99546450737378,-0.23194771755518495,80.99546450737378
6,2.1722689075630255,-1.8145244757398196,81.02998023384488,-0.22656808547680285,81.02998023384488
6,2.2184873949579833,-1.6931163466811476,81.06083490603274,-0.21960179272787883,81.06083490603274
6,2.264705882352941,-1.5724987022653174,81.08821593773703,-0.21127087904127428,81.08821593773703
6,2.3109243697478994,-1.4537325001304744,81.11232903916492,-0.2018046218085381,81.11232903916492
6,2.357142857142857,-1.3377641271909724,81.1333961875734,-0.19143303370714548,81.1333961875734
6,2.4033613445378155,-1.2254190131059062,81.15165214822969,-0.1803811402733171,81.15165214822969
6,2.4495798319327733,-1.1173983643214367,81.1673400586231,-0.16886410161150955,81.1673400586231
6,2.495798319327731,-1.0142788173416495,81.18070655388563,-0.15708321118700574,81.18070655388563
6,2.5420168067226894,-0.9165147453112112,81.19199685024076,-0.14522277520437044,81.19199685024076
6,2.588235294117647,-0.8244429018203245,81.20145012555615,-0.13344784942715293,81.20145012555615
6,2.634453781512605,-0.7382890505479214,81.20929545059444,-0.12190278714128766,81.20929545059444
6,2.6806722689075633,-0.6581762087868022,81.21574843896028,-0.11071053285562371,81.21574843896028
6,2.726890756302521,-0.5841341263582738,81.22100870412376,-0.09997258158508249,81.22100870412376
6,2.773109243697479,-0.5161096277087864,81.22525814267755,-0.08976951324839888,81.22525814267755
6,2.819327731092437,-0.4539774625162547,81.22866000689349,-0.08016200576280585,81.22866000689349
6,2.865546218487395,-0.3975513370539412,81.23135868787512,-0.07119222852831975,81.23135868787512
6,2.9117647058823533,-0.3465948328426949,81.23348010302858,-0.06288551975952217,81.23348010302858
6,2.957983193277311,-0.300831958670555,81.23513256703276,-0.05525225600650918,81.23513256703276
6,3.004201680672269,-0.2599571248209811,81.23640802209407,-0.04828982961006156,81.23640802209407
6,3.050420168067227,-0.22364437239726076,81.23738350872189,-0.04198465913733518,81.23738350872189
6,3.096638655462185,-0.19155573421664762,81.23812277011788,-0.03631416840450408,81.23812277011788
6,3.1428571428571432,-0.16334864537427407,81.23867789918697,-0.031248680929357064,81.23867789918697
6,3.189075630252101,-0.1386823600201037,81.23909095505613,-0.026753188015965268,81.23909095505613
6,3.235294117647059,-0.11722336523140342,81.23939549410508,-0.022788959708176515,81.23939549410508
6,3.281512605042017,-0.09864981244829663,81.23961797755737,-0.019314978162150886,81.23961797755737
6,3.327731092436975,-0.08265501142901055,81.23977903275886,-0.016289182304642713,81.23977903275886
6,3.3739495798319328,-0.0689500509614489,81.23989455786999,-0.013669520755833275,81.23989455786999
6,3.420168067226891,-0.057265624764451406,81.23997666962912,-0.011414816793614113,81.23997666962912
6,3.466386554621849,-0.04735315042326205,81.24003450116629,-0.009485454580143382,81.24003450116629
6,3.5126050420168067,-0.038985274272689496,81.2400748617974,-0.007843899989224079,81.2400748617974
6,3.558823529411765,-0.03195585640785892,81.24010277365099,-0.006455072244124227,81.24010277365099
6,3.6050420168067228,-0.026079528066646374,81.24012190126676,-0.005286584318165588,81.24012190126676
6,3.651260504201681,-0.021190909113357526,81.2401348903511,-0.0043088708110020635,81.2401348903511
6,3.697478991596639,-0.017143566875415683,81.2401436310475,-0.0034952219515019256,81.2401436310475
6,3.7436974789915967,-0.013808789727242976,81.24014945969421,-0.002821741658350446,81.24014945969421
6,3.789915966386555,-0.011074240109638755,81.24015331135587,-0.0022672463723885927,81.24015331135587
6,3.8361344537815127,-0.00884254258458489,81.24015583362727,-0.0018131198096675294,81.24015583362727
6,3.882352941176471,-0.007029853447821144,81.24015747045674,-0.0014431370051757458,81.24015747045674
6,3.928571428571429,-0.005564449671710131,81.24015852311567,-0.001143269139336378,81.24015852311567
6,3.9747899159663866,-0.004385366771043772,81.24015919400253,-0.0009014787576780564,81.24015919400253
6,4.0210084033613445,-0.003441107746322891,81.2401596177362,-0.0007075131832025572,81.2401596177362
6,4.067226890756302,-0.0026884386707558827,81.24015988296671,-0.0005527022362419448,81.24015988296671
6,4.113445378151261,-0.002091280801768812,81.24016004749689,-0.00042976485562769284,81.24016004749689
6,4.159663865546219,-0.0016197043220239973,81.24016014864641,-0.00033262787991265863,81.24016014864641
6,4.205882352941177,-0.0012490249191800737,81.24016021027514,-0.0002562591073113664,81.24016021027514
6,4.2521008403361344,-0.0009590013407246856,81.24016024748929,-0.00019651580668769014,81.24016024748929
6,4.298319327731092,-0.0007331297339604435,81.24016026976045,-0.000150009090087843,81.24016026976045
6,4.344537815126051,-0.0005580289137698605,81.24016028297014,-0.00011398396513653992,81.24016028297014
6,4.390756302521009,-0.0004229095989732815,81.2401602907355,-8.62144446612291e-05,81.2401602907355
6,4.436974789915967,-0.000319120028567578,81.24016029525984,-6.491278086417831e-05,81.24016029525984
6,4.483193277310924,-0.00023976012232431766,81.24016029787245,-4.865169144919589e-05,81.24016029787245
6,4.529411764705882,-0.00017935640318971022,81.24016029936774,-3.629833513511772e-05,81.24016029936774
6,4.575630252100841,-0.00013359017725215897,81.24016030021598,-2.6958755131330833e-05,81.24016030021598
6,4.621848739495799,-9.907190587120883e-05,81.24016030069289,-1.993152446101102e-05,81.24016030069289
6,4.668067226890757,-7.315524897037176e-05,81.24016030095868,-1.4669381705712968e-05,81.24016030095868
6,4.714285714285714,-5.3784863296698314e-05,81.24016030110548,-1.07477272834537e-05,81.24016030110548
6,4.760504201680672,-3.937266862547484e-05,81.24016030118585,-7.838948464075212e-06,81.24016030118585
6,4.806722689075631,-2.8697920741819647e-05,81.24016030122948,-5.691647768875049e-06,81.24016030122948
6,4.852941176470589,-2.0827032185876098e-05,81.24016030125293,-4.113957890046504e-06,81.24016030125293
6,4.899159663865547,-1.5049646077190117e-05,81.24016030126545,-2.960232151937958e-06,81.24016030126545
6,4.945378151260504,-1.0827985886470968e-05,81.24016030127206,-2.120499578440316e-06,81.24016030127206
6,4.991596638655462,-7.756970009999988e-06,81.24016030127551,-1.5121657434345292e-06,81.24016030127551
6,5.03781512605042,-5.532992864098975e-06,81.24016030127731,-1.0735235991449525e-06,81.24016030127731
6,5.084033613445379,-3.9296348047326065e-06,81.24016030127824,-7.587119439019934e-07,81.24016030127824
6,5.130252100840337,-2.7788740482234393e-06,81.2401603012787,-5.338231729712102e-07,81.2401603012787
6,5.176470588235294,-1.956638605764894e-06,81.24016030127895,-3.739168872339546e-07,81.24016030127895
6,5.222689075630252,-1.3717593860298655e-06,81.24016030127906,-2.6074248722968946e-07,81.24016030127906
6,5.26890756302521,-9.575716980830367e-07,81.24016030127913,-1.8101286475531253e-07,81.24016030127913
6,5.315126050420169,-6.655660525484938e-07,81.24016030127916,-1.2510359170842096e-07,81.24016030127916
6,5.3613445378151265,-4.6061489010432047e-07,81.24016030127918,-8.607847064367637e-08,81.24016030127918
6,5.407563025210084,-3.174038372114558e-07,81.24016030127918,-5.8963792249624564e-08,81.24016030127918
6,5.453781512605042,-2.1777809290058872e-07,81.24016030127918,-4.021091881438243e-08,81.24016030127918
6,5.5,-1.4877996223901248e-07,81.24016030127919,-2.7300580767683456e-08,81.24016030127919
7,0.0,0.28888465617629416,75.009121726915,-3.0122088587281812,75.009121726915
7,0.046218487394957986,0.28589068647980587,74.89754882273563,-2.877790119409756,74.89754882273563
7,0.09243697478991597,0.2754878887955292,74.81262405951203,-2.7319457421010815,74.81262405951203
7,0.13865546218487396,0.2567837468937242,74.75603075220673,-2.5765257556251386,74.75603075220673
7,0.18487394957983194,0.22895374060820028,74.72922620858091,-2.413475116211134,74.72922620858091
7,0.23109243697478993,0.19126620880188483,74.73335472919207,-2.2447945311126425,74.73335472919207
7,0.2773109243697479,0.14310665558218538,74.76915717729936,-2.072501251048833,74.76915717729936
7,0.3235294117647059,0.08400075091121906,74.83688544855005,-1.898590885546695,74.83688544855005
7,0.3697478991596639,0.013635278727598177,74.93623054554206,-1.7250012141792688,74.93623054554206
7,0.41596638655462187,-0.06812368727486273,75.06627236098586,-1.5535788529646695,75.06627236098586
7,0.46218487394957986,-0.16121604505443798,75.22545772663885,-1.3860494993599985,75.22545772663885
7,0.5084033613445378,-0.2653769488234605,75.41161095920938,-1.2239923247521158,75.41161095920938
7,0.5546218487394958,-0.3801306004415341,75.62197830017027,-1.0688189217493722,75.62197830017027
7,0.6008403361344539,-0.5047889091305393,75.85330464522279,-0.9217570485973692,75.85330464522279
7,0.6470588235294118,-0.638455243822662,76.10193814034012,-0.7838392561646739,76.10193814034012
7,0.6932773109243697,-0.7800333534079709,76.36395590588774,-0.6558963343794559,76.36395590588774
7,0.7394957983193278,-0.9282413759459605,76.63530256006143,-0.5385553857423941,76.63530256006143
7,0.7857142857142858,-1.0816307030343228,76.91193247394727,-0.43224222189946726,76.91193247394727
7,0.8319327731092437,-1.2386093154076931,77.18994680846544,-0.3371876899874575,77.18994680846544
7,0.8781512605042017,-1.3974690663480294,77.4657172635512,-0.253437469402928,77.4657172635512
7,0.9243697478991597,-1.5564162650944313,77.7359899512803,-0.18086483419575794,77.7359899512803
7,0.9705882352941178,-1.7136048069728615,77.99796468126057,-0.11918585233353474,77.99796468126057
7,1.0168067226890756,-1.8671710161027848,78.24934700553924,-0.06797648761852781,78.24934700553924
7,1.0630252100840336,-2.015269309828205,78.48837241839097,-0.02669107852483503,78.48837241839097
7,1.1092436974789917,-2.1561077669626867,78.71380397547233,0.0053183083244559,78.71380397547233
7,1.1554621848739497,-2.287982682249974,78.92490616920506,0.02878212174821071,78.92490616920506
7,1.2016806722689077,-2.409311219637898,79.12139908950314,0.044493598915354315,79.12139908950314
7,1.2478991596638656,-2.5186613335658548,79.30339767672129,0.05328945760264592,79.30339767672129
7,1.2941176470588236,-2.6147782105574855,79.47134123169529,0.05603135200295384,79.47134123169529
7,1.3403361344537816,-2.696606588266677,79.62591831654531,0.053588390324797786,79.62591831654531
7,1.3865546218487395,-2.763308433331158,79.76799180993203,0.04682096640350508,79.76799180993203
7,1.4327731092436975,-2.8142755975878195,79.89852824074376,0.036566112242020665,79.89852824074376
7,1.4789915966386555,-2.849137220488231,80.01853469375739,0.023624534542022957,80.01853469375739
7,1.5252100840336136,-2.8677617981562307,80.12900564256923,0.008749455423251007,80.12900564256923
7,1.5714285714285716,-2.8702539916610625,80.23088109926542,-0.007362663799531433,80.23088109926542
7,1.6176470588235294,-2.8569463933881494,80.32501654964852,-0.02407947701569846,80.32501654964852
7,1.6638655462184875,-2.828386606393728,80.41216432653403,-0.04083818598059352,80.41216432653403
7,1.7100840336134455,-2.7853201126666605,80.49296540598823,-0.057149088362995926,80.49296540598823
7,1.7563025210084033,-2.7286695088492685,80.56795011809868,-0.07259731375620326,80.56795011809868
7,1.8025210084033614,-2.659510768990536,80.63754595404758,-0.08684285308070372,80.63754595404758
7,1.8487394957983194,-2.579047251532746,80.7020905178068,-0.09961901663375095,80.7020905178068
7,1.8949579831932775,-2.488582200542119,80.76184769409065,-0.11072948246726355,80.76184769409065
7,1.9411764705882355,-2.389490499131206,80.81702525574835,-0.12004411843908258,80.81702525574835
7,1.9873949579831933,-2.2831904167651302,80.86779237984311,-0.12749377819297436,80.86779237984311
7,2.033613445378151,-2.1711160533925984,80.9142958473866,-0.1330642825093893,80.9142958473866
7,2.0798319327731094,-2.054691124289146,80.95667403411319,-0.13678980274705843,80.95667403411319
7,2.1260504201680672,-1.9353046535746365,80.99506812988011,-0.13874586235842834,80.99506812988011
7,2.1722689075630255,-1.8142890546863129,81.0296303293421,-0.13904216559670246,81.0296303293421
7,2.2184873949579833,-1.692900976994153,81.06052899960609,-0.137815450237877,81.06052899960609
7,2.264705882352941,-1.5723051929839578,81.08795104139398,-0.13522254360483643,81.08795104139398
7,2.3109243697478994,-1.4535616942254492,81.11210181423654,-0.13143377957064217,81.11210181423654
7,2.357142857142857,-1.3376160604800198,81.13320309385509,-0.12662690922302033,81.13320309385509
7,2.4033613445378155,-1.2252930683027792,81.15148957552317,-0.12098161074920277,81.15148957552317
7,2.4495798319327733,-1.1172934163725596,81.16720443800274,-0.1146746758334487,81.16720443800274
7,2.495798319327731,-1.0141933670515026,81.18059444753007,-0.10787592168597016,81.18059444753007
7,2.5420168067226894,-0.9164470391054902,81.1919050199639,-0.10074485067696415,81.1919050199639
7,2.588235294117647,-0.8243910363053679,81.20137558121192,-0.09342805443015223,81.20137558121192
7,2.634453781512605,-0.7382510612654158,81.20923548029587,-0.086057336861467,81.20923548029587
7,2.6806722689075633,-0.6581501432110723,81.21570062355562,-0.07874851162988161,81.21570062355562
7,2.726890756302521,-0.5841181017253589,81.22097091863317,-0.07160081418669773,81.22097091863317
7,2.773109243697479,-0.5161018746949857,81.22522854744889,-0.0646968572241402,81.22522854744889
7,2.819327731092437,-0.4539763560987575,81.22863703112552,-0.05810305085877765,81.22863703112552
7,2.865546218487395,-0.39755541609309564,81.23134100792461,-0.05187040513631036,81.23134100792461
7,2.9117647058823533,-0.3466028100345655,81.23346661760749,-0.04603563210847117,81.23346661760749
7,2.957983193277311,-0.30084272254196165,81.235122371048,-0.04062246737196151,81.235122371048
7,3.004201680672269,-0.25996973539250057,81.23640038051963,-0.03564313606669778,81.23640038051963
7,3.050420168067227,-0.22365805203768474,81.23737783154398,-0.03109989536681379,81.23737783154398
7,3.096638655462185,-0.191569855070306,81.2381185890773,-0.026986593894791078,81.2381185890773
7,3.1428571428571432,-0.1633627145746388,81.23867484676853,-0.02329019772228902,81.23867484676853
7,3.189075630252101,-0.13869600372160562,81.23908874595014,-0.01999224218105211,81.23908874595014
7,3.235294117647059,-0.11723631230713849,81.23939390918888,-0.017070178177730044,81.23939390918888
7,3.281512605042017,-0.09866187852285435,81.23961685031495,-0.014498590708151848,81.23961685031495
7,3.327731092436975,-0.08266608374961804,81.23977823796739,-0.012250275530230281,81.23977823796739
7,3.3739495798319328,-0.06896007446137054,81.23989400232769,-0.01029716726794927,81.23989400232769
7,3.420168067226891,-0.05727458954308928,81.23997628467232,-0.00861111845922169,81.23997628467232
7,3.466386554621849,-0.04736108075874079,81.24003423671826,-0.0071645341676588314,81.24003423671826
7,3.5126050420168067,-0.03899221919490414,81.24007468170122,-0.005930870755380346,81.24007468170122
7,3.558823529411765,-0.03196188179203341,81.24010265205855,-0.0048850103124613575,81.24010265205855
7,3.6050420168067228,-0.0260847101576287,81.24012181988103,-0.004003524146999282,81.24012181988103
7,3.651260504201681,-0.0211953293570456,81.24013483634641,-0.0032648397747155333,81.24013483634641
7,3.697478991596639,-0.017147307913451537,81.24014359552058,-0.002649326139387398,81.24014359552058
7,3.7436974789915967,-0.013811932401979365,81.24014943652412,-0.002139311483613071,81.24014943652412
7,3.789915966386555,-0.01107686132598934,81.24015329637479,-0.0017190475102680514,81.24015329637479
7,3.8361344537815127,-0.008844713881522692,81.2401558240243,-0.0013746323575102304,81.2401558240243
7,3.882352941176471,-0.007031640143032036,81.24015746435413,-0.0010939035713306289,81.24015746435413
7,3.928571428571429,-0.005565910456574785,81.24015851927088,-0.0008663108012099685,81.24015851927088
7,3.9747899159663866,-0.00438655364832681,81.24015919160104,-0.0006827764513833989,81.24015919160104
7,4.0210084033613445,-0.003442066218609416,81.2401596162491,-0.0005355510602996216,81.2401596162491
7,4.067226890756302,-0.0026892081029673137,81.24015988205376,-0.0004180688053253001,81.24015988205376
7,4.113445378151261,-0.00209189489542691,81.24016004694123,-0.0003248072744730518,81.24016004694123
7,4.159663865546219,-0.0016201916519341386,81.24016014831113,-0.00025115453431417273,81.24016014831113
7,4.205882352941177,-0.0012494094946583212,81.24016021007456,-0.00019328556419042492,81.24016021007456
7,4.2521008403361344,-0.000959303163315859,81.24016024737033,-0.00014804932304465432,81.24016024737033
7,4.298319327731092,-0.0007333653318061795,81.2401602696905,-0.00011286706114195001,81.2401602696905
7,4.344537815126051,-0.0005582118394768191,81.24016028292937,-8.564197398354054e-05,81.24016028292937
7,4.390756302521009,-0.00042305088313805694,81.24016029071194,-6.467990577570248e-05,81.24016029071194
7,4.436974789915967,-0.0003192285852004987,81.24016029524634,-4.86205289277411e-05,81.24016029524634
7,4.483193277310924,-0.0002398431054526362,81.24016029786478,-3.6378237585534684e-05,81.24016029786478
7,4.529411764705882,-0.00017941951608458316,81.24016029936342,-2.7091880789275203e-05,81.24016029936342
7,4.575630252100841,-0.00013363793717636628,81.24016030021356,-2.0082409079736924e-05,81.24016030021356
7,4.621848739495799,-9.910786813442608e-05,81.24016030069156,-1.4817503299961472e-05,81.24016030069156
7,4.668067226890757,-7.318219453629309e-05,81.24016030095795,-1.0882283687560024e-05,81.24016030095795
7,4.714285714285714,-5.380495432304308e-05,81.24016030110508,-7.955250684092436e-06,81.24016030110508
7,4.760504201680672,-3.93875762265026e-05,81.24016030118564,-5.788677571315088e-06,81.24016030118564
7,4.806722689075631,-2.870892901840616e-05,81.24016030122935,-4.192752164861621e-06,81.24016030122935
7,4.852941176470589,-2.0835122229326134e-05,81.24016030125287,-3.0228450005152915e-06,81.24016030125287
7,4.899159663865547,-1.5055563264803219e-05,81.2401603012654,-2.1693607557465096e-06,81.2401603012654
7,4.945378151260504,-1.083229338247712e-05,81.24016030127204,-1.5497052458989197e-06,81.24016030127204
7,4.991596638655462,-7.76009098820183e-06,81.24016030127551,-1.1019703710314003e-06,81.24016030127551
7,5.03781512605042,-5.5352435939260705e-06,81.24016030127731,-7.800027868663215e-07,81.24016030127731
7,5.084033613445379,-3.931250399843316e-06,81.24016030127824,-5.495783479543776e-07,81.24016030127824
7,5.130252100840337,-2.7800283711440678e-06,81.2401603012787,-3.854534818304193e-07,81.2401603012787
7,5.176470588235294,-1.957459554834313e-06,81.24016030127895,-2.691068707515607e-07,81.24016030127895
7,5.222689075630252,-1.3723405613104075e-06,81.24016030127906,-1.8702062035667617e-07,81.24016030127906
7,5.26890756302521,-9.57981248592855e-07,81.24016030127913,-1.293800820417862e-07,81.24016030127913
7,5.315126050420169,-6.658533449483279e-07,81.24016030127916,-8.909632549994323e-08,81.24016030127916
7,5.3613445378151265,-4.608155051940431e-07,81.24016030127918,-6.10755972566616e-08,81.24016030127918
7,5.407563025210084,-3.1754329150754505e-07,81.24016030127918,-4.167659460557897e-08,81.24016030127918
7,5.453781512605042,-2.1787459454335387e-07,81.24016030127918,-2.8309631720826843e-08,81.24016030127918
7,5.5,-1.4884644014496976e-07,81.24016030127919,-1.9142318051469046e-08,81.24016030127919
8,0.0,0.2820513323751308,75.00865838115841,-3.0150914096794867,75.00865838115841
8,0.046218487394957986,0.27908101297027277,74.89711900091123,-2.8814076890138463,74.89711900091123
8,0.09243697478991597,0.2687345792429494,74.81222532945628,-2.7362121322288897,74.81222532945628
8,0.13865546218487396,0.2501158326629378,74.75566061989008,-2.581351253918068,74.75566061989008
8,0.18487394957983194,0.2223962807295834,74.72888222701751,-2.418768450723894,74.72888222701751
8,0.23109243697478993,0.18484013921555942,74.73303458181472,-2.250464754793728,74.73303458181472
8,0.2773109243697479,0.1368287727216586,74.7688587339776,-2.078459507791397,74.7688587339776
8,0.3235294117647059,0.07788381940236455,74.83660679508948,-1.9047520162298168,74.83660679508948
8,0.3697478991596639,0.007688248495194117,74.93596998982463,-1.7312851688709827,74.93596998982463
8,0.41596638655462187,-0.07389537268305801,75.06602842064552,-1.5599118838622132,75.06602842064552
8,0.46218487394957986,-0.1668100694747814,75.22522910415942,-1.392365117706202,75.22522910415942
8,0.5084033613445378,-0.2707936955336194,75.41139651052356,-1.2302320134946516,75.41139651052356
8,0.5546218487394958,-0.3853726969960807,75.62177700229537,-1.0749326037777216,75.62177700229537
8,0.6008403361344539,-0.5098607656284813,75.8531155673509,-0.9277033177096587,75.8531155673509
8,0.6470588235294118,-0.6433626032512052,76.10176042133203,-0.7895853842713247,76.10176042133203
8,0.6932773109243697,-0.7847828699502557,76.3637887395447,-0.6614180737014053,76.3637887395447
8,0.7394957983193278,-0.9328402338623025,76.63514518810052,-0.5438365888363741,76.63514518810052
8,0.7857142857142858,-1.0860862851570339,76.91178418546663,-0.4372743052293515,76.91178418546663
8,0.8319327731092437,-1.2429289266696077,77.18980694393976,-0.34196896851829894,77.18980694393976
8,0.8781512605042017,-1.4016597143044525,77.4655852210968,-0.25797239041040765,77.4655852210968
8,0.9243697478991597,-1.560484496289365,77.73586519300375,-0.18516313828861053,77.73586519300375
8,0.9705882352941178,-1.7175565953861205,77.9978467378889,-0.12326168873121102,77.9978467378889
8,1.0168067226890756,-1.8710116978955513,78.2492354781054,-0.07184750915572269,78.2492354781054
8,1.0630252100840336,-2.0190035572313842,78.4882669763666,-0.030377539826469232,78.4882669763666
8,1.1092436974789917,-2.1597395934281494,78.71370435135917,0.0017944284093664997,78.71370435135917
8,1.1554621848739497,-2.2915154708674037,78.92481215008354,0.025397954925798327,78.92481215008354
8,1.2016806722689077,-2.4127477672339754,79.12131050638088,0.04122616358409159,79.12131050638088
8,1.2478991596638656,-2.5220039037425392,79.30331439270189,0.05011636320046531,79.30331439270189
8,1.2941176470588236,-2.6180285900730453,79.47126313000278,0.052931421107557775,79.47126313000278
8,1.3403361344537816,-2.6997661424870554,79.62584528933922,0.050542190686417854,79.62584528933922
8,1.3865546218487395,-2.766378157860146,79.76792374864473,0.04381124764635835,79.76792374864473
8,1.4327731092436975,-2.817256164507304,79.89846502843069,0.033578144431418266,79.89846502843069
8,1.4789915966386555,-2.8520290188145445,80.018476199696,0.020646348165508144,80.018476199696
8,1.5252100840336136,-2.8705649690745005,80.1289517191088,0.0057719845599226716,80.1289517191088
8,1.5714285714285716,-2.872968459793803,80.2308315807426,-0.010345531263375563,80.2308315807426
8,1.6176470588235294,-2.8595718957699567,80.32497125304401,-0.027070936349980812,80.32497125304401
8,1.6638655462184875,-2.830922720966388,80.41212305347211,-0.04383863225532281,80.41212305347211
8,1.7100840336134455,-2.7877662880070204,80.49292794565203,-0.060156303777391784,80.49292794565203
8,1.7563025210084033,-2.731025096537852,80.5679162506578,-0.07560671541970443,80.5679162506578
8,1.8025210084033614,-2.6617750595765024,80.63751545424171,-0.08984779006578769,80.63751545424171
8,1.8487394957983194,-2.581219514510078,80.70206315840257,-0.10261110449240007,80.70206315840257
8,1.8949579831932775,-2.49066172818074,80.76182324901038,-0.11369896311251004,80.76182324901038
8,1.9411764705882355,-2.3914766534609697,80.81700350274221,-0.1229802333495833,80.81700350274221
8,1.9873949579831933,-2.2850826785358436,80.86777310265315,-0.13038514329949003,80.86777310265315
8,2.033613445378151,-2.1729140714645823,80.91427883740077,-0.13589925384859391,80.91427883740077
8,2.0798319327731094,-2.05639476367109,80.95665909155505,-0.13955682299287453,80.95665909155505
8,2.1260504201680672,-1.9369140402268812,80.9950550646016,-0.14143377961845438,80.9950550646016
8,2.1722689075630255,-1.8158046152496397,81.0296189613006,-0.14164051734067407,81.0296189613006
8,2.2184873949579833,-1.6943234717728828,81.06051915910669,-0.1403147068438919,81.06051915910669
8,2.264705882352941,-1.5736357407889976,81.08794256917045,-0.13761430770249916,81.08794256917045
8,2.3109243697478994,-1.4548017880415678,81.11209456142845,-0.13371093906197729,81.11209456142845
8,2.357142857142857,-1.338767573332845,81.13319692192418,-0.1287837435070962,81.13319692192418
8,2.4033613445378155,-1.2263582491353766,81.15148435613433,-0.12301385120704467,81.15148435613433
8,2.4495798319327733,-1.1182748761694068,81.16720005288059,-0.11657952299520424,81.16720005288059
8,2.495798319327731,-1.0150940558449015,81.18059078829245,-0.10965202266283747,81.18059078829245
8,2.5420168067226894,-0.9172702148439491,81.19190198792384,-0.10239224136797453,81.19190198792384
8,2.588235294117647,-0.8251402268409382,81.20137308713755,-0.0949480716928921,81.20137308713755
8,2.634453781512605,-0.7389300209167047,81.20923344411861,-0.08745250626255885,81.20923344411861
8,2.6806722689075633,-0.6587628054775276,81.21569897401712,-0.08002241657380527,81.21569897401712
8,2.726890756302521,-0.5846685297670344,81.220969592868,-0.07275795217792691,81.220969592868
8,2.773109243697479,-0.5165942111566224,81.2252274905043,-0.0657424887735969,81.2252274905043
8,2.819327731092437,-0.4544147737567048,81.22863619542436,-0.05904304613365774,81.22863619542436
8,2.865546218487395,-0.39794407065021975,81.23134035268237,-0.05271109290782139,81.23134035268237
8,2.9117647058823533,-0.3469457961951079,81.23346610821714,-0.04678365491281067,81.23346610821714
8,2.957983193277311,-0.3011440342791838,81.23512197844848,-0.041284646102843325,81.23512197844848
8,3.004201680672269,-0.26023323109005414,81.2364000805637,-0.036226346498022366,81.2364000805637
8,3.050420168067227,-0.2238874249533378,81.23737760438095,-0.03161095839298067,81.23737760438095
8,3.096638655462185,-0.1917686093484643,81.23811841856356,-0.02743218060052799,81.23811841856356
8,3.1428571428571432,-0.1635341468306617,81.23867471991684,-0.02367674977527212,81.23867471991684
8,3.189075630252101,-0.13884319004252665,81.2390886524255,-0.02032590749497354,81.2390886524255
8,3.235294117647059,-0.11736210036449801,81.23939384085588,-0.01735676133126307,81.23939384085588
8,3.281512605042017,-0.09876888437586828,81.23961680083899,-0.014743517231834646,81.23961680083899
8,3.327731092436975,-0.08275669283136744,81.23977820246927,-0.012458568889200938,81.23977820246927
8,3.3739495798319328,-0.0690364461856896,81.23989397708974,-0.010473437170430477,81.23989397708974
8,3.420168067226891,-0.05733866494302631,81.23997626689224,-0.008759559002222694,81.23997626689224
8,3.466386554621849,-0.04741459256535263,81.24003422430634,-0.00728893028377231,81.24003422430634
8,3.5126050420168067,-0.039036703783900895,81.2400746731157,-0.006034611437487736,81.2400746731157
8,3.558823529411765,-0.031998692461118194,81.24010264617401,-0.004971107155561705,81.24010264617401
8,3.6050420168067228,-0.026115031245106723,81.24012181588452,-0.004074633847058529,81.24012181588452
8,3.651260504201681,-0.021220190768395653,81.24013483365692,-0.0033232893526212726,81.24013483365692
8,3.697478991596639,-0.017167599683367007,81.24014359372717,-0.0026971398038453387,81.24014359372717
8,3.7436974789915967,-0.013828418981764679,81.24014943533912,-0.002178238201352961,81.24014943533912
8,3.789915966386555,-0.011090195347455756,81.24015329559892,-0.0017505885077589434,81.24015329559892
8,3.8361344537815127,-0.008855449206583127,81.24015582352094,-0.0014000679294570717,81.24015582352094
8,3.882352941176471,-0.007040244061503748,81.24015746403052,-0.001114318712868781,81.24015746403052
8,3.928571428571429,-0.005572774942209785,81.24015851906472,-0.0008826193096100055,81.24015851906472
8,3.9747899159663866,-0.004392005624216169,81.2401591914709,-0.00069574325709372,81.2401591914709
8,4.0210084033613445,-0.0034463768176437592,81.24015961616769,-0.0005458126452288908,81.24015961616769
8,4.067226890756302,-0.0026926009370858844,81.2401598820033,-0.00042615164819786305,81.2401598820033
8,4.113445378151261,-0.0020945533693001867,81.24016004691022,-0.0003311443293872035,81.24016004691022
8,4.159663865546219,-0.001622265373022784,81.24016014829225,-0.0002560998003152508,81.24016014829225
8,4.205882352941177,-0.0012510198429017613,81.24016021006317,-0.00019712684212368561,81.24016021006317
8,4.2521008403361344,-0.0009605480907234343,81.24016024736352,-0.00015101928277829607,81.24016024736352
8,4.298319327731092,-0.0007343234656531847,81.24016026968647,-0.00011515275914680823,81.24016026968647
8,4.344537815126051,-0.0005589459633357878,81.240160282927,-8.739296992315258e-05,81.240160282927
8,4.390756302521009,-0.0004236108682416414,81.24016029071056,-6.601512882311623e-05,81.24016029071056
8,4.436974789915967,-0.0003196538412167816,81.24016029524554,-4.963404148248824e-05,81.24016029524554
8,4.483193277310924,-0.00024016461516196755,81.24016029786432,-3.7144037251882374e-05,81.24016029786432
8,4.529411764705882,-0.0001796615131109576,81.24016029936317,-2.7667872052541606e-05,81.24016029936317
8,4.575630252100841,-0.00013381928019943774,81.24016030021342,-2.0513665052918333e-05,81.24016030021342
8,4.621848739495799,-9.924315917354386e-05,81.24016030069149,-1.5138926000201041e-05,81.24016030069149
8,4.668067226890757,-7.328268317128694e-05,81.2401603009579,-1.1120759164373172e-05,81.2401603009579
8,4.714285714285714,-5.387926425620346e-05,81.24016030110506,-8.131383430718363e-06,81.24016030110506
8,4.760504201680672,-3.944228550443953e-05,81.24016030118563,-5.918177346812847e-06,81.24016030118563
8,4.806722689075631,-2.874903058773862e-05,81.24016030122935,-4.28753586558645e-06,81.24016030122935
8,4.852941176470589,-2.0864387329884632e-05,81.24016030125287,-3.09190668180677e-06,81.24016030125287
8,4.899159663865547,-1.5076826475519196e-05,81.2401603012654,-2.219454381789871e-06,81.2401603012654
8,4.945378151260504,-1.0847674916576646e-05,81.24016030127204,-1.5858772460162454e-06,81.24016030127204
8,4.991596638655462,-7.771169060194775e-06,81.24016030127551,-1.1279725717617509e-06,81.24016030127551
8,5.03781512605042,-5.5431873168522395e-06,81.24016030127731,-7.986107107573029e-07,81.24016030127731
8,5.084033613445379,-3.936921677914732e-06,81.24016030127824,-5.628351441154289e-07,81.24016030127824
8,5.130252100840337,-2.7840595887957363e-06,81.2401603012787,-3.948557926302526e-07,81.2401603012787
8,5.176470588235294,-1.9603124869177317e-06,81.24016030127895,-2.757456531510201e-07,81.24016030127895
8,5.222689075630252,-1.3743508010858905e-06,81.24016030127906,-1.916872402663856e-07,81.24016030127906
8,5.26890756302521,-9.59391533410425e-07,81.24016030127913,-1.3264580146976683e-07,81.24016030127913
8,5.315126050420169,-6.668384205757471e-07,81.24016030127916,-9.137152749264054e-08,81.24016030127916
8,5.3613445378151265,-4.615005788513002e-07,81.24016030127918,-6.265367294859297e-08,81.24016030127918
8,5.407563025210084,-3.1801765475453107e-07,81.24016030127918,-4.276628856724477e-08,81.24016030127918
8,5.453781512605042,-2.1820162781239772e-07,81.24016030127918,-2.9058752936614036e-08,81.24016030127918
8,5.5,-1.4907092187051763e-07,81.24016030127919,-1.965502879507078e-08,81.24016030127919
9,0.0,0.2762193522963195,75.00825454963739,-3.0166204597192086,75.00825454963739
9,0.046218487394957986,0.27323522698959946,74.89674353678606,-2.8836804587678326,74.89674353678606
9,0.09243697478991597,0.2629062496013468,74.81187602441123,-2.7391489262615805,74.81187602441123
9,0.13865546218487396,0.24433332042491074,74.75533527866133,-2.584867937631982,74.75533527866133
9,0.18487394957983194,0.21668471305806225,74.72857875413497,-2.422778345580351,74.72857875413497
9,0.23109243697478993,0.17922119575959883,74.73275104376665,-2.254880496936579,74.73275104376665
9,0.2773109243697479,0.13132058928477264,74.7685933962098,-2.0831948207033566,74.7685933962098
9,0.3235294117647059,0.07250100234931978,74.8363581355355,-1.9097233534914002,74.8363581355355
9,0.3697478991596639,0.002441989260598021,74.93573669257624,-1.7364131897719002,74.93573669257624
9,0.41596638655462187,-0.07899709691452728,75.06580935472287,-1.5651227321719663,75.06580935472287
9,0.46218487394957986,-0.17176222521888107,75.22502329300308,-1.3975914819769937,75.22502329300308
9,0.5084033613445378,-0.27559387026783533,75.41120309778974,-1.2354139554718522,75.41120309778974
9,0.5546218487394958,-0.39002074230259964,75.62159521886392,-1.0800181494990948,75.62159521886392
9,0.6008403361344539,-0.5143584237433387,75.85294470330986,-0.9326488133826256,75.85294470330986
9,0.6470588235294118,-0.6477131331741361,76.10159980528647,-0.7943556257803248,76.10159980528647
9,0.6932773109243697,-0.7889906872257963,76.36363772614486,-0.6659862244382095,76.36363772614486
9,0.7394957983193278,-0.9369105756076319,76.63500315337886,-0.5481839053417268,76.63500315337886
9,0.7857142857142858,-1.0900249090779983,76.91165052857103,-0.4413896938212183,76.91165052857103
9,0.8319327731092437,-1.2467418498753364,77.18968109324531,-0.345848398670368,77.18968109324531
9,0.8781512605042017,-1.4053529948824854,77.46546664245054,-0.26161819216972315,77.46546664245054
9,0.9243697478991597,-1.5640640580033365,77.73575339799253,-0.1885832115762236,77.73575339799253
9,0.9705882352941178,-1.7210280936327798,77.99774129042248,-0.12646865206428837,77.99774129042248
9,1.0168067226890756,-1.8743804232985706,78.24913599814154,-0.07485781429320948,78.24913599814154
9,1.0630252100840336,-2.022274372005873,78.48817314022983,-0.03321057720961381,78.48817314022983
9,1.1092436974789917,-2.1629168949311683,78.71361588864222,-0.0008827893553200461,78.71361588864222
9,1.1554621848739497,-2.2946031765273176,78.9247288375989,0.022853898019338015,78.9247288375989
9,1.2016806722689077,-2.415749315266928,79.12123215992186,0.038792193621675075,79.12123215992186
9,1.2478991596638656,-2.524922264634487,79.30324085754569,0.047769720098013835,79.30324085754569
9,1.2941176470588236,-2.6208662846332835,79.47119427109754,0.05065030907675183,79.47119427109754
9,1.3403361344537816,-2.702525263258595,79.62578098201946,0.048306341002398945,79.62578098201946
9,1.3865546218487395,-2.7690603917045493,79.76786387054194,0.0416023873338176,79.76786387054194
9,1.4327731092436975,-2.819862815171396,79.89840945302738,0.03138036719146342,79.89840945302738
9,1.4789915966386555,-2.8545610291595587,80.01842479174219,0.018446386444523455,80.01842479174219
9,1.5252100840336136,-2.8730229433460543,80.12890433191477,0.0035593840857846004,80.12890433191477
9,1.5714285714285716,-2.875352686798365,80.23078805519184,-0.012578330909878588,80.23078805519184
9,1.6176470588235294,-2.861882374086825,80.32493141805276,-0.02932860953000649,80.32493141805276
9,1.6638655462184875,-2.8331591873688424,80.41208672755262,-0.04612305604037914,80.41208672755262
9,1.7100840336134455,-2.78992825011753,80.4928949392171,-0.06246671877132215,80.4928949392171
9,1.7563025210084033,-2.7331118704359127,80.56788636872197,-0.0779399484783525,80.56788636872197
9,1.8025210084033614,-2.663785812660759,80.63748849922027,-0.09219852783752991,80.63748849922027
9,1.8487394957983194,-2.583153313438956,80.70203893277471,-0.10497220611348723,80.70203893277471
9,1.8949579831932775,-2.492517591227781,80.76180155768068,-0.11606180014367773,80.76180155768068
9,1.9411764705882355,-2.393253606168326,80.81698415500607,-0.12533504513404914,80.81698415500607
9,1.9873949579831933,-2.286779811170753,80.86775591372879,-0.13272139634754154,80.86775591372879
9,2.033613445378151,-2.1745305965074238,80.91426362954374,-0.13820599458759553,80.91426362954374
9,2.0798319327731094,-2.0579300714087125,80.9566456947997,-0.14182301423130284,80.9566456947997
9,2.1260504201680672,-1.9383677504975978,80.99504331720033,-0.14364861231484127,80.99504331720033
9,2.1722689075630255,-1.8171766234844426,81.02960870993509,-0.14379369069193615,81.02960870993509
9,2.2184873949579833,-1.695613987687878,81.0605102589458,-0.1423966712544722,81.0605102589458
9,2.264705882352941,-1.574845318387812,81.08793488383704,-0.13961646680568052,81.08793488383704
9,2.3109243697478994,-1.4559313459595415,81.11208796292576,-0.13562580857627538,81.11208796292576
9,2.357142857142857,-1.339818404969435,81.13319129055198,-0.1306050662653533,81.13319129055198
9,2.4033613445378155,-1.2273320224502449,81.15147958041246,-0.12473666914108783,81.15147958041246
9,2.4495798319327733,-1.1191736234352696,81.16719602948231,-0.11820020814884202,81.16719602948231
9,2.495798319327731,-1.0159201540327043,81.18058742197847,-0.11116827040545019,81.18058742197847
9,2.5420168067226894,-0.9180263576456174,81.19189919146405,-0.10380302986400913,81.19189919146405
9,2.588235294117647,-0.8258293895971054,81.20137078120332,-0.0962535923363319,81.20137078120332
9,2.634453781512605,-0.7395554199040717,81.20923155712858,-0.08865407020576566,81.20923155712858
9,2.6806722689075633,-0.6593278531193096,81.21569744192523,-0.0811223426751706,81.21569744192523
9,2.726890756302521,-0.5851767873620943,81.22096835888549,-0.07375944167809667,81.22096835888549
9,2.773109243697479,-0.5170493406844763,81.22522650475412,-0.06664949180973512,81.22522650475412
9,2.819327731092437,-0.4548204902154316,81.22863541453226,-0.059860124843658546,81.22863541453226
9,2.865546218487395,-0.3983040962340221,81.2313397393136,-0.05344328539486298,81.2313397393136
9,2.9117647058823533,-0.34726381743036416,81.23346563057117,-0.04743634376849837,81.23346563057117
9,2.957983193277311,-0.301423663025445,81.23512160972703,-0.041863434558785606,81.23512160972703
9,3.004201680672269,-0.26047797008823537,81.23639979842764,-0.03673694462271104,81.23639979842764
9,3.050420168067227,-0.22410063837889105,81.23737739041118,-0.032059081102180365,81.23737739041118
9,3.096638655462185,-0.1919534986126301,81.2381182577396,-0.02782345862985558,81.2381182577396
9,3.1428571428571432,-0.16369373167604895,81.23867460012451,-0.024016654193239617,81.23867460012451
9,3.189075630252101,-0.13898029480648777,81.2390885640022,-0.020619687828530076,81.2390885640022
9,3.235294117647059,-0.11747934513888891,81.23939377617931,-0.017609396943814692,81.23939377617931
9,3.281512605042017,-0.0988686806770942,81.23961675396234,-0.014959681241342393,81.23961675396234
9,3.327731092436975,-0.08284124331019771,81.2397781688038,-0.012642603642121664,81.2397781688038
9,3.3739495798319328,-0.0691077478512987,81.23989395313323,-0.010629340093676332,81.23989395313323
9,3.420168067226891,-0.05739851534752738,81.2399762500008,-0.0088909775344157,81.2399762500008
9,3.466386554621849,-0.04746459839071826,81.24003421250555,-0.007399164531229241,81.24003421250555
9,3.5126050420168067,-0.03907829128881446,81.24007466494697,-0.0061266232005833254,81.24007466494697
9,3.558823529411765,-0.032033119277010136,81.24010264057132,-0.0050475340174549466,81.24010264057132
9,3.6050420168067228,-0.026143399054432637,81.24012181207705,-0.004137807099219348,81.24012181207705
9,3.651260504201681,-0.02124345845022868,81.24013483109317,-0.0033752546404154926,81.24013483109317
9,3.697478991596639,-0.01718659656819771,81.24014359201668,-0.002739679501588599,81.24014359201668
9,3.7436974789915967,-0.013843857915934288,81.24014943420836,-0.0022128946616923606,81.24014943420836
9,3.789915966386555,-0.011102685325373896,81.24015329485825,-0.001778687468096285,81.24015329485825
9,3.8361344537815127,-0.008865507383784499,81.2401558230402,-0.0014227414927511506,81.2401558230402
9,3.882352941176471,-0.007048307012169547,81.24015746372135,-0.0011325274471861296,81.24015746372135
9,3.928571428571429,-0.0055792090699940955,81.2401585188677,-0.0008971731270550065,81.2401585188677
9,3.9747899159663866,-0.0043971166744937035,81.24015919134648,-0.0007073208361643435,81.24015919134648
9,4.0210084033613445,-0.00345041847239759,81.24015961608984,-0.0005549792501074804,81.24015961608984
9,4.067226890756302,-0.002695782500659119,81.24015988195502,-0.0004333752736901189,81.24015988195502
9,4.113445378151261,-0.0020970465744527267,81.24016004688056,-0.0003368101615047192,81.24016004688056
9,4.159663865546219,-0.0016242103526349153,81.2401601482742,-0.00026052303069328334,81.2401601482742
9,4.205882352941177,-0.0012525303238355434,81.24016021005227,-0.00020056391074558047,81.24016021005227
9,4.2521008403361344,-0.0009617158734335704,81.240160247357,-0.00015367764923075386,81.240160247357
9,4.298319327731092,-0.0007352222567916233,81.2401602696826,-0.00011719931934530033,81.2401602696826
9,4.344537815126051,-0.000559634629463561,81.24016028292473,-8.896124442969895e-05,81.24016028292473
9,4.390756302521009,-0.0004241361774519059,81.24016029070924,-6.721135197766161e-05,81.24016029070924
9,4.436974789915967,-0.0003200527565323432,81.24016029524478,-5.054227892809741e-05,81.24016029524478
9,4.483193277310924,-0.00024046619948027512,81.24016029786388,-3.7830454257647105e-05,81.24016029786388
9,4.529411764705882,-0.0001798885006384929,81.24016029936293,-2.8184267374792987e-05,81.24016029936293
9,4.575630252100841,-0.00013398936408472086,81.24016030021328,-2.090037581001106e-05,81.24016030021328
9,4.621848739495799,-9.937003968340987e-05,81.2401603006914,-1.5427198893496656e-05,81.2401603006914
9,4.668067226890757,-7.337691546734602e-05,81.24016030095785,-1.1334672932191087e-05,81.24016030095785
9,4.714285714285714,-5.3948939770042444e-05,81.24016030110504,-8.289397110954229e-06,81.24016030110504
9,4.760504201680672,-3.9493576186758065e-05,81.24016030118561,-6.0343690658884496e-06,81.24016030118561
9,4.806722689075631,-2.8786620984295823e-05,81.24016030122935,-4.372587683421233e-06,81.24016030122935
9,4.852941176470589,-2.0891815549923913e-05,81.24016030125287,-3.153882638047491e-06,81.24016030125287
9,4.899159663865547,-1.5096751675612249e-05,81.2401603012654,-2.264411374368791e-06,81.2401603012654
9,4.945378151260504,-1.086208591535837e-05,81.24016030127203,-1.6183417448196416e-06,81.24016030127203
9,4.991596638655462,-7.781546104842824e-06,81.24016030127551,-1.1513104056026324e-06,81.24016030127551
9,5.03781512605042,-5.550626809374152e-06,81.24016030127731,-8.15312216486495e-07,81.24016030127731
9,5.084033613445379,-3.942231802251314e-06,81.24016030127824,-5.747337672380357e-07,81.24016030127824
9,5.130252100840337,-2.787833220185365e-06,81.2401603012787,-4.0329470452547497e-07,81.2401603012787
9,5.176470588235294,-1.9629824745540225e-06,81.24016030127895,-2.817040226557244e-07,81.24016030127895
9,5.222689075630252,-1.3762316569971485e-06,81.24016030127906,-1.9587538937308803e-07,81.24016030127906
9,5.26890756302521,-9.607107003236964e-07,81.24016030127913,-1.3557651227932643e-07,81.24016030127913
9,5.315126050420169,-6.677595980377988e-07,81.24016030127916,-9.341318199520536e-08,81.24016030127916
9,5.3613445378151265,-4.6214103221301943e-07,81.24016030127918,-6.406963703261566e-08,81.24016030127918
9,5.407563025210084,-3.184609914007034e-07,81.24016030127918,-4.374394238682941e-08,81.24016030127918
9,5.453781512605042,-2.185071782278867e-07,81.24016030127918,-2.9730774093489505e-08,81.24016030127918
9,5.5,-1.4928059192471772e-07,81.24016030127919,-2.0114912272720803e-08,81.24016030127919
10,0.0,0.27164932286587656,75.00789934180773,-3.016397645530828,75.00789934180773
10,0.046218487394957986,0.2686189114817743,74.89641252642846,-2.884214631084629,74.89641252642846
10,0.09243697478991597,0.2582716372806608,74.81156719017025,-2.7403679287281295,74.81156719017025
10,0.13865546218487396,0.23970638950797163,74.75504667042642,-2.5866941316430703,74.75504667042642
10,0.18487394957983194,0.21208907981329084,74.72830856203836,-2.4251304600598216,74.72830856203836
10,0.23109243697478993,0.1746778568460723,74.7324976434742,-2.2576754789434412,74.7324976434742
10,0.2773109243697479,0.12684775847113094,74.76835537088387,-2.0863496351218895,74.76835537088387
10,0.3235294117647059,0.06811403886475276,74.8361342768304,-1.9131566841395955,74.8361342768304
10,0.3697478991596639,-0.0018465884540610489,74.93552598461284,-1.7400469998350303,74.93552598461284
10,0.41596638655462187,-0.08317752120573729,75.06561094602718,-1.5688836486174793,75.06561094602718
10,0.46218487394957986,-0.175827324360041,75.22483646180031,-1.4014119761967372,75.22483646180031
10,0.5084033613445378,-0.27953886161766484,75.41102721581737,-1.2392333004585954,75.41102721581737
10,0.5546218487394958,-0.393842987081495,75.62142971809892,-1.083783142052491,75.62142971809892
10,0.6008403361344539,-0.5180571570044847,75.852789048841,-0.9363142578222501,75.852789048841
10,0.6470588235294118,-0.651289181852583,76.10145347619631,-0.7978845831247341,76.10145347619631
10,0.6932773109243697,-0.7924461878894498,76.36350020491406,-0.6693500377559793,76.36350020491406
10,0.7394957983193278,-0.940248701841476,76.63487392313237,-0.5513620178002165,76.63487392313237
10,0.7857142857142858,-1.0932496164508532,76.91152907661782,-0.44436928072575377,76.91152907661782
10,0.8319327731092437,-1.2498576443218372,77.18956691883494,-0.3486238384371445,77.18956691883494
10,0.8781512605042017,-1.4083647282213398,77.46535926654018,-0.2641904036930649,77.46535926654018
10,0.9243697478991597,-1.5669767523382223,77.7356523729795,-0.1909588868700851,77.7356523729795
10,0.9705882352941178,-1.723846794648022,77.99764620820682,-0.12865941345845,77.99764620820682
10,1.0168067226890756,-1.8771100810443824,78.24904649541955,-0.07687932494479877,78.24904649541955
10,1.0630252100840336,-2.024919746714613,78.4880889004887,-0.03508163238092754,78.4880889004887
10,1.1092436974789917,-2.1654824847307172,78.71353664086213,-0.002624413943208115,78.71353664086213
10,1.1554621848739497,-2.297093163606391,78.92465435207711,0.021219322699770338,78.92465435207711
10,1.2016806722689077,-2.4181675270612164,79.12116224193491,0.03724175366131499,79.12116224193491
10,1.2478991596638656,-2.527272146884439,79.30317533969742,0.04628072640542946,79.30317533969742
10,1.2941176470588236,-2.6231508836437243,79.47113300522135,0.049200974620084104,79.47113300522135
10,1.3403361344537816,-2.704747215290313,79.62572383140781,0.046876367425265464,79.62572383140781
10,1.3865546218487395,-2.771221918074758,79.76781070311459,0.04017345374837333,79.76781070311459
10,1.4327731092436975,-2.8219657222635774,79.89836013585057,0.029936517094228066,79.89836013585057
10,1.4789915966386555,-2.856606713086567,80.01837918710447,0.01697431166870267,80.01837918710447
10,1.5252100840336136,-2.8750123994311885,80.12886229497961,0.002048607446628381,80.12886229497961
10,1.5714285714285716,-2.8772865243097385,80.2307494330958,-0.014135370140909487,80.2307494330958
10,1.6176470588235294,-2.863760836772258,80.32489605021357,-0.03093656100483777,80.32489605021357
10,1.6638655462184875,-2.8349821802954445,80.41205444688953,-0.04778374639028371,80.41205444688953
10,1.7100840336134455,-2.7916953731426197,80.49286557397194,-0.06417931264553012,80.49286557397194
10,1.7563025210084033,-2.7348224583515908,80.56785974458255,-0.07970117171082514,80.56785974458255
10,1.8025210084033614,-2.6654389817003725,80.63746444149552,-0.09400294109047458,80.63746444149552
10,1.8487394957983194,-2.58474801344774,80.70201726842451,-0.10681251691373816,80.70201726842451
10,1.8949579831932775,-2.49405266242114,80.76178211706525,-0.11792920115120609,80.76178211706525
10,1.9411764705882355,-2.3947278390644655,80.81696677328543,-0.12721956674701929,80.81696677328543
10,1.9873949579831933,-2.288192008018381,80.86774043189219,-0.1346122623294317,80.86774043189219
10,2.033613445378151,-2.1758796323550236,80.91424989509025,-0.1400919702672887,80.91424989509025
10,2.0798319327731094,-2.0592149528924963,80.95663356212346,-0.14369273793638904,80.95663356212346
10,2.1260504201680672,-1.9395876704637267,80.99503264774611,-0.14549090200360126,80.99503264774611
10,2.1722689075630255,-1.818331009702824,81.02959937219849,-0.14559781919957793,81.02959937219849
10,2.2184873949579833,-1.6967025441484722,81.06050212838362,-0.1441526051074753,81.06050212838362
10,2.264705882352941,-1.5758680579778819,81.08792784274577,-0.14131506512912928,81.08792784274577
10,2.3109243697478994,-1.4568886136803698,81.11208190032718,-0.1372589801671129,81.11208190032718
10,2.357142857142857,-1.3407108912409313,81.13318610211218,-0.13216588437900256,81.13318610211218
10,2.4033613445378155,-1.2281607664473988,81.15147516840119,-0.1262194448930991,81.15147516840119
10,2.4495798319327733,-1.1199400067800287,81.16719230276863,-0.1196005246305436,81.16719230276863
10,2.495798319327731,-1.016625885509212,81.18058429604851,-0.1124829806220724,81.18058429604851
10,2.5420168067226894,-0.918673449900286,81.1918965884404,-0.10503022240743398,81.1918965884404
10,2.588235294117647,-0.8264201290166682,81.20136862984418,-0.09739252929098363,81.20136862984418
10,2.634453781512605,-0.7400923310280749,81.2092297927866,-0.08970510215634064,81.2092297927866
10,2.6806722689075633,-0.6598136590361925,81.21569600644975,-0.08208680584672656,81.21569600644975
10,2.726890756302521,-0.5856143675624796,81.22096720045755,-0.07463954220897673,81.22096720045755
10,2.773109243697479,-0.5174416878067181,81.22522557765059,-0.0674481819585413,81.22522557765059
10,2.819327731092437,-0.45517066702538944,81.22863467882095,-0.06058097559007436,81.22863467882095
10,2.865546218487395,-0.39861519404352563,81.23133916048693,-0.054090359440420954,81.23133916048693
10,2.9117647058823533,-0.3475389169882499,81.23346517913046,-0.04801407240891287,81.23346517913046
10,2.957983193277311,-0.30166579872284327,81.23512126073145,-0.04237650131465509,81.23512126073145
10,3.004201680672269,-0.2606900981173794,81.23639953102341,-0.03719017790940704,81.23639953102341
10,3.050420168067227,-0.22428560928208974,81.23737718735627,-0.03245735761876967,81.23737718735627
10,3.096638655462185,-0.19211403446416897,81.23811810493784,-0.028171618573120227,81.23811810493784
10,3.1428571428571432,-0.16383240796193554,81.23867448618086,-0.024319428874472138,81.23867448618086
10,3.189075630252101,-0.13909952691030636,81.23908847980836,-0.02088163980145019,81.23908847980836
10,3.235294117647059,-0.1175813792103848,81.2393937145363,-0.017834872350688258,81.2393937145363
10,3.281512605042017,-0.09895558855513276,81.23961670924369,-0.015152773755967575,81.23961670924369
10,3.327731092436975,-0.08291492109400567,81.23977813666083,-0.012807129134012829,81.23977813666083
10,3.3739495798319328,-0.06916991766209968,81.23989393024202,-0.010768820955019187,81.23989393024202
10,3.420168067226891,-0.057450729795137656,81.23997623384855,-0.009008635495446948,81.23997623384855
10,3.466386554621849,-0.047508247253365,81.24003420121342,-0.007497920733649965,81.24003420121342
10,3.5126050420168067,-0.03911460992618365,81.24007465712538,-0.0062091042942225005,81.24007465712538
10,3.558823529411765,-0.03206319832286342,81.24010263520356,-0.005116083083739231,81.24010263520356
10,3.6050420168067228,-0.02616819497240519,81.24012180842722,-0.00419449827688706,81.24012180842722
10,3.651260504201681,-0.021263804581362122,81.24013482863433,-0.00342191042550416,81.24013482863433
10,3.697478991596639,-0.017203214348198492,81.24014359037542,-0.0027778898067577495,81.24014359037542
10,3.7436974789915967,-0.013857367991386815,81.24014943312291,-0.0022440368420277856,81.24014943312291
10,3.789915966386555,-0.01111361834892205,81.24015329414696,-0.0018039466453712572,81.24015329414696
10,3.8361344537815127,-0.008874314316764859,81.24015582257839,-0.001443130632483941,81.24015582257839
10,3.882352941176471,-0.007055368808005752,81.24015746342425,-0.0011489067586855084,81.24015746342425
10,3.928571428571429,-0.0055848456518816925,81.24015851867831,-0.0009102684630008517,81.24015851867831
10,3.9747899159663866,-0.004401595155977128,81.24015919122685,-0.0007177408631971471,81.24015919122685
10,4.0210084033613445,-0.003453960599115971,81.24015961601496,-0.0005632312442881218,81.24015961601496
10,4.067226890756302,-0.0026985713158748786,81.24015988190858,-0.0004398794642151982,81.24015988190858
10,4.113445378151261,-0.0020992323302078397,81.24016004685203,-0.00034191260297607856,81.24016004685203
10,4.159663865546219,-0.0016259157029130389,81.24016014825682,-0.00026450702924905867,81.24016014825682
10,4.205882352941177,-0.001253854846444316,81.2401602100418,-0.00020366006350183707,81.2401602100418
10,4.2521008403361344,-0.0009627399740160941,81.24016024735073,-0.0001560725809888544,81.24016024735073
10,4.298319327731092,-0.0007360105120082748,81.2401602696789,-0.00011904321672968725,81.2401602696789
10,4.344537815126051,-0.0005602386275185885,81.24016028292255,-9.03742968900393e-05,81.24016028292255
10,4.390756302521009,-0.00042459691330779675,81.24016029070798,-6.828921273029087e-05,81.24016029070798
10,4.436974789915967,-0.0003204026368416636,81.24016029524404,-5.136065814594949e-05,81.24016029524404
10,4.483193277310924,-0.0002407307088970372,81.24016029786347,-3.844895274332082e-05,81.24016029786347
10,4.529411764705882,-0.00018008757711324586,81.24016029936269,-2.8649552527049236e-05,81.24016029936269
10,4.575630252100841,-0.0001341385263016531,81.24016030021315,-2.1248793731370313e-05,81.24016030021315
10,4.621848739495799,-9.948130520640638e-05,81.24016030069133,-1.5686907653051025e-05,81.24016030069133
10,4.668067226890757,-7.345954361252273e-05,81.24016030095781,-1.1527372823583962e-05,81.24016030095781
10,4.714285714285714,-5.4010028853475334e-05,81.240160301105,-8.431724637312545e-06,81.240160301105
10,4.760504201680672,-3.953854070447315e-05,81.24016030118561,-6.139012638832746e-06,81.24016030118561
10,4.806722689075631,-2.881957052833944e-05,81.24016030122934,-4.449174846820518e-06,81.24016030122934
10,4.852941176470589,-2.0915853882424876e-05,81.24016030125286,-3.2096811469192526e-06,81.24016030125286
10,4.899159663865547,-1.5114211382769732e-05,81.2401603012654,-2.304879741871701e-06,81.2401603012654
10,4.945378151260504,-1.0874711439052599e-05,81.24016030127203,-1.6475589349887801e-06,81.24016030127203
10,4.991596638655462,-7.790635683062943e-06,81.24016030127551,-1.1723091804668952e-06,81.24016030127551
10,5.03781512605042,-5.557141921853014e-06,81.24016030127731,-8.303362031358646e-07,81.24016030127731
10,5.084033613445379,-3.94688108387725e-06,81.24016030127824,-5.854345368924122e-07,81.24016030127824
10,5.130252100840337,-2.7911364390925485e-06,81.2401603012787,-4.1088198630833973e-07,81.2401603012787
10,5.176470588235294,-1.9653190411608935e-06,81.24016030127895,-2.8705954045487485e-07,81.24016030127895
10,5.222689075630252,-1.3778772027255617e-06,81.24016030127906,-1.9963864197415952e-07,81.24016030127906
10,5.26890756302521,-9.618645104043408e-07,81.24016030127913,-1.3820904896799053e-07,81.24016030127913
10,5.315126050420169,-6.685650744461661e-07,81.24016030127916,-9.524649694110914e-08,81.24016030127916
10,5.3613445378151265,-4.6270087607308204e-07,81.24016030127918,-6.534066075486447e-08,81.24016030127918
10,5.407563025210084,-3.188484078263359e-07,81.24016030127918,-4.4621198561926306e-08,81.24016030127918
10,5.453781512605042,-2.1877410216126215e-07,81.24016030127918,-3.0333552391516523e-08,81.24016030127918
10,5.5,-1.4946369544049623e-07,81.24016030127919,-2.0527246420730584e-08,81.24016030127919
11,0.0,0.26836350051056107,75.00758436225436,-3.0145269322845,75.00758436225436
11,0.046218487394957986,0.26526012354565465,74.89611833140766,-2.8830628894930075,74.89611833140766
11,0.09243697478991597,0.25486393741818425,74.81129191621625,-2.7398749464502656,74.81129191621625
11,0.13865546218487396,0.23627267820246267,74.75478857091996,-2.5867935447541868,74.75478857091996
11,0.18487394957983194,0.20865075062610128,74.72806606184707,-2.4257514435483944,74.72806606184707
11,0.23109243697478993,0.1712545095972633,74.73226937067682,-2.2587444754026595,74.73226937067682
11,0.2773109243697479,0.12345698306614672,74.76814016672444,-2.0877920706299786,74.76814016672444
11,0.3235294117647059,0.06477127046464659,74.83593118678058,-1.9148986227696474,74.83593118678058
11,0.3697478991596639,-0.005128145033928888,74.93533423474055,-1.7420166923438387,74.93533423474055
11,0.41596638655462187,-0.08638690245871139,75.06542990966,-1.5710129363881808,75.06542990966
11,0.46218487394957986,-0.17895576104093536,75.22466562166446,-1.4036375181587673,75.22466562166446
11,0.5084033613445378,-0.28257968183877225,75.41086612646923,-1.2414975981473937,75.41086612646923
11,0.5546218487394958,-0.39679147868911,75.62127797260999,-1.0860353458572831,75.62127797260999
11,0.6008403361344539,-0.5209103988118233,75.85264625253124,-0.9385107454626365,75.85264625253124
11,0.6470588235294118,-0.6540458532336366,76.10131922889107,-0.7999893091696002,76.10131922889107
11,0.6932773109243697,-0.7951063657178921,76.36337409191954,-0.6713346602682977,76.36337409191954
11,0.7394957983193278,-0.9428136528740438,76.63475551404656,-0.5532058147148966,76.63475551404656
11,0.7857142857142858,-1.0957215920999506,76.91141793030907,-0.4460588741527971,76.91141793030907
11,0.8319327731092437,-1.2522396834462644,77.18946259249381,-0.35015274960359655,77.18946259249381
11,0.8781512605042017,-1.4106604721844214,77.46526132661957,-0.26555846461501,77.46526132661957
11,0.9243697478991597,-1.569190275237906,77.73556040604605,-0.19217153706406354,77.73556040604605
11,0.9705882352941178,-1.7259824503908945,77.9975598301359,-0.12972691109288847,77.9975598301359
11,1.0168067226890756,-1.8791723678778132,78.24896535788902,-0.07781590186582643,78.24896535788902
11,1.0630252100840336,-2.0269131889885714,78.48801269427979,-0.03590462153510243,78.48801269427979
11,1.1092436974789917,-2.1674115310526876,78.71346509596454,-0.003353375989204155,78.71346509596454
11,1.1554621848739497,-2.298962100177224,78.92458723499679,0.020563449196011607,78.92458723499679
11,1.2016806722689077,-2.4199804048175917,79.12109935086461,0.0366374569707415,79.12109935086461
11,1.2478991596638656,-2.5290327210912116,79.30311649834131,0.045706663121535485,79.30311649834131
11,1.2941176470588236,-2.624862564733398,79.47107805607457,0.048636633187975065,79.47107805607457
11,1.3403361344537816,-2.7064130299875995,79.62567262920746,0.046302642603557764,79.62567262920746
11,1.3865546218487395,-2.7728444801246983,79.76776310902756,0.03957312444697969,79.76776310902756
11,1.4327731092436975,-2.8235472123542458,79.89831601277727,0.029294623453596458,79.89831601277727
11,1.4789915966386555,-2.8581488677859976,80.01833839629492,0.01627843045087296,80.01833839629492
11,1.5252100840336136,-2.8765165091132054,80.12882469398464,0.001289027729086456,80.12882469398464
11,1.5714285714285716,-2.878753440108131,80.23071487494234,-0.014965566390591434,80.23071487494234
11,1.6176470588235294,-2.865190986571225,80.32486438359622,-0.031841506680503784,80.32486438359622
11,1.6638655462184875,-2.8363755936405965,80.41202551712124,-0.048764876709052274,80.41202551712124
11,1.7100840336134455,-2.7930517147561957,80.49283922441671,-0.06523552228581231,80.49283922441671
11,1.7563025210084033,-2.7361410696776787,80.56783581831813,-0.08082903057905888,80.56783581831813
11,1.8025210084033614,-2.6667189296172715,80.63744278298513,-0.09519695705082043,80.63744278298513
11,1.8487394957983194,-2.5859881449922426,80.70199772503423,-0.10806543357587728,80.70199772503423
11,1.8949579831932775,-2.495251664100312,80.76176454032141,-0.11923231892584063,80.76176454032141
11,1.9411764705882355,-2.395884299108779,80.81695101981613,-0.1285630758159364,80.81695101981613
11,1.9873949579831933,-2.28930447977438,80.86772636404804,-0.13598557689955548,80.86772636404804
11,2.033613445378151,-2.176946696940412,80.91423738127507,-0.14148405444420753,80.91423738127507
11,2.0798319327731094,-2.060235279247589,80.95662247688949,-0.14509241471582612,80.95662247688949
11,2.1260504201680672,-1.9405600710313315,80.99502287172142,-0.14688713819019483,80.99502287172142
11,2.1722689075630255,-1.8192544901478769,81.02959079191484,-0.14697998047103766,81.02959079191484
11,2.2184873949579833,-1.6975763457771755,81.06049463606877,-0.14551067689703423,81.06049463606877
11,2.264705882352941,-1.576691691819466,81.08792133612987,-0.1426398364526218,81.08792133612987
11,2.3109243697478994,-1.45766188553376,81.11207628249805,-0.1385421889255447,81.11207628249805
11,2.357142857142857,-1.3414339173451353,81.13318128143653,-0.13340032398275348,81.13318128143653
11,2.4033613445378155,-1.2288339797885577,81.15147105851429,-0.1273990332437549,81.15147105851429
11,2.4495798319327733,-1.1205641543827216,81.16718882262298,-0.12072033753276123,81.16718882262298
11,2.495798319327731,-1.017202017358862,81.18058136999991,-0.11353925255932396,81.18058136999991
11,2.5420168067226894,-0.9192029003959696,81.19189414634822,-0.10602031828961778,81.19189414634822
11,2.588235294117647,-0.8269044920500122,81.201366607159,-0.098314891263664,81.201366607159
11,2.634453781512605,-0.7405334299203279,81.20922813060201,-0.09055917585367723,81.20922813060201
11,2.6806722689075633,-0.6602135126403823,81.21569465149844,-0.08287295058287825,81.21569465149844
11,2.726890756302521,-0.5859751538533082,81.22096610503984,-0.07535892955161838,81.22096610503984
11,2.773109243697479,-0.5177657062426739,81.22522469948832,-0.06810268693384369,81.22522469948832
11,2.819327731092437,-0.45546030088283196,81.22863398083831,-0.06117306445481496,81.22863398083831
11,2.865546218487395,-0.3988728737998395,81.23133861052429,-0.05462297755002776,81.23133861052429
11,2.9117647058823533,-0.34776708568067427,81.23346474960213,-0.048490535236916266,81.23346474960213
11,2.957983193277311,-0.30186688004083884,81.23512092824146,-0.04280039116508405,81.23512092824146
11,3.004201680672269,-0.2608664678090875,81.23639927595438,-0.03756524833412822,81.23639927595438
11,3.050420168067227,-0.22443957027835015,81.23737699344674,-0.03278744702801184,81.23737699344674
11,3.096638655462185,-0.1922477959540152,81.23811795886228,-0.028460574028592145,81.23811795886228
11,3.1428571428571432,-0.16394806849779586,81.23867437714426,-0.02457104059556281,81.23867437714426
11,3.189075630252101,-0.1391990614838332,81.2390883991654,-0.021099586507318246,81.2390883991654
11,3.235294117647059,-0.11766663012391554,81.23939365544182,-0.018022677212155225,81.23939365544182
11,3.281512605042017,-0.09902825982097196,81.23961666633915,-0.015313770445130936,81.23961666633915
11,3.327731092436975,-0.08297657602417097,81.23977810579855,-0.012944437236997786,81.23977810579855
11,3.3739495798319328,-0.06922197926427232,81.23989390824742,-0.01088532985248758,81.23989390824742
11,3.420168067226891,-0.05749448356437825,81.23997621831883,-0.00910699571207052,81.23997621831883
11,3.466386554621849,-0.04754484594152397,81.24003419034992,-0.007580541705946797,81.24003419034992
11,3.5126050420168067,-0.03914507987901905,81.24007464959641,-0.00627815749889582,81.24007464959641
11,3.558823529411765,-0.03208844699563862,81.24010263003392,-0.005173509498360818,81.24010263003392
11,3.6050420168067228,-0.026189019265246194,81.24012180491043,-0.004242019203646807,81.24012180491043
11,3.651260504201681,-0.02128089967293101,81.24013482626404,-0.003461040789217773,81.24013482626404
11,3.697478991596639,-0.0172171827476702,81.24014358879263,-0.0028099531333404815,81.24014358879263
11,3.7436974789915967,-0.013868728571951539,81.24014943207574,-0.0022701812268769717,81.24014943207574
11,3.789915966386555,-0.011122815169075095,81.24015329346054,-0.0018251611271165868,81.24015329346054
11,3.8361344537815127,-0.008881725076948926,81.24015582213256,-0.0014602614918792223,81.24015582213256
11,3.882352941176471,-0.0070613128284980065,81.24015746313735,-0.0011626733615018037,81.24015746313735
11,3.928571428571429,-0.005589591292364804,81.24015851849539,-0.000921278357058325,81.24015851849539
11,3.9747899159663866,-0.00440536662746753,81.24015919111129,-0.0007265039213963376,81.24015919111129
11,4.0210084033613445,-0.0034569441446421767,81.24015961594263,-0.0005701727166970913,81.24015961594263
11,4.067226890756302,-0.0027009207574862776,81.2401598818637,-0.0004453518625865058,81.2401598818637
11,4.113445378151261,-0.0021010739967608216,81.24016004682444,-0.0003462063906792892,81.24016004682444
11,4.159663865546219,-0.0016273527659363962,81.24016014824002,-0.0002678601290779549,81.24016014824002
11,4.205882352941177,-0.0012549711006492603,81.24016021003165,-0.00020626622599469874,81.24016021003165
11,4.2521008403361344,-0.0009636031051519257,81.24016024734466,-0.00015808867781583885,81.24016024734466
11,4.298319327731092,-0.0007366748982574715,81.2401602696753,-0.00012059553847451783,81.2401602696753
11,4.344537815126051,-0.0005607477219513827,81.24016028292044,-9.156394332953365e-05,81.24016028292044
11,4.390756302521009,-0.00042498525453016703,81.24016029070674,-6.919666760707606e-05,81.24016029070674
11,4.436974789915967,-0.0003206975332834469,81.24016029524333,-5.204964047645592e-05,81.24016029524333
11,4.483193277310924,-0.00024095363956357,81.24016029786306,-3.896963384261709e-05,81.24016029786306
11,4.529411764705882,-0.00018025534837802937,81.24016029936244,-2.9041222985948766e-05,81.24016029936244
11,4.575630252100841,-0.0001342642207089119,81.24016030021302,-2.15420582475004e-05,81.24016030021302
11,4.621848739495799,-9.957505449132787e-05,81.24016030069126,-1.5905478471784197e-05,81.24016030069126
11,4.668067226890757,-7.352915439628582e-05,81.24016030095778,-1.1689525046837661e-05,81.24016030095778
11,4.714285714285714,-5.406148585157533e-05,81.24016030110499,-8.55146916219139e-06,81.24016030110499
11,4.760504201680672,-3.9576408885551e-05,81.2401603011856,-6.227035255012268e-06,81.2401603011856
11,4.806722689075631,-2.8847314531952814e-05,81.24016030122932,-4.51358323269287e-06,81.24016030122932
11,4.852941176470589,-2.0936090178550653e-05,81.24016030125286,-3.2565952752839104e-06,81.24016030125286
11,4.899159663865547,-1.5128906144571698e-05,81.2401603012654,-2.3388955987032754e-06,81.2401603012654
11,4.945378151260504,-1.0885334900369564e-05,81.24016030127203,-1.6721104909052506e-06,81.24016030127203
11,4.991596638655462,-7.798281849437719e-06,81.24016030127551,-1.1899492246458712e-06,81.24016030127551
11,5.03781512605042,-5.562620877970427e-06,81.24016030127731,-8.42952922766699e-07,81.24016030127731
11,5.084033613445379,-3.950789766044e-06,81.24016030127824,-5.944175567249699e-07,81.24016030127824
11,5.130252100840337,-2.793912591805969e-06,81.2401603012787,-4.172489192151685e-07,81.2401603012787
11,5.176470588235294,-1.9672821244903107e-06,81.24016030127895,-2.915518842606772e-07,81.24016030127895
11,5.222689075630252,-1.3792592355546415e-06,81.24016030127906,-2.027940330454872e-07,81.24016030127906
11,5.26890756302521,-9.628331986072039e-07,81.24016030127913,-1.4041539434992128e-07,81.24016030127913
11,5.315126050420169,-6.69241059986869e-07,81.24016030127916,-9.678230316282381e-08,81.24016030127916
11,5.3613445378151265,-4.6317053242473314e-07,81.24016030127918,-6.640491257664557e-08,81.24016030127918
11,5.407563025210084,-3.191732810988642e-07,81.24016030127918,-4.535537390150672e-08,81.24016030127918
11,5.453781512605042,-2.1899784043770315e-07,81.24016030127918,-3.083775474976152e-08,81.24016030127918
11,5.5,-1.4961710788524655e-07,81.24016030127919,-2.0871962741441632e-08,81.24016030127919
12,0.0,0.266193062964655,75.00730304392597,-3.0114018423921665,75.00730304392597
12,0.046218487394957986,0.2630029447667801,74.89585497375678,-2.8806245515956297,74.89585497375678
12,0.09243697478991597,0.2525400085395155,74.81104479054889,-2.7380742657514237,74.81104479054889
12,0.13865546218487396,0.23390153122870316,74.75455610136436,-2.5855748730773604,74.75455610136436
12,0.18487394957983194,0.20625111387279293,74.72784686826186,-2.4250540773796416,74.72784686826186
12,0.23109243697478993,0.16884400640189234,74.73206228936559,-2.258504216332245,74.73206228936559
12,0.2773109243697479,0.1210518795672737,74.76794425071496,-2.0879428005099347,74.76794425071496
12,0.3235294117647059,0.06238627606405878,74.83574568895294,-1.915373847253508,74.83574568895294
12,0.3697478991596639,-0.007480023067349961,74.9351585781918,-1.7427510094897158,74.9351585781918
12,0.41596638655462187,-0.08869445081149507,75.06526365027378,-1.5719433914872134,75.06526365027378
12,0.46218487394957986,-0.18120960098367078,75.22450840788697,-1.4047048116468233,75.22450840788697
12,0.5084033613445378,-0.28477226256448773,75.41071766080107,-1.24264712006568,75.41071766080107
12,0.5546218487394958,-0.3989170284587935,75.62113797842022,-1.0872180175293966,75.62113797842022
12,0.6008403361344539,-0.5229648398422846,75.85251444861966,-0.9396836565185644,75.85251444861966
12,0.6470588235294118,-0.6560266867456903,76.10119531295038,-0.8011161454489812,76.10119531295038
12,0.6932773109243697,-0.7970125337118787,76.36325773284247,-0.6723859251888484,76.36325773284247
12,0.7394957983193278,-0.9446453830532242,76.63464635202705,-0.5541588531330053,76.63464635202705
12,0.7857142857142858,-1.0974802319708772,76.91131558298116,-0.44689771336770256,76.91131558298116
12,0.8319327731092437,-1.2539275290501228,77.18936666500035,-0.3508677768120849,77.18936666500035
12,0.8781512605042017,-1.4122805962157994,77.46517142345918,-0.26614596370928734,77.46517142345918
12,0.9243697478991597,-1.5707463585491581,77.73547614277982,-0.19263311014222317,77.73547614277982
12,0.9705882352941178,-1.7274786201169183,77.99748084344284,-0.13006881143336368,77.99748084344284
12,1.0168067226890756,-1.8806130446923646,78.24889131298852,-0.07804830545411523,78.24889131298852
12,1.0630252100840336,-2.0283029453552075,78.4879432892446,-0.03604086362625558,78.4879432892446
12,1.1092436974789917,-2.168754961782385,78.71340006293435,-0.00340917775930083,78.71340006293435
12,1.1554621848739497,-2.3002637061606337,78.92452633866586,0.020570740963971268,78.92452633866586
12,1.2016806722689077,-2.4212444904612367,79.12104238486238,0.03668959685952711,79.12104238486238
12,1.2478991596638656,-2.5302633057428654,79.30306328025002,0.04578518341295901,79.30306328025002
12,1.2941176470588236,-2.626063308214194,79.47102842183003,0.048723455496810786,79.47102842183003
12,1.3403361344537816,-2.707587172234927,79.6256264275481,0.046380614077926374,79.6256264275481
12,1.3865546218487395,-2.773994794867816,79.76772019651807,0.039626471096156024,79.76772019651807
12,1.4327731092436975,-2.8246759746706047,79.89827624976267,0.029309316324974688,79.89827624976267
12,1.4789915966386555,-2.8592578353023406,80.01830164396588,0.016242463321919587,80.01830164396588
12,1.5252100840336136,-2.8776069165079647,80.12879081258185,0.0011926076413200093,80.12879081258185
12,1.5714285714285716,-2.879826006432147,80.23068372300305,-0.015129912092977094,80.23068372300305
12,1.6176470588235294,-2.8662459347315945,80.32483581805967,-0.032078901167812646,80.32483581805967
12,1.6638655462184875,-2.8374126811920064,80.41199939406211,-0.04907813509225001,80.41199939406211
12,1.7100840336134455,-2.794070274924458,80.4928154001686,-0.06562525517254869,80.4928154001686
12,1.7563025210084033,-2.737140061315749,80.56781415075886,-0.08129380041339118,80.56781415075886
12,1.8025210084033614,-2.6676969945796785,80.63742313279948,-0.0957334773729972,80.63742313279948
12,1.8487394957983194,-2.5869436712260985,80.70197995681451,-0.1086688011477932,80.70197995681451
12,1.8949579831932775,-2.496182852605461,80.76174852341876,-0.11989626877529247,80.76174852341876
12,1.9411764705882355,-2.3967892328281017,80.81693662890687,-0.1292802496265235,80.81693662890687
12,1.9873949579831933,-2.290181192448234,80.86771347941885,-0.13674779577757334,80.86771347941885
12,2.033613445378151,-2.1777932400010904,80.91422588886567,-0.14228258789139225,80.91422588886567
12,2.0798319327731094,-2.061049784941037,80.95661226814921,-0.14591823858822117,80.95661226814921
12,2.1260504201680672,-1.9413408101306224,80.99501384334769,-0.14773117548853243,80.99501384334769
12,2.1722689075630255,-1.8199999228578783,81.0295828455407,-0.14783331994696525,81.0295828455407
12,2.2184873949579833,-1.6982851647111055,81.06048767795798,-0.14636476563322987,81.06048767795798
12,2.264705882352941,-1.5773628562417166,81.08791527692527,-0.14348664374525022,81.08791527692527
12,2.3109243697478994,-1.4582946463945525,81.11207103705163,-0.13937433993069348,81.11207103705163
12,2.357142857142857,-1.3420278329650195,81.13317676873457,-0.13421120265261344,81.13317676873457
12,2.4033613445378155,-1.2293889223703012,81.15146720169416,-0.1281828550465427,81.15146720169416
12,2.4495798319327733,-1.121080307820483,81.16718554906552,-0.12147219330108783,81.16718554906552
12,2.495798319327731,-1.0176798670691696,81.18057861147463,-0.1142551255284161,81.18057861147463
12,2.5420168067226894,-0.919643216102779,81.19189183918101,-0.10669707695923236,81.19189183918101
12,2.588235294117647,-0.8273083046121545,81.20136469239443,-0.09895026114110017,81.20136469239443
12,2.634453781512605,-0.7409020033909712,81.20922655413271,-0.09115169341113472,81.20922655413271
12,2.6806722689075633,-0.6605483127952887,81.21569336414028,-0.08342190289706775,81.21569336414028
12,2.726890756302521,-0.5862778144211056,81.22096506253786,-0.07586428309803495,81.22096506253786
12,2.773109243697479,-0.5180379940207871,81.22522386244636,-0.06856500889707995,81.22522386244636
12,2.819327731092437,-0.45570408083434355,81.22863331457101,-0.06159343970750886,81.22863331457101
12,2.865546218487395,-0.3990900751072175,81.2313380848377,-0.05500292416604946,81.2313380848377
12,2.9117647058823533,-0.3479596695906757,81.23346433851297,-0.04883192105902534,81.23346433851297
12,2.957983193277311,-0.3020368101794242,81.23512060964839,-0.04310535356421541,81.23512060964839
12,3.004201680672269,-0.26101568348403337,81.2363990312767,-0.03783611889524163,81.2363990312767
12,3.050420168067227,-0.22456996312772404,81.23737680724572,-0.033026682493944026,81.23737680724572
12,3.096638655462185,-0.19236119014739295,81.23811781845927,-0.028670694443420075,81.23811781845927
12,3.1428571428571432,-0.16404620455861263,81.23867427224836,-0.024754575225300002,81.23867427224836
12,3.189075630252101,-0.13928358367976523,81.23908832152038,-0.021259027787908558,81.23908832152038
12,3.235294117647059,-0.11773907726999289,81.23939359850021,-0.018160442689608036,81.23939359850021
12,3.281512605042017,-0.09909005925836567,81.23961662496791,-0.015432172434169944,81.23961662496791
12,3.327731092436975,-0.08302904047655657,81.2397780760193,-0.013045659734374215,81.2397780760193
12,3.3739495798319328,-0.06926630623238417,81.23989388701148,-0.010971412098353506,81.23989388701148
12,3.420168067226891,-0.057531756896438635,81.2399762033161,-0.009179821694996093,81.2399762033161
12,3.466386554621849,-0.047576039210403875,81.24003417984945,-0.007641834850278695,81.24003417984945
12,3.5126050420168067,-0.03917106120393532,81.24007464231545,-0.006329479752228417,81.24007464231545
12,3.558823529411765,-0.03210998496424822,81.24010262503228,-0.005216264046293717,81.24010262503228
12,3.6050420168067228,-0.026206789638522965,81.24012180150648,-0.004277456072890151,81.24012180150648
12,3.651260504201681,-0.021295492587706466,81.24013482396892,-0.0034902646526502323,81.24013482396892
12,3.697478991596639,-0.01722911016784423,81.24014358725948,-0.002833932696343744,81.24014358725948
12,3.7436974789915967,-0.013878431777114897,81.24014943106107,-0.0022897596481633864,81.24014943106107
12,3.789915966386555,-0.011130672106910822,81.24015329279521,-0.0018410670049592293,81.24015329279521
12,3.8361344537815127,-0.008888057441905572,81.24015582170034,-0.0014731200244764153,81.24015582170034
12,3.882352941176471,-0.007066392762820478,81.24015746285914,-0.0011730173652360898,81.24015746285914
12,3.928571428571429,-0.0055936476358904585,81.24015851831795,-0.0009295588964179924,81.24015851831795
12,3.9747899159663866,-0.004408590669196966,81.24015919099917,-0.0007331003677560066,81.24015919099917
12,4.0210084033613445,-0.0034594948517731178,81.24015961587243,-0.0005754021090589936,81.24015961587243
12,4.067226890756302,-0.002702929476358737,81.24015988182016,-0.0004494774913162136,81.24015988182016
12,4.113445378151261,-0.002102648635151236,81.24016004679767,-0.00034944556521264436,81.24016004679767
12,4.159663865546219,-0.001628581477641125,81.24016014822371,-0.0002703911228408955,81.24016014822371
12,4.205882352941177,-0.0012559255016626539,81.24016021002181,-0.00020823441691648903,81.24016021002181
12,4.2521008403361344,-0.0009643410563744854,81.24016024733878,-0.00015961192154727993,81.24016024733878
12,4.298319327731092,-0.0007372428929803172,81.2401602696718,-0.00012176882455437917,81.2401602696718
12,4.344537815126051,-0.0005611829177711806,81.2401602829184,-9.246339292147236e-05,81.2401602829184
12,4.390756302521009,-0.0004253171892422917,81.24016029070555,-6.988293589080957e-05,81.24016029070555
12,4.436974789915967,-0.00032094956304133324,81.24016029524265,-5.257078811185447e-05,81.24016029524265
12,4.483193277310924,-0.00024114413549529857,81.24016029786266,-3.9363530856556354e-05,81.24016029786266
12,4.529411764705882,-0.00018039868519061607,81.24016029936223,-2.933754559783291e-05,81.24016029936223
12,4.575630252100841,-0.00013437158781438733,81.24016030021289,-2.1763935099148885e-05,81.24016030021289
12,4.621848739495799,-9.965511704028863e-05,81.24016030069119,-1.6070837917917967e-05,81.24016030069119
12,4.668067226890757,-7.358858844812733e-05,81.24016030095774,-1.181218996281928e-05,81.24016030095774
12,4.714285714285714,-5.4105408853247087e-05,81.24016030110498,-8.642040424073488e-06,81.24016030110498
12,4.760504201680672,-3.960872374853745e-05,81.24016030118558,-6.2935998590122775e-06,81.24016030118558
12,4.806722689075631,-2.8870982939976442e-05,81.24016030122932,-4.562278100603691e-06,81.24016030122932
12,4.852941176470589,-2.0953348354393712e-05,81.24016030125286,-3.2920532402773753e-06,81.24016030125286
12,4.899159663865547,-1.5141434164743744e-05,81.2401603012654,-2.3645959417150633e-06,81.2401603012654
12,4.945378151260504,-1.0894388769631242e-05,81.24016030127203,-1.6906527272222537e-06,81.24016030127203
12,4.991596638655462,-7.804795922658871e-06,81.24016030127551,-1.2032656245434333e-06,81.24016030127551
12,5.03781512605042,-5.5672868274467995e-06,81.24016030127731,-8.524724720399511e-07,81.24016030127731
12,5.084033613445379,-3.954117117394243e-06,81.24016030127824,-6.011916937052647e-07,81.24016030127824
12,5.130252100840337,-2.7962748681704795e-06,81.2401603012787,-4.2204738788296874e-07,81.2401603012787
12,5.176470588235294,-1.9689518237708952e-06,81.24016030127895,-2.949353782372079e-07,81.24016030127895
12,5.222689075630252,-1.3804341962987446e-06,81.24016030127906,-2.0516893152814814e-07,81.24016030127906
12,5.26890756302521,-9.63656365610664e-07,81.24016030127913,-1.4207476852093695e-07,81.24016030127913
12,5.315126050420169,-6.69815221318287e-07,81.24016030127916,-9.793646275878976e-08,81.24016030127916
12,5.3613445378151265,-4.6356924794664067e-07,81.24016030127918,-6.720403295293343e-08,81.24016030127918
12,5.407563025210084,-3.194489433665654e-07,81.24016030127918,-4.59061635563671e-08,81.24016030127918
12,5.453781512605042,-2.1918758886621976e-07,81.24016030127918,-3.1215665214780644e-08,81.24016030127918
12,5.5,-1.4974714501591728e-07,81.24016030127919,-2.113008406773719e-08,81.24016030127919
13,0.0,0.2647835857207164,75.00705018590507,-3.006459177503779,75.00705018590507
13,0.046218487394957986,0.2614915290412798,74.8956177167521,-2.8762819820020376,74.8956177167521
13,0.09243697478991597,0.2509440013050188,74.81082152225322,-2.7342981431452547,74.81082152225322
13,0.13865546218487396,0.23223831545016171,74.7543453907911,-2.5823245371762247,74.7543453907911
13,0.18487394957983194,0.20453777330176237,74.72764749897664,-2.4222831448593523,74.72764749897664
13,0.23109243697478993,0.16709701854139425,74.73187327118927,-2.2561619762964007,74.73187327118927
13,0.2773109243697479,0.11928684370925602,74.7677648121479,-2.085975669723334,74.7677648121479
13,0.3235294117647059,0.06061768162251724,74.83557525392456,-1.9137268375665712,74.83557525392456
13,0.3697478991596639,-0.009238984459054578,74.93499673166133,-1.7413691609783193,74.93499673166133
13,0.41596638655462187,-0.09043202771179004,75.06511009762276,-1.5707731277241859,75.06511009762276
13,0.46218487394957986,-0.18291557898593602,75.22436293293624,-1.4036951780236997,75.22436293293624
13,0.5084033613445378,-0.2864380169853682,75.41058008670164,-1.2417508719390025,75.41058008670164
13,0.5546218487394958,-0.40053553556354693,75.62100813471886,-1.0863925318608416,75.62100813471886
13,0.6008403361344539,-0.5245306503292042,75.8523921466165,-0.9388916482719729,75.8523921466165
13,0.6470588235294118,-0.6575358659753103,76.10108033023596,-0.8003261779258999,76.10108033023596
13,0.6932773109243697,-0.7984625736634126,76.36314980674675,-0.6715727113784764,76.36314980674675
13,0.7394957983193278,-0.9460350912337798,76.63454518079564,-0.5533033526773918,76.63454518079564
13,0.7857142857142858,-1.0988096025183314,76.91122083286206,-0.4459870366019212,76.91122083286206
13,0.8319327731092437,-1.2551976010954515,77.18927798112071,-0.34989491328542766,77.18927798112071
13,0.8781512605042017,-1.4134933042440894,77.46508844237863,-0.26510935743892183,77.46508844237863
13,0.9243697478991597,-1.5719043790659502,77.735398504849,-0.19153610747408134,77.735398504849
13,0.9705882352941178,-1.7285852184286918,77.99740820352693,-0.12891900973336679,77.99740820352693
13,1.0168067226890756,-1.8816719250847649,78.24882334859885,-0.0768568319323435,78.24882334859885
13,1.0630252100840336,-2.0293181074323563,78.48787970564936,-0.03482161347858584,78.48787970564936
13,1.1092436974789917,-2.1697305652384435,78.71334059524744,-0.002178039605241322,78.71334059524744
13,1.1554621848739497,-2.3012039458070825,78.92447075127797,0.02179664650300639,78.92447075127797
13,1.2016806722689077,-2.4221534829371265,79.12099046880056,0.03789264248590518,79.12099046880056
13,1.2478991596638656,-2.531144988992396,79.30301484916184,0.04694790487079992,79.30301484916184
13,1.2941176470588236,-2.626921354520489,79.47098330729774,0.04982914997691967,79.47098330729774
13,1.3403361344537816,-2.7084249153420163,79.62558447435556,0.04741385557852418,79.62558447435556
13,1.3865546218487395,-2.7748151714943834,79.76768125836209,0.04057353497864469,79.76768125836209
13,1.4327731092436975,-2.8254814805066655,79.8982401857417,0.030158509113697107,79.8982401857417
13,1.4789915966386555,-2.8600504953743844,80.01826831601844,0.016984357321636168,80.01826831601844
13,1.5252100840336136,-2.878388269591518,80.12876008390312,0.0018201830842610178,80.12876008390312
13,1.5714285714285716,-2.880597102978932,80.23065545735375,-0.014621211974498394,80.23065545735375
13,1.6176470588235294,-2.867007347561639,80.32480987980392,-0.031691194561625835,80.32480987980392
13,1.6638655462184875,-2.8381645279816574,80.41197564872867,-0.048811196264745504,80.41197564872867
13,1.7100840336134455,-2.7948122513063858,80.49279371532104,-0.06547666894555171,80.49279371532104
13,1.7563025210084033,-2.737871483205197,80.56779439697588,-0.08125916535772149,80.56779439697588
13,1.8025210084033614,-2.668416848162469,80.63740518460426,-0.09580664637834602,80.63740518460426
13,1.8487394957983194,-2.587650668899091,80.70196369343415,-0.10884214818459093,80.70196369343415
13,1.8949579831932775,-2.4968754930580808,80.76173382930504,-0.12016097115718871,80.76173382930504
13,1.9411764705882355,-2.39746586340323,80.81692339399557,-0.12962657585266513,80.81692339399557
13,1.9873949579831933,-2.290840071926187,80.86770159914097,-0.13716539002087735,80.86770159914097
13,2.033613445378151,-2.178432600014432,80.91421526395361,-0.14276074334251732,80.91421526395361
13,2.0798319327731094,-2.06166788834987,80.95660280429827,-0.14644615310982623,80.95660280429827
13,2.1260504201680672,-1.9419360048620078,80.99500545080046,-0.14829818432795427,80.99500545080046
13,2.1722689075630255,-1.8205706899336143,81.02957543865935,-0.14842910155241817,81.02957543865935
13,2.2184873949579833,-1.698830159443638,81.06048117483962,-0.1469795178783322,81.06048117483962
13,2.264705882352941,-1.5778809418584316,81.08790959910269,-0.14411122905541696,81.08790959910269
13,2.3109243697478994,-1.4587849196424223,81.11206610930388,-0.14000039889545057,81.11206610930388
13,2.357142857142857,-1.3424896415387302,81.13317251901508,-0.1348312366783464,81.13317251901508
13,2.4033613445378155,-1.229821874284596,81.15146356116965,-0.12879027944015675,81.15146356116965
13,2.4495798319327733,-1.1214842731015775,81.16718245224568,-0.12206136286640401,81.16718245224568
13,2.495798319327731,-1.0180549723608436,81.18057599640497,-0.11482133530060956,81.18057599640497
13,2.5420168067226894,-0.9199898329639584,81.19188964766776,-0.10723654109844638,81.19188964766776
13,2.588235294117647,-0.8276270324196311,81.20136287022834,-0.09946007326046846,81.20136287022834
13,2.634453781512605,-0.7411936478515795,81.20922505128279,-0.091629771735664,81.20922505128279
13,2.6806722689075633,-0.6608138611170009,81.21569213489491,-0.08386692365080872,81.21569213489491
13,2.726890756302521,-0.5865184081941255,81.22096406557559,-0.07627560541213008,81.22096406557559
13,2.773109243697479,-0.5182549008228108,81.22522306082826,-0.06894259433786232,81.22522306082826
13,2.819327731092437,-0.4558986655037094,81.22863267565263,-0.06193776925895467,81.22863267565263
13,2.865546218487395,-0.39926377153097903,81.23133758010562,-0.055314915182636426,81.23133758010562
13,2.9117647058823533,-0.34811395373812815,81.23346394335549,-0.04911284635148139,81.23346394335549
13,2.957983193277311,-0.30217317498286533,81.23512030307387,-0.04335676440786074,81.23512030307387
13,3.004201680672269,-0.2611356160341458,81.23639879559427,-0.0380597733743544,81.23639879559427
13,3.050420168067227,-0.22467492451729054,81.23737662772365,-0.03322448022897273,81.23737662772365
13,3.096638655462185,-0.19245259816904303,81.23811768297561,-0.028844618402315447,81.23811768297561
13,3.1428571428571432,-0.16412541934488356,81.23867417094645,-0.024906641004490915,81.23867417094645
13,3.189075630252101,-0.13935189626964606,81.23908824647974,-0.021391240469325057,81.23908824647974
13,3.235294117647059,-0.11779770099776377,81.23939354343035,-0.018274761141588547,81.23939354343035
13,3.281512605042017,-0.09914012378913428,81.2396165849308,-0.0155304807283978,81.2396165849308
13,3.327731092436975,-0.08307158825846805,81.23977804718312,-0.013129745198089626,81.23977804718312
13,3.3739495798319328,-0.06930229109770858,81.23989386643662,-0.011042949409562075,81.23989386643662
13,3.420168067226891,-0.057562044521248135,81.23997618877293,-0.009240362355243614,81.23997618877293
13,3.466386554621849,-0.04760140913381061,81.24003416966575,-0.007692801330923205,81.24003416966575
13,3.5126050420168067,-0.03919221011082075,81.24007463525102,-0.0063721636013719385,81.24007463525102
13,3.558823529411765,-0.032127530947983485,81.2401026201774,-0.005251827259671438,81.2401026201774
13,3.6050420168067228,-0.026221277180161207,81.24012179820117,-0.0043069350679365015,81.24012179820117
13,3.651260504201681,-0.021307398013434065,81.24013482173953,-0.0035145762357491894,81.24013482173953
13,3.697478991596639,-0.01723884737518172,81.24014358576977,-0.002853881474256803,81.24014358576977
13,3.7436974789915967,-0.013886358050726466,81.24014943007487,-0.0023060464016644577,81.24014943007487
13,3.789915966386555,-0.01113709387546008,81.24015329214838,-0.001854297612167738,81.24015329214838
13,3.8361344537815127,-0.008893235857005577,81.24015582128003,-0.0014838145902735245,81.24015582128003
13,3.882352941176471,-0.007070549008846988,81.24015746258854,-0.0011816192790812252,81.24015746258854
13,3.928571428571429,-0.005596967904615918,81.24015851814534,-0.0009364436020761063,81.24015851814534
13,3.9747899159663866,-0.004411230755442516,81.24015919089008,-0.0007385836836743542,81.24015919089008
13,4.0210084033613445,-0.0034615843453685152,81.24015961580412,-0.0005797479866629165,81.24015961580412
13,4.067226890756302,-0.0027045755416011674,81.24015988177777,-0.0004529051400200823,81.24015988177777
13,4.113445378151261,-0.00210393938177679,81.24016004677162,-0.0003521359075060182,81.24016004677162
13,4.159663865546219,-0.0016295889372656275,81.24016014820783,-0.00027249257071570304,81.24016014820783
13,4.205882352941177,-0.001256708230991832,81.24016021001223,-0.00020986798265622275,81.24016021001223
13,4.2521008403361344,-0.0009649463935422348,81.24016024733304,-0.0001608756921367624,81.24016024733304
13,4.298319327731092,-0.0007377088964871728,81.24016026966841,-0.00012274184039620314,81.24016026966841
13,4.344537815126051,-0.0005615400189984288,81.24016028291639,-9.320897889493994e-05,81.24016028291639
13,4.390756302521009,-0.0004255895897323364,81.2401602907044,-7.045153678162178e-05,81.2401602907044
13,4.436974789915967,-0.00032115640695769276,81.24016029524198,-5.300236175302935e-05,81.24016029524198
13,4.483193277310924,-0.00024130048617038505,81.24016029786229,-3.9689551573056196e-05,81.24016029786229
13,4.529411764705882,-0.00018051633266344316,81.24016029936202,-2.9582668283833873e-05,81.24016029936202
13,4.575630252100841,-0.0001344597119456734,81.24016030021278,-2.1947366946846632e-05,81.24016030021278
13,4.621848739495799,-9.9720828324267e-05,81.24016030069112,-1.6207460849087044e-05,81.24016030069112
13,4.668067226890757,-7.36373661410451e-05,81.2401603009577,-1.1913472504160479e-05,81.2401603009577
13,4.714285714285714,-5.414145360035862e-05,81.24016030110495,-8.716773359869392e-06,81.24016030110495
13,4.760504201680672,-3.963523958038103e-05,81.24016030118557,-6.348485673834036e-06,81.24016030118557
13,4.806722689075631,-2.88904013689273e-05,81.24016030122932,-4.602400121701106e-06,81.24016030122932
13,4.852941176470589,-2.096750535983947e-05,81.24016030125286,-3.3212465906350412e-06,81.24016030125286
13,4.899159663865547,-1.5151709121379649e-05,81.2401603012654,-2.38573897132086e-06,81.2401603012654
13,4.945378151260504,-1.0901812848999979e-05,81.24016030127203,-1.7058945246309744e-06,81.24016030127203
13,4.991596638655462,-7.810136175904152e-06,81.24016030127551,-1.2142025247846274e-06,81.24016030127551
13,5.03781512605042,-5.571111024620898e-06,81.24016030127731,-8.602841565651554e-07,81.24016030127731
13,5.084033613445379,-3.956843459370897e-06,81.24016030127824,-6.067454993105863e-07,81.24016030127824
13,5.130252100840337,-2.798209883390367e-06,81.2401603012787,-4.259777740195367e-07,81.2401603012787
13,5.176470588235294,-1.9703190951780115e-06,81.24016030127895,-2.977041123186286e-07,81.24016030127895
13,5.222689075630252,-1.3813960158107669e-06,81.24016030127906,-2.0711040544460637e-07,81.24016030127906
13,5.26890756302521,-9.643299671620698e-07,81.24016030127913,-1.4342992315568168e-07,81.24016030127913
13,5.315126050420169,-6.702848831701262e-07,81.24016030127916,-9.88780394950235e-08,81.24016030127916
13,5.3613445378151265,-4.638952664161095e-07,81.24016030127918,-6.785526331860112e-08,81.24016030127918
13,5.407563025210084,-3.196742509271513e-07,81.24016030127918,-4.635452474544817e-08,81.24016030127918
13,5.453781512605042,-2.1934260890403587e-07,81.24016030127918,-3.152294792256706e-08,81.24016030127918
13,5.5,-1.4985333418696003e-07,81.24016030127919,-2.1339720697447135e-08,81.24016030127919
14,0.0,0.26383372901698443,75.00682161009341,-3.0014818085927564,75.00682161009341
14,0.046218487394957986,0.26043426495051136,74.89540275301219,-2.871870527099165,74.89540275301219
14,0.09243697478991597,0.24979488170642572,74.81061865969211,-2.730422341272045,74.81061865969211
14,0.13865546218487396,0.231013209692831,74.75415332247081,-2.5789473206233926,74.75415332247081
14,0.18487394957983194,0.20325254105985557,74.7274651471029,-2.4193618501648277,74.7274651471029
14,0.23109243697478993,0.1657672012630922,74.73169979138677,-2.253649663533592,74.73169979138677
14,0.2773109243697479,0.11792738225720178,74.7675995794684,-2.083822505245436,74.7675995794684
14,0.3235294117647059,0.05924266636379727,74.83541783444386,-1.911881494303052,74.83541783444386
14,0.3697478991596639,-0.010616526337093646,74.9348468442928,-1.7397801911871493,74.9348468442928
14,0.41596638655462187,-0.09180030443104137,75.0649675710472,-1.5693902656790701,75.0649675710472
14,0.46218487394957986,-0.1842641642648264,75.22422766233016,-1.402470534291485,75.22422766233016
14,0.5084033613445378,-0.28775793776298464,75.4104519942867,-1.240639986436264,75.4104519942867
14,0.5546218487394958,-0.40181931847740593,75.62088713716648,-1.0853552594708429,75.62088713716648
14,0.6008403361344539,-0.5257723292265108,75.85227813117064,-0.9378928581198736,75.85227813117064
14,0.6470588235294118,-0.6587309536956916,76.10097314020922,-0.799336255090715,76.10097314020922
14,0.6932773109243697,-0.7996080020684921,76.36304923595874,-0.6705678575169571,76.36304923595874
14,0.7394957983193278,-0.9471291239723012,76.63445097565285,-0.552265689406366,76.63445097565285
14,0.7857142857142858,-1.0998517253128135,76.91113270021776,-0.4449045222363113,76.91113270021776
14,0.8319327731092437,-1.2561883944383183,77.1891955997933,-0.3487610894066968,77.1891955997933
14,0.8781512605042017,-1.414434303321709,77.46501147624676,-0.2639229465867974,77.46501147624676
14,0.9243697478991597,-1.5727979255201276,77.73532661571,-0.19030048687868995,77.73532661571
14,0.9705882352941178,-1.7294343082488117,77.99734106231708,-0.1276415883842441,77.99734106231708
14,1.0168067226890756,-1.8824800565314532,78.24876064407798,-0.07554835941055549,78.24876064407798
14,1.0630252100840336,-2.0300891324548114,78.4878211501261,-0.033495448924863135,78.4878211501261
14,1.1092436974789917,-2.170468547387173,78.71328592736776,-0.0008494080660679248,78.71328592736776
14,1.1554621848739497,-2.301913027181456,78.9244197362134,0.023111385162821296,78.9244197362134
14,1.2016806722689077,-2.422837762257214,79.12094289640139,0.03917668972353194,79.12094289640139
14,1.2478991596638656,-2.531808412456223,79.30297053073619,0.04818466563922552,79.30297053073619
14,1.2941176470588236,-2.627567620705518,79.47094207167909,0.051002805639892124,79.47094207167909
14,1.3403361344537816,-2.7090573950339465,79.62554616384843,0.04850985617171766,79.62554616384843
14,1.3865546218487395,-2.775436842975946,79.767645725028,0.04157900331793485,79.767645725028
14,1.4327731092436975,-2.82609488051075,79.89820728833769,0.031062552990501757,79.89820728833769
14,1.4789915966386555,-2.8606576855965287,80.01823791775215,0.017778289480823162,80.01823791775215
14,1.5252100840336136,-2.8789908183641657,80.12873205103155,0.0024976517524990527,80.12873205103155
14,1.5714285714285716,-2.8811960814332345,80.23062965855088,-0.014064176622596847,80.23062965855088
14,1.6176470588235294,-2.867603339342722,80.32478618614807,-0.03125621048727645,80.32478618614807
14,1.6638655462184875,-2.838757651342842,80.41195393412453,-0.04849762707168992,80.41195393412453
14,1.7100840336134455,-2.7954021921923484,80.49277385716297,-0.06528177857162198,80.49277385716297
14,1.7563025210084033,-2.738457537747532,80.56777627687717,-0.0811783190794344,80.56777627687717
14,1.8025210084033614,-2.6689979728618987,80.63738868904935,-0.09583354706066416,80.63738868904935
14,1.8487394957983194,-2.5882255366609854,80.70194871425505,-0.10896909689781431,80.70194871425505
14,1.8949579831932775,-2.4974425531889537,80.76172026392709,-0.1203791418017186,80.76172026392709
14,1.9411764705882355,-2.398023403667395,80.81691114544007,-0.12992629421844448,80.81691114544007
14,1.9873949579831933,-2.2913862808081014,80.86769057580656,-0.13753640870035255,80.86769057580656
14,2.033613445378151,-2.178965627430003,80.9142053792258,-0.14319250505474557,80.9142053792258
14,2.0798319327731094,-2.0621859031983654,80.9565939760475,-0.14692803622266304,80.9565939760475
14,2.1260504201680672,-1.9424372480026335,80.99499760083738,-0.1488197256342101,80.99499760083738
14,2.1722689075630255,-1.821053521399488,81.02956849221052,-0.14898019262013307,81.02956849221052
14,2.2184873949579833,-1.6992930989623005,81.06047506009757,-0.14755057251549353,81.06047506009757
14,2.264705882352941,-1.5783227020206674,81.08790424688722,-0.14469332057400663,81.08790424688722
14,2.3109243697478994,-1.4592044313396109,81.1120614528569,-0.1405853669029664,81.1120614528569
14,2.357142857142857,-1.3428860715617503,81.13316849393259,-0.13541176404740973,81.13316849393259
14,2.4033613445378155,-1.2301946352345823,81.15146010546042,-0.12935994089562364,81.15146010546042
14,2.4495798319327733,-1.1218330259949383,81.16717950649327,-0.12261464727659543,81.16717950649327
14,2.495798319327731,-1.0183796225109347,81.18057350400242,-0.11535364426246808,81.18057350400242
14,2.5420168067226894,-0.9202905198839915,81.19188755509079,-0.10774416676782295,81.19188755509079
14,2.588235294117647,-0.8279041146122648,81.20136112731169,-0.09994015860447014,81.20136112731169
14,2.634453781512605,-0.7414476834293886,81.20922361147005,-0.09208025648377127,81.20922361147005
14,2.6806722689075633,-0.6610455852347918,81.21569095543481,-0.08428647920758614,81.21569095543481
14,2.726890756302521,-0.5867287082722239,81.22096310764842,-0.07666356188208834,81.22096310764842
14,2.773109243697479,-0.5184447905032759,81.22522228959149,-0.06929886261754614,81.22522228959149
14,2.819327731092437,-0.4560692582149999,81.22863206020381,-0.06226276089054483,81.22863206020381
14,2.865546218487395,-0.39941625444619433,81.2313370933664,-0.05560946235387565,81.2313370933664
14,2.9117647058823533,-0.3482495628043836,81.23346356188634,-0.04937812408518649,81.23346356188634
14,2.957983193277311,-0.302293171581006,81.23512000683203,-0.04359421662677798,81.23512000683203
14,3.004201680672269,-0.26124126570474715,81.23639856765016,-0.03827104416747629,81.23639856765016
14,3.050420168067227,-0.2247674780664397,81.23737645395086,-0.033411351296399605,81.23737645395086
14,3.096638655462185,-0.19253327535051445,81.23811755172922,-0.029008953327639198,81.23811755172922
14,3.1428571428571432,-0.1641953952076869,81.23867407274221,-0.02505033670472656,81.23867407274221
14,3.189075630252101,-0.1394122901647279,81.23908817368516,-0.02151618590863058,81.23908817368516
14,3.235294117647059,-0.1178495681566023,81.23939348997574,-0.018382803170169826,81.23939348997574
14,3.281512605042017,-0.0991844493212044,81.23961654604571,-0.015623396723934757,81.23961654604571
14,3.327731092436975,-0.08310928336431522,81.23977801916173,-0.013209222043664592,81.23977801916173
14,3.3739495798319328,-0.06933419125910723,81.23989384643326,-0.011110568237859608,81.23989384643326
14,3.420168067226891,-0.05758890940855488,81.23997617462727,-0.009297588420924319,81.23997617462727
14,3.466386554621849,-0.04762392396179216,81.24003415975623,-0.007740978337745452,81.24003415975623
14,3.5126050420168067,-0.03921098817600188,81.24007462837409,-0.00641251180349689,81.24007462837409
14,3.558823529411765,-0.03214311709114526,81.24010261544967,-0.005285444672852302,81.24010261544967
14,3.6050420168067228,-0.026234151934998007,81.24012179498135,-0.004334801161185342,81.24012179498135
14,3.651260504201681,-0.02131798222468706,81.24013481956715,-0.0035375575228785427,81.24013481956715
14,3.697478991596639,-0.01724750709505274,81.24014358431776,-0.0028727384830433134,81.24014358431776
14,3.7436974789915967,-0.013893409549477709,81.24014942911336,-0.002321441562340737,81.24014942911336
14,3.789915966386555,-0.011142808629514112,81.2401532915176,-0.001866803673116424,81.2401532915176
14,3.8361344537815127,-0.008897845404470112,81.24015582087004,-0.0014939232343407494,81.24015582087004
14,3.882352941176471,-0.007074249587390474,81.24015746232455,-0.0011897496766040128,81.24015746232455
14,3.928571428571429,-0.00559992480939675,81.24015851797692,-0.0009429506948535338,81.24015851797692
14,3.9747899159663866,-0.004413582374969166,81.24015919078361,-0.000743766046560651,81.24015919078361
14,4.0210084033613445,-0.0034634458505381077,81.24015961573744,-0.0005838551595284472,81.24015961573744
14,4.067226890756302,-0.0027060422176899968,81.2401598817364,-0.0004561443622450173,81.2401598817364
14,4.113445378151261,-0.0021050896049163714,81.24016004674618,-0.0003546782199687834,81.24016004674618
14,4.159663865546219,-0.0016304868061129685,81.24016014819234,-0.00027447827672363173,81.24016014819234
14,4.205882352941177,-0.0012574058711298797,81.24016021000287,-0.00021141147991098758,81.24016021000287
14,4.2521008403361344,-0.0009654859569086863,81.24016024732745,-0.00016206970324066788,81.24016024732745
14,4.298319327731092,-0.000738124281126705,81.2401602696651,-0.00012366108025756682,81.2401602696651
14,4.344537815126051,-0.0005618583359647319,81.24016028291445,-9.391330437594214e-05,81.24016028291445
14,4.390756302521009,-0.0004258324043201374,81.24016029070326,-7.098862773329342e-05,81.24016029070326
14,4.436974789915967,-0.0003213407808882896,81.24016029524132,-5.340998384304255e-05,81.24016029524132
14,4.483193277310924,-0.00024143984612348506,81.2401602978619,-3.999745061833773e-05,81.2401602978619
14,4.529411764705882,-0.00018062118885067008,81.2401602993618,-2.9814143669759218e-05,81.2401602993618
14,4.575630252100841,-0.00013453824842977373,81.24016030021265,-2.2120568590872774e-05,81.24016030021265
14,4.621848739495799,-9.977938464459692e-05,81.24016030069106,-1.6336450419114374e-05,81.24016030069106
14,4.668067226890757,-7.368082762180227e-05,81.24016030095767,-1.2009085528310237e-05,81.24016030095767
14,4.714285714285714,-5.4173565577873405e-05,81.24016030110492,-8.78731469754505e-06,81.24016030110492
14,4.760504201680672,-3.965885875059096e-05,81.24016030118555,-6.400286732308083e-06,81.24016030118555
14,4.806722689075631,-2.890769556693055e-05,81.24016030122932,-4.640262322177309e-06,81.24016030122932
14,4.852941176470589,-2.0980111364787596e-05,81.24016030125284,-3.34879199499706e-06,81.24016030125284
14,4.899159663865547,-1.5160856543544544e-05,81.2401603012654,-2.405685723883412e-06,81.2401603012654
14,4.945378151260504,-1.0908420803224037e-05,81.24016030127203,-1.720271863690472e-06,81.24016030127203
14,4.991596638655462,-7.81488827116813e-06,81.24016030127551,-1.2245175781300135e-06,81.24016030127551
14,5.03781512605042,-5.574513192382197e-06,81.24016030127731,-8.676505403631594e-07,81.24016030127731
14,5.084033613445379,-3.959268289740366e-06,81.24016030127824,-6.119818681797227e-07,81.24016030127824
14,5.130252100840337,-2.7999304224776136e-06,81.2401603012787,-4.2968289293705527e-07,81.2401603012787
14,5.176470588235294,-1.9715344628413667e-06,81.24016030127895,-3.0031370656430676e-07,81.24016030127895
14,5.222689075630252,-1.3822507146121787e-06,81.24016030127906,-2.0893996060964427e-07,81.24016030127906
14,5.26890756302521,-9.649283554046314e-07,81.24016030127913,-1.447067217126967e-07,81.24016030127913
14,5.315126050420169,-6.707019635197299e-07,81.24016030127916,-9.976500384754337e-08,81.24016030127916
14,5.3613445378151265,-4.64184684215672e-07,81.24016030127918,-6.846860052448776e-08,81.24016030127918
14,5.407563025210084,-3.198741918164019e-07,81.24016030127918,-4.67767110793865e-08,81.24016030127918
14,5.453781512605042,-2.1948012415062838e-07,81.24016030127918,-3.1812230984013376e-08,81.24016030127918
14,5.5,-1.4994749600794386e-07,81.24016030127919,-2.153703473059811e-08,81.24016030127919
15,0.0,0.2633085735962575,75.00661392205186,-2.9964435970636916,75.00661392205186
15,0.046218487394957986,0.259798574136588,74.89520698749799,-2.8673819790697364,74.89520698749799
15,0.09243697478991597,0.24906236172243457,74.81043339492636,-2.7264550561959475,74.81043339492636
15,0.13865546218487396,0.23019813080429952,74.75397735862059,-2.5754661635748097,74.75397735862059
15,0.18487394957983194,0.20236942258441282,74.72729752473843,-2.4163261225751143,74.72729752473843
15,0.23109243697478993,0.1648305063056359,74.73153978959608,-2.2510143840622296,74.73153978959608
15,0.2773109243697479,0.11695123028160737,74.76744669659759,-2.081539756852373,74.76744669659759
15,0.3235294117647059,0.058240570697629224,74.83527175551696,-1.9099017923838417,74.83527175551696
15,0.3697478991596639,-0.011631890183814164,74.93470739980951,-1.7380538282664677,74.93470739980951
15,0.41596638655462187,-0.09281729510202119,75.06483469201422,-1.567868590554836,75.06483469201422
15,0.46218487394957986,-0.18527233243855967,75.22410133606768,-1.4011071275195075,75.22410133606768
15,0.5084033613445378,-0.2887481438931587,75.410332224832,-1.2393916994110494,75.410332224832
15,0.5546218487394958,-0.4027838100788461,75.62077391308276,-1.0841830907970103,75.62077391308276
15,0.6008403361344539,-0.5267047786588233,75.85217140239986,-0.9367626481539126,75.85217140239986
15,0.6470588235294118,-0.65962645851614,76.10087280443652,-0.7982191871041362,76.10087280443652
15,0.6932773109243697,-0.8004630509690998,76.36295513391015,-0.6694407615464897,76.36295513391015
15,0.7394957983193278,-0.9479415320651441,76.6343628939434,-0.5511111521700531,76.6343628939434
15,0.7857142857142858,-1.100620543074326,76.91105037984393,-0.4437108132105445,76.91105037984393
15,0.8319327731092437,-1.25691379497297,77.18911874816398,-0.34752191902655216,77.18911874816398
15,0.8781512605042017,-1.4151174527678911,77.46493978069525,-0.2626370773530988,77.46493978069525
15,0.9243697478991597,-1.5734408414162528,77.73525975672412,-0.18897122180240933,77.73525975672412
15,0.9705882352941178,-1.7300397105287315,77.99727872513773,-0.12627616360810556,77.99727872513773
15,1.0168067226890756,-1.8830512155503278,78.24870252779934,-0.07415726901597686,78.24870252779934
15,1.0630252100840336,-2.030629718087378,78.48776697390701,-0.03209172992159173,78.48776697390701
15,1.1092436974789917,-2.1709824828140434,78.71323543376948,0.0005520875245583756,78.71323543376948
15,1.1554621848739497,-2.302404350509932,78.92437269200207,0.024494706232113472,78.92437269200207
15,1.2016806722689077,-2.423310498630163,79.12089909134865,0.04052546787265632,79.12089909134865
15,1.2478991596638656,-2.532266458803349,79.30292977505131,0.04948274403809716,79.30292977505131
15,1.2941176470588236,-2.628014644797881,79.47090419270216,0.05223479982727941,79.47090419270216
15,1.3403361344537816,-2.709496750024753,79.6255110025627,0.049661635538785553,79.6255110025627
15,1.3865546218487395,-2.775871498155386,79.76761313282694,0.04263808588117968,79.76761313282694
15,1.4327731092436975,-2.8265273685742898,79.89817712434376,0.03201840976814552,79.89817712434376
15,1.4789915966386555,-2.8610900663278667,80.01821004683995,0.018622558211443874,80.01821004683995
15,1.5252100840336136,-2.8794246582684018,80.12870634258516,0.003224262736946315,80.12870634258516
15,1.5714285714285716,-2.881632448524531,80.23060598588455,-0.013458957185630283,80.23060598588455
15,1.6176470588235294,-2.8680428119963857,80.32476442645593,-0.030773812206744466,80.32476442645593
15,1.6638655462184875,-2.8392003398665864,80.41193396878982,-0.04813727306012083,80.41193396878982
15,1.7100840336134455,-2.7958477715577885,80.49275557225168,-0.06504063899740586,80.49275557225168
15,1.7563025210084033,-2.7389052897548467,80.56775956365901,-0.08105170983401422,80.56775956365901
15,1.8025210084033614,-2.6694468358891896,80.63737344442018,-0.09581516262536915,80.63737344442018
15,1.8487394957983194,-2.588674161079066,80.70193484097717,-0.1090512667041903,80.70193484097717
15,1.8949579831932775,-2.497889360501855,80.76170767064515,-0.12055309991119856,80.76170767064515
15,1.9411764705882355,-2.3984666474707943,80.8168997464687,-0.13018245294215092,80.8168997464687
15,1.9873949579831933,-2.291824107738492,80.86768029072101,-0.13786462777400033,80.86768029072101
15,2.033613445378151,-2.1793961364059946,80.91419613230447,-0.14358234911854062,80.91419613230447
15,2.0798319327731094,-2.062607201425674,80.95658569563406,-0.1473690145755615,80.95658569563406
15,2.1260504201680672,-1.9428475024200047,80.99499021868783,-0.1493015094858272,80.99499021868783
15,2.1722689075630255,-1.8214510044768808,81.02956194288836,-0.14949280630734663,81.02956194288836
15,2.2184873949579833,-1.6996762280152389,81.06046928046874,-0.14808455634729079,81.06046928046874
15,2.264705882352941,-1.57869007146709,81.08789917574948,-0.14523986408595668,81.08789917574948
15,2.3109243697478994,-1.4595548375877172,81.11205703072191,-0.14113641231747565,81.11205703072191
15,2.357142857142857,-1.3432185304701179,81.1331646629624,-0.1359600806303103,81.1331646629624
15,2.4033613445378155,-1.2305083923205586,81.15145680954275,-0.12989917166037124,81.15145680954275
15,2.4495798319327733,-1.122127559776617,81.16717669143183,-0.1231393301092556,81.16717669143183
15,2.495798319327731,-1.0186546415462647,81.18057111778786,-0.11585921002074073,81.18057111778786
15,2.5420168067226894,-0.9205459542129706,81.19188554821501,-0.10822691724965239,81.19188554821501
15,2.588235294117647,-0.8281401024132684,81.20135945309009,-0.10039722749206881,81.20135945309009
15,2.634453781512605,-0.741664553766725,81.20922222633776,-0.09250955645768943,81.20922222633776
15,2.6806722689075633,-0.6612438378039798,81.21568981919134,-0.08468663840494983,81.21568981919134
15,2.726890756302521,-0.586908991043563,81.22096218363113,-0.0770338527578236,81.22096218363113
15,2.773109243697479,-0.5186078761280726,81.22522154476685,-0.06963912607337797,81.22522154476685
15,2.819327731092437,-0.4562160199960701,81.22863146517386,-0.06257332827988549,81.22863146517386
15,2.865546218487395,-0.39954764259117503,81.23133662229334,-0.05589107766824508,81.23133662229334
15,2.9117647058823533,-0.34836658158217126,81.23346319234459,-0.049631868295442416,81.23346319234459
15,2.957983193277311,-0.30239685789410764,81.23511971960049,-0.04382143580526954,81.23511971960049
15,3.004201680672269,-0.2613326694788549,81.23639834645913,-0.03847328266892491,81.23639834645913
15,3.050420168067227,-0.22484764474798258,81.23737628519922,-0.03359029093777455,81.23737628519922
15,3.096638655462185,-0.19260323069735774,81.2381174241862,-0.029166359190306412,81.2381174241862
15,3.1428571428571432,-0.16425613246120507,81.23867397724727,-0.025188009893788,81.23867397724727
15,3.189075630252101,-0.1394647596053682,81.2390881028565,-0.021635923349957897,81.2390881028565
15,3.235294117647059,-0.11789466897178569,81.23939343793589,-0.018486364309093117,81.23939343793589
15,3.281512605042017,-0.09922302365476021,81.23961650817033,-0.01571247681224497,81.23961650817033
15,3.327731092436975,-0.08314211237077163,81.23977799185501,-0.0132854315636588,81.23977799185501
15,3.3739495798319328,-0.06936199295372414,81.23989382693149,-0.011175417911911678,81.23989382693149
15,3.420168067226891,-0.057612338084011006,81.2399761608307,-0.009352479189815188,81.2399761608307
15,3.466386554621849,-0.04764357093355809,81.24003415008761,-0.007787195657093404,81.24003415008761
15,3.5126050420168067,-0.039227383619229506,81.24007462166202,-0.006451223600828171,81.24007462166202
15,3.558823529411765,-0.032156732740524996,81.2401026108338,-0.005317702323621332,81.2401026108338
15,3.6050420168067228,-0.02624540443387835,81.2401217918368,-0.004361542875707836,81.2401217918368
15,3.651260504201681,-0.021327236929064575,81.24013481744498,-0.003559613583208776,81.24013481744498
15,3.697478991596639,-0.01725508216030147,81.24014358289894,-0.0028908378250749878,81.24014358289894
15,3.7436974789915967,-0.013899580151500834,81.24014942817362,-0.002336219260067246,81.24014942817362
15,3.789915966386555,-0.011147811196171808,81.24015329090099,-0.00187880894577247,81.24015329090099
15,3.8361344537815127,-0.008901881756713692,81.24015582046921,-0.0015036276603399568,81.24015582046921
15,3.882352941176471,-0.007077490911739287,81.24015746206639,-0.001197555358628824,81.24015746206639
15,3.928571428571429,-0.005602515403698216,81.24015851781219,-0.0009491981765315516,81.24015851781219
15,3.9747899159663866,-0.004415643127424859,81.24015919067949,-0.0007487418317636552,81.24015919067949
15,4.0210084033613445,-0.003465077427565577,81.24015961567221,-0.0005877987298020318,81.24015961567221
15,4.067226890756302,-0.002707327949277971,81.24015988169592,-0.0004592546259379812,81.24015988169592
15,4.113445378151261,-0.0021060980667788956,81.24016004672129,-0.0003571193583270585,81.24016004672129
15,4.159663865546219,-0.0016312741063023231,81.24016014817718,-0.000276384977820579,81.24016014817718
15,4.205882352941177,-0.0012580176550394603,81.24016020999372,-0.0002128935712708592,81.24016020999372
15,4.2521008403361344,-0.0009659591490255581,81.24016024732197,-0.00016321620895140207,81.24016024732197
15,4.298319327731092,-0.0007384885847435095,81.24016026966184,-0.00012454373890970205,81.24016026966184
15,4.344537815126051,-0.0005621375135940378,81.24016028291254,-9.458959097427382e-05,81.24016028291254
15,4.390756302521009,-0.00042604536202783296,81.24016029070215,-7.150432646381259e-05,81.24016029070215
15,4.436974789915967,-0.00032150247940895826,81.24016029524068,-5.3801359859047965e-05,81.24016029524068
15,4.483193277310924,-0.00024156206065327913,81.24016029786155,-4.0293068401306593e-05,81.24016029786155
15,4.529411764705882,-0.00018071313801470285,81.24016029936159,-3.003637752074448e-05,81.24016029936159
15,4.575630252100841,-0.00013460711124658282,81.24016030021254,-2.2286847844991964e-05,81.24016030021254
15,4.621848739495799,-9.983072248693527e-05,81.24016030069099,-1.646027840498704e-05,81.24016030069099
15,4.668067226890757,-7.371892630119413e-05,81.24016030095763,-1.2100867403991647e-05,81.24016030095763
15,4.714285714285714,-5.4201710836576265e-05,81.24016030110491,-8.85502530926824e-06,81.24016030110491
15,4.760504201680672,-3.967955668447015e-05,81.24016030118555,-6.450005730691713e-06,81.24016030118555
15,4.806722689075631,-2.89228478639697e-05,81.24016030122931,-4.676600052736565e-06,81.24016030122931
15,4.852941176470589,-2.0991153749651183e-05,81.24016030125284,-3.375226235599008e-06,81.24016030125284
15,4.899159663865547,-1.5168867480191712e-05,81.2401603012654,-2.424826218131403e-06,81.2401603012654
15,4.945378151260504,-1.0914206327449698e-05,81.24016030127203,-1.7340668173673746e-06,81.24016030127203
15,4.991596638655462,-7.81904779893869e-06,81.24016030127551,-1.2344138476263295e-06,81.24016030127551
15,5.03781512605042,-5.577490269118588e-06,81.24016030127731,-8.747171352639518e-07,81.24016030127731
15,5.084033613445379,-3.961389498564408e-06,81.24016030127824,-6.170045933041012e-07,81.24016030127824
15,5.130252100840337,-2.8014350424921183e-06,81.2401603012787,-4.3323644069047964e-07,81.2401603012787
15,5.176470588235294,-1.9725969478015816e-06,81.24016030127895,-3.0281624816347265e-07,81.24016030127895
15,5.222689075630252,-1.3829976340254879e-06,81.24016030127906,-2.106942434718193e-07,81.24016030127906
15,5.26890756302521,-9.654510910032264e-07,81.24016030127913,-1.4593082975604348e-07,81.24016030127913
15,5.315126050420169,-6.710661720197316e-07,81.24016030127916,-1.0061524914713649e-07,81.24016030127916
15,5.3613445378151265,-4.644373113370832e-07,81.24016030127918,-6.905646270597119e-08,81.24016030127918
15,5.407563025210084,-3.200486429997322e-07,81.24016030127918,-4.7181301814427245e-08,81.24016030127918
15,5.453781512605042,-2.1960005585403227e-07,81.24016030127918,-3.208941469835496e-08,81.24016030127918
15,5.5,-1.5002958071284894e-07,81.24016030127919,-2.1726065713183255e-08,81.24016030127919
16,0.0,0.26306685007305736,75.00642433433633,-2.9914455307295813,75.00642433433633
16,0.046218487394957986,0.2594448095304558,74.89502787705649,-2.862906330346929,74.89502787705649
16,0.09243697478991597,0.2486089744081843,74.81026341885106,-2.7224758076721964,74.81026341885106
16,0.13865546218487396,0.22965826385470933,74.7538154102353,-2.5719507620054918,74.7538154102353
16,0.18487394957983194,0.20175663826093881,74.72714274638771,-2.4132365893076893,74.72714274638771
16,0.23109243697478993,0.16415848434099978,74.7313915656242,-2.2483085355907546,74.7313915656242
16,0.2773109243697479,0.11623347837181441,74.76730462974488,-2.0791724932003035,74.76730462974488
16,0.3235294117647059,0.057490154826668416,74.83513563094584,-1.9078264096633584,74.83513563094584
16,0.3697478991596639,-0.01240258899574087,74.9345771415033,-1.7362233122094857,74.9345771415033
16,0.41596638655462187,-0.09359679224935924,75.06471031635614,-1.5662368499860317,75.06471031635614
16,0.46218487394957986,-0.18605021533734778,75.22398290701291,-1.3996301304967957,75.22398290701291
16,0.5084033613445378,-0.2895152090919879,75.4102198143168,-1.2380284798719146,75.4102198143168
16,0.5546218487394958,-0.40353216061006236,75.62066756928066,-1.0828965997352054,75.62066756928066
16,0.6008403361344539,-0.5274278816956119,75.85207112727358,-0.9355204302942504,75.85207112727358
16,0.6470588235294118,-0.6603191646230879,76.10077854088753,-0.7969938713923987,76.10077854088753
16,0.6932773109243697,-0.8011215773106493,76.3628667618333,-0.6682103611878354,76.3628667618333
16,0.7394957983193278,-0.9485634128390981,76.63428023372715,-0.5498591770965673,76.63428023372715
16,0.7857142857142858,-1.1012045511483297,76.91097320138928,-0.442426204440836,76.91097320138928
16,0.8319327731092437,-1.2574598392147625,77.18904678331648,-0.3461988201480848,77.18904678331648
16,0.8781512605042017,-1.4156264558764464,77.46487273707704,-0.26127446311404157,77.46487273707704
16,0.9243697478991597,-1.5739146031918665,77.73519733123865,-0.18757240741204573,77.73519733123865
16,0.9705882352941178,-1.7304807614831823,77.9972206158477,-0.12484822074904756,77.9972206158477
16,1.0168067226890756,-1.8834626655742965,78.24864844334024,-0.07271037575918493,78.24864844334024
16,1.0630252100840336,-2.031015104587046,78.48771664007263,-0.030638481763695862,78.48771664007263
16,1.1092436974789917,-2.171345622327025,78.71318859728939,0.0019973793120153793,78.71318859728939
16,1.1554621848739497,-2.3027491973386254,78.92432912183753,0.02591670469464269,78.92432912183753
16,1.2016806722689077,-2.4236410135108617,79.12085857802455,0.041908467346646106,79.12085857802455
16,1.2478991596638656,-2.532586490084787,79.30289212862866,0.0508112756888055,79.30289212862866
16,1.2941176470588236,-2.6283278240504693,79.47086923999382,0.05349417103741505,79.47086923999382
16,1.3403361344537816,-2.7098064034576748,79.62547858411932,0.050838392212993355,79.62547858411932
16,1.3865546218487395,-2.7761805746952763,79.7675831001117,0.04372039051214216,79.7675831001117
16,1.4327731092436975,-2.8268383849657166,79.89814933737371,0.03299633173685379,79.89814933737371
16,1.4789915966386555,-2.861405069159778,80.01818437243924,0.019488276144173255,80.01818437243924
16,1.5252100840336136,-2.8797452024178654,80.12868265327923,0.003972181711452194,80.12868265327923
16,1.5714285714285716,-2.8819595911425075,80.23058415937085,-0.0128321682670407,80.23058415937085
16,1.6176470588235294,-2.868377120844407,80.32474434552536,-0.030269255724356015,80.32474434552536
16,1.6638655462184875,-2.8395419145483487,80.4119155215451,-0.04775392137732659,80.4119155215451
16,1.7100840336134455,-2.796196275979309,80.49273865245988,-0.06477548682933154,80.49273865245988
16,1.7563025210084033,-2.7392599939904407,80.56774407110015,-0.08089996978771019,80.56774407110015
16,1.8025210084033614,-2.66980666552929,80.63735928511772,-0.0957704932701322,80.63735928511772
16,1.8487394957983194,-2.5890377520890198,80.70192192723981,-0.10910602275876613,80.70192192723981
16,1.8949579831932775,-2.498255117627746,80.76169592089,-0.12069859467854371,80.76169592089
16,1.9411764705882355,-2.39883280428527,80.81688908482823,-0.13040922391881793,80.81688908482823
16,1.9873949579831933,-2.2921887865250206,80.86767064647182,-0.13816269734996922,80.86767064647182
16,2.033613445378151,-2.179757406227587,80.91418743917086,-0.14394147340393637,80.91418743917086
16,2.0798319327731094,-2.0629631329082905,80.95657789103424,-0.14777891458928316,80.95657789103424
16,2.1260504201680672,-1.943196217995819,80.99498324298979,-0.14975208016733887,80.99498324298979
16,2.1722689075630255,-1.8217907230684283,81.02955573873801,-0.14997430002489054,81.02955573873801
16,2.2184873949579833,-1.7000053033916096,81.06046379223837,-0.14858773873564246,81.06046379223837
16,2.264705882352941,-1.5790070237575904,81.08789434914054,-0.1457561411267303,81.08789434914054
16,2.3109243697478994,-1.4598583776892085,81.11205281253709,-0.1416579285508348,81.11205281253709
16,2.357142857142857,-1.3435075773224732,81.13316100104574,-0.13647978924233506,81.13316100104574
16,2.4033613445378155,-1.230782083243902,81.15145365287103,-0.13041087791508055,81.15145365287103
16,2.4495798319327733,-1.1223852542572228,81.1671739903292,-0.12363771018209846,81.1671739903292
16,2.495798319327731,-1.01889591902086,81.18056882422734,-0.11633980774138841,81.18056882422734
16,2.5420168067226894,-0.9207706065303487,81.19188361616911,-0.10868612157912239,81.19188361616911
16,2.588235294117647,-0.8283481217455577,81.20135783889208,-0.10083223375009531,81.20135783889208
16,2.634453781512605,-0.7418561168006477,81.20922088901858,-0.09291831439063802,81.20922088901858
16,2.6806722689075633,-0.6614192870660283,81.21568872076531,-0.0850677901553194,81.21568872076531
16,2.726890756302521,-0.5870688142049385,81.2209612893099,-0.0773866636772107,81.2209612893099
16,2.773109243697479,-0.5187526840990078,81.22522082309025,-0.06996341112754045,81.22522082309025
16,2.819327731092437,-0.4563465245596037,81.22863088805336,-0.06286937654276947,81.22863088805336
16,2.865546218487395,-0.399664634248027,81.23133616497182,-0.05615957710747299,81.23133616497182
16,2.9117647058823533,-0.3484709081867825,81.2334628332808,-0.04987383273023749,81.2334628332808
16,2.957983193277311,-0.3024894045618378,81.2351194402905,-0.044038135583148286,81.2351194402905
16,3.004201680672269,-0.261414340141112,81.23639813120982,-0.038666180272887374,81.23639813120982
16,3.050420168067227,-0.22491934562956306,81.23737612086876,-0.03376098241209391,81.23737612086876
16,3.096638655462185,-0.1926658558928751,81.23811729990652,-0.029316521969970477,81.23811729990652
16,3.1428571428571432,-0.1643105516975809,81.23867388414153,-0.025319357347198146,81.23867388414153
16,3.189075630252101,-0.13951180819789188,81.23908803376271,-0.021750166102097568,81.23908803376271
16,3.235294117647059,-0.11793513991327575,81.23939338714543,-0.018585178206215414,81.23939338714543
16,3.281512605042017,-0.09925766172196937,81.23961647118725,-0.015797477220771183,81.23961647118725
16,3.327731092436975,-0.0831716100894564,81.23977796518022,-0.013358153565171449,81.23977796518022
16,3.3739495798319328,-0.06938698823333089,81.23989380787354,-0.011237301861359406,81.23989380787354
16,3.420168067226891,-0.05763341331393934,81.2399761473432,-0.009404861042663692,81.2399761473432
16,3.466386554621849,-0.04766125332418936,81.24003414063243,-0.00783130143962496,81.24003414063243
16,3.5126050420168067,-0.03924214657099323,81.24007461509608,-0.006488167392060373,81.24007461509608
16,3.558823529411765,-0.032168998031645635,81.24010260631715,-0.005348487133022217,81.24010260631715
16,3.6050420168067228,-0.02625554503054295,81.24012178875903,-0.004387063833597715,81.24012178875903
16,3.651260504201681,-0.021335580239038032,81.24013481536737,-0.0035806629061427286,81.24013481536737
16,3.697478991596639,-0.017261913571072374,81.24014358150961,-0.0029081110726125736,81.24014358150961
16,3.7436974789915967,-0.013905146715594119,81.24014942725324,-0.002350322458524595,81.24014942725324
16,3.789915966386555,-0.011152325348231684,81.24015329029696,-0.0018902662157231354,81.24015329029696
16,3.8361344537815127,-0.008905524968430473,81.24015582007648,-0.0015128890451775456,81.24015582007648
16,3.882352941176471,-0.007080417210986789,81.24015746181342,-0.001205004609390381,81.24015746181342
16,3.928571428571429,-0.005604854702843054,81.24015851765077,-0.0009551603018572163,81.24015851765077
16,3.9747899159663866,-0.004417504322336424,81.24015919057742,-0.000753490270297752,81.24015919057742
16,4.0210084033613445,-0.0034665512432095896,81.24015961560828,-0.0005915620448891101,81.24015961560828
16,4.067226890756302,-0.0027084895198658115,81.24015988165625,-0.0004622226588824191,81.24015988165625
16,4.113445378151261,-0.0021070092483170544,81.24016004669689,-0.0003594488068057247,81.24016004669689
16,4.159663865546219,-0.0016319855271702613,81.2401601481623,-0.00027820439053560797,81.2401601481623
16,4.205882352941177,-0.0012585705161019187,81.24016020998474,-0.0002143077690506187,81.24016020998474
16,4.2521008403361344,-0.0009663867889779312,81.2401602473166,-0.00016431015680404976,81.2401602473166
16,4.298319327731092,-0.0007388178291293304,81.24016026965866,-0.0001253859036235254,81.24016026965866
16,4.344537815126051,-0.0005623898274637676,81.24016028291067,-9.523482538297684e-05,81.24016028291067
16,4.390756302521009,-0.0004262378267561994,81.24016029070106,-7.199632507861806e-05,81.24016029070106
16,4.436974789915967,-0.0003216486139706737,81.24016029524006,-5.417473180731932e-05,81.24016029524006
16,4.483193277310924,-0.00024167250686574823,81.2401602978612,-4.0575073041176565e-05,81.2401602978612
16,4.529411764705882,-0.00018079622805986136,81.24016029936139,-3.0248366200720436e-05,81.24016029936139
16,4.575630252100841,-0.00013466933432464785,81.24016030021242,-2.2445452454872457e-05,81.24016030021242
16,4.621848739495799,-9.987710584919004e-05,81.24016030069093,-1.6578383960336564e-05,81.24016030069093
16,4.668067226890757,-7.375334424991782e-05,81.2401603009576,-1.2188402195835012e-05,81.2401603009576
16,4.714285714285714,-5.4227133638657006e-05,81.2401603011049,-8.9195983484819e-06,81.2401603011049
16,4.760504201680672,-3.969824977294702e-05,81.24016030118554,-6.4974174838335844e-06,81.24016030118554
16,4.806722689075631,-2.8936530234183514e-05,81.24016030122931,-4.711248917883175e-06,81.24016030122931
16,4.852941176470589,-2.1001123115876636e-05,81.24016030125284,-3.400429919312364e-06,81.24016030125284
16,4.899159663865547,-1.5176098555732523e-05,81.24016030126539,-2.4430741930295177e-06,81.24016030126539
16,4.945378151260504,-1.091942752921778e-05,81.24016030127203,-1.7472173842365292e-06,81.24016030127203
16,4.991596638655462,-7.822800753249997e-06,81.24016030127551,-1.243846998422247e-06,81.24016030127551
16,5.03781512605042,-5.5801757013535425e-06,81.24016030127731,-8.814524021537507e-07,81.24016030127731
16,5.084033613445379,-3.963302415184951e-06,81.24016030127824,-6.217913534793614e-07,81.24016030127824
16,5.130252100840337,-2.8027915478661704e-06,81.2401603012787,-4.366227009135521e-07,81.2401603012787
16,5.176470588235294,-1.9735545679115066e-06,81.24016030127895,-3.052007279426679e-07,81.24016030127895
16,5.222689075630252,-1.3836706320654208e-06,81.24016030127906,-2.1236558171945226e-07,81.24016030127906
16,5.26890756302521,-9.659219442882075e-07,81.24016030127913,-1.4709692783460127e-07,81.24016030127913
16,5.315126050420169,-6.713941246031191e-07,81.24016030127916,-1.014251061566865e-07,81.24016030127916
16,5.3613445378151265,-4.6466471238498905e-07,81.24016030127918,-6.961633188694703e-08,81.24016030127918
16,5.407563025210084,-3.2020561856490297e-07,81.24016030127918,-4.756657788687184e-08,81.24016030127918
16,5.453781512605042,-2.197079336343655e-07,81.24016030127918,-3.2353331466678e-08,81.24016030127918
16,5.5,-1.501033871766853e-07,81.24016030127919,-2.1906024689452624e-08,81.24016030127919
17,0.0,0.26306043420484193,75.00625053678661,-2.9865491864551896,75.00625053678661
17,0.046218487394957986,0.25932629404998986,74.89486331263906,-2.858506786704371,74.89486331263906
17,0.09243697478991597,0.24838959435164476,74.81010681492705,-2.7185489673528362,74.81010681492705
17,0.13865546218487396,0.22935010434603598,74.75366574170361,-2.5684662132962552,74.75366574170361
17,0.18487394957983194,0.20137233966548784,74.72699924367572,-2.410158662559308,74.72699924367572
17,0.23109243697478993,0.16371094625730187,74.7312537033654,-2.24559746843733,74.7312537033654
17,0.2773109243697479,0.11573557105950982,74.76717209958369,-2.076785663819855,74.76717209958369
17,0.3235294117647059,0.05695444606497624,74.83500830280072,-1.9057195959368185,74.83500830280072
17,0.3697478991596639,-0.01296408449594999,74.93445501806458,-1.7343519349494283,74.93445501806458
17,0.41596638655462187,-0.09417283484605043,75.064593485569,-1.5645571604079151,75.064593485569
17,0.46218487394957986,-0.1866305290874699,75.2238714968416,-1.398100305654383,75.2238714968416
17,0.5084033613445378,-0.29009063357940157,75.41011395327598,-1.2366095946624345,75.41011395327598
17,0.5546218487394958,-0.40409476392994925,75.62056735516822,-1.0815534500273927,75.62056735516822
17,0.6008403361344539,-0.5279710339249153,75.85197660538846,-0.934222188434763,75.85197660538846
17,0.6470588235294118,-0.6608375724037732,76.10068969189733,-0.7957145624630222,76.10068969189733
17,0.6932773109243697,-0.8016112813513132,76.36278349849553,-0.6669291555878232,76.36278349849553
17,0.7394957983193278,-0.9490217511637162,76.63420240495074,-0.5485605019790132,76.63420240495074
17,0.7857142857142858,-1.1016300917621145,76.91090060168645,-0.4410996829530083,76.91090060168645
17,0.8319327731092437,-1.2578522865016595,77.18897916555561,-0.3448390530607002,77.18897916555561
17,0.8781512605042017,-1.4159865354843362,77.4648098265506,-0.25988067208552756,77.4648098265506
17,0.9243697478991597,-1.574243930404248,77.73513883936778,-0.18614796268091727,77.73513883936778
17,0.9705882352941178,-1.7307816981323105,77.99716625225787,-0.12340007842224354,77.99716625225787
17,1.0168067226890756,-1.883738170437989,78.248597925509,-0.07124845104938693,78.248597925509
17,1.0630252100840336,-2.031268581953036,78.48766970020299,-0.029174984583292922,78.48766970020299
17,1.1092436974789917,-2.171580773030319,78.71314498643247,0.003448620976198802,78.71314498643247
17,1.1554621848739497,-2.3029698761060122,78.92428861158943,0.027340910078512692,78.92428861158943
17,1.2016806722689077,-2.423851095908627,79.12082096029405,0.04329053594043586,79.12082096029405
17,1.2478991596638656,-2.5327897517869866,79.30285721405927,0.05213637021754103,79.30285721405927
17,1.2941176470588236,-2.628527834547736,79.470836855615,0.05474823611751667,79.470836855615
17,1.3403361344537816,-2.710006435731314,79.62544857073509,0.052008598094649194,79.62544857073509
17,1.3865546218487395,-2.776383531805072,79.76755530982,0.04479549500393265,79.76755530982
17,1.4327731092436975,-2.8270467439559095,79.89812363148296,0.033966956946100524,79.89812363148296
17,1.4789915966386555,-2.86162084218717,80.01816061992055,0.020347099931012025,80.01816061992055
17,1.5252100840336136,-2.8799699145567796,80.12866072978066,0.004714046648407688,80.12866072978066
17,1.5714285714285716,-2.8821942739289987,80.23056394673365,-0.012210223182979263,80.23056394673365
17,1.6176470588235294,-2.8686223202900507,80.32472573168606,-0.029768033384353743,80.32472573168606
17,1.6638655462184875,-2.839797712084721,80.41189840067821,-0.047372166191870235,80.41189840067821
17,1.7100840336134455,-2.7964623205873735,80.49272292521682,-0.0645100359739672,80.49272292521682
17,1.7563025210084033,-2.739535543624992,80.56772964481056,-0.08074594581940531,80.56772964481056
17,1.8025210084033614,-2.670090635864799,80.6373460738599,-0.09572152774665987,80.6373460738599
17,1.8487394957983194,-2.5893287705877768,80.70190985171647,-0.10915450073457933,80.70190985171647
17,1.8949579831932775,-2.498551580960143,80.76168490808689,-0.12083591049787401,80.76168490808689
17,1.9411764705882355,-2.399132937211437,80.8168790674697,-0.13062603951949825,80.8168790674697
17,1.9873949579831933,-2.2924907004713333,80.86766156231174,-0.13844919526835398,80.86766156231174
17,2.033613445378151,-2.180059155954538,80.91417923017849,-0.14428759777436362,80.91417923017849
17,2.0798319327731094,-2.0632627698621313,80.95657050254209,-0.14817459460671678,80.95657050254209
17,2.1260504201680672,-1.9434918391558291,80.99497662287304,-0.15018743168071147,80.99497662287304
17,2.1722689075630255,-1.8220805143389747,81.02954983668519,-0.15043980210916885,81.02954983668519
17,2.2184873949579833,-1.700287576833432,81.06045855916081,-0.14907438321827549,81.06045855916081
17,2.264705882352941,-1.5792802481989767,81.08788973675291,-0.14625555408953872,81.08788973675291
17,2.3109243697478994,-1.4601212024966408,81.11204877312218,-0.14216246377046282,81.11204877312218
17,2.357142857142857,-1.3437588493351562,81.13315748739788,-0.13698259435559734,81.13315748739788
17,2.4033613445378155,-1.2310208570805443,81.15145061840181,-0.13090593478922585,81.15145061840181
17,2.4495798319327733,-1.122610796382034,81.16717138930254,-0.12411985153086569,81.16717138930254
17,2.495798319327731,-1.0191077061043927,81.1805666120893,-0.11680471245435875,81.1805666120893
17,2.5420168067226894,-0.9209683187575219,81.19188174992935,-0.10913029152947473,81.19188174992935
17,2.588235294117647,-0.8285316318064062,81.20135627751843,-0.10125295502092335,81.20135627751843
17,2.634453781512605,-0.7420254753496902,81.20921959380978,-0.09331360592329307,81.20921959380978
17,2.6806722689075633,-0.6615747054547203,81.21568765567203,-0.0854363427868643,81.21568765567203
17,2.726890756302521,-0.5872106452814609,81.22096042118385,-0.07772777241218698,81.22096042118385
17,2.773109243697479,-0.5188814018338679,81.22522012184898,-0.07027690329663905,81.22522012184898
17,2.819327731092437,-0.45646270319847204,81.22863032675617,-0.06315553825319231,81.22863032675617
17,2.865546218487395,-0.39976892761951444,81.23133571980985,-0.056419080102010355,81.23133571980985
17,2.9117647058823533,-0.3485640297071102,81.23346248348935,-0.05010766345911488,81.23346248348935
17,2.957983193277311,-0.30257210838539983,81.23511916799617,-0.04424752796813092,81.23511916799617
17,3.004201680672269,-0.2614874038099737,81.23639792122688,-0.03885255331935422,81.23639792122688
17,3.050420168067227,-0.22498355448023855,81.23737596046007,-0.03392588351250447,81.23737596046007
17,3.096638655462185,-0.19272198938840468,81.23811717852378,-0.02946157645004366,81.23811717852378
17,3.1428571428571432,-0.16435937176996163,81.23867379315828,-0.025446224541233242,81.23867379315828
17,3.189075630252101,-0.1395540496122325,81.23908796621129,-0.021860502011133764,81.23908796621129
17,3.235294117647059,-0.1179715026021868,81.2393933374665,-0.018680604595083583,81.2393933374665
17,3.281512605042017,-0.09928880498721959,81.23961643499855,-0.01587955684903264,81.23961643499855
17,3.327731092436975,-0.08319814852817076,81.23977793906845,-0.013428371122091054,81.23977793906845
17,3.3739495798319328,-0.0694094892174566,81.23989378921125,-0.011297050084957627,81.23989378921125
17,3.420168067226891,-0.057652395833692305,81.2399761341314,-0.009455431444846063,81.2399761341314
17,3.466386554621849,-0.047677187997611004,81.24003413136774,-0.007873879030061537,81.24003413136774
17,3.5126050420168067,-0.03925545662129182,81.24007460866065,-0.006523828788884245,81.24007460866065
17,3.558823529411765,-0.032180061040288366,81.24010260188913,-0.0053782014643564136,81.24010260188913
17,3.6050420168067228,-0.02626469528566444,81.24012178574094,-0.004411695866124943,81.24012178574094
17,3.651260504201681,-0.021343111514219748,81.24013481332962,-0.003600977881262457,81.24013481332962
17,3.697478991596639,-0.017268082187660627,81.24014358014668,-0.0029247807833210904,81.24014358014668
17,3.7436974789915967,-0.013910174761262883,81.2401494263502,-0.002363932157564669,81.2401494263502
17,3.789915966386555,-0.01115640394448103,81.24015328970421,-0.0019013220047684465,81.24015328970421
17,3.8361344537815127,-0.008908817499299726,81.24015581969103,-0.0015218254533752862,81.24015581969103
17,3.882352941176471,-0.007083062443822397,81.24015746156512,-0.0012121921255091317,81.24015746156512
17,3.928571428571429,-0.005606969749011065,81.24015851749229,-0.0009609126761189329,81.24015851749229
17,3.9747899159663866,-0.0044191874009964355,81.24015919047721,-0.0007580714486982026,81.24015919047721
17,4.0210084033613445,-0.0034678842244967173,81.2401596155455,-0.0005951926398485574,81.2401596155455
17,4.067226890756302,-0.0027095402350020836,81.24015988161727,-0.00046508589517062215,81.24015988161727
17,4.113445378151261,-0.0021078335633305453,81.24016004667293,-0.0003616959108959164,81.24016004667293
17,4.159663865546219,-0.0016326291841529117,81.24016014814771,-0.0002799594151367858,81.24016014814771
17,4.205882352941177,-0.0012590707514455735,81.24016020997593,-0.00021567186296771873,81.24016020997593
17,4.2521008403361344,-0.0009667737419914828,81.24016024731132,-0.0001653653040256317,81.24016024731132
17,4.298319327731092,-0.0007391157570690934,81.24016026965553,-0.0001261981652310052,81.24016026965553
17,4.344537815126051,-0.000562618144521394,81.24016028290883,-9.585712413191436e-05,81.24016028290883
17,4.390756302521009,-0.00042641198515399985,81.24016029069999,-7.247081592835249e-05,81.24016029069999
17,4.436974789915967,-0.0003217808452080726,81.24016029523943,-5.453480284069948e-05,81.24016029523943
17,4.483193277310924,-0.00024177244051945893,81.24016029786084,-4.084702064221634e-05,81.24016029786084
17,4.529411764705882,-0.00018087140451831553,81.2401602993612,-3.0452786504190157e-05,81.2401602993612
17,4.575630252100841,-0.00013472562656491674,81.24016030021231,-2.25983883419263e-05,81.24016030021231
17,4.621848739495799,-9.991906394954918e-05,81.24016030069086,-1.669226357645516e-05,81.24016030069086
17,4.668067226890757,-7.378447485921003e-05,81.24016030095756,-1.2272801376573628e-05,81.24016030095756
17,4.714285714285714,-5.425012516037733e-05,81.24016030110488,-8.981855661455455e-06,81.24016030110488
17,4.760504201680672,-3.9715152615736734e-05,81.24016030118553,-6.54312698734655e-06,81.24016030118553
17,4.806722689075631,-2.8948900164548147e-05,81.2401603012293,-4.744652308046006e-06,81.2401603012293
17,4.852941176470589,-2.101013454424436e-05,81.24016030125284,-3.424726561817139e-06,81.24016030125284
17,4.899159663865547,-1.5182633504552288e-05,81.24016030126539,-2.4606646560462655e-06,81.24016030126539
17,4.945378151260504,-1.0924145074882384e-05,81.24016030127203,-1.7598935246305547e-06,81.24016030127203
17,4.991596638655462,-7.826190899919003e-06,81.24016030127551,-1.252939406230655e-06,81.24016030127551
17,5.03781512605042,-5.582600927834879e-06,81.24016030127731,-8.879440667094849e-07,81.24016030127731
17,5.084033613445379,-3.96502952695821e-06,81.24016030127824,-6.264047587536172e-07,81.24016030127824
17,5.130252100840337,-2.804015954610499e-06,81.2401603012787,-4.3988616223968513e-07,81.2401603012787
17,5.176470588235294,-1.9744186814589195e-06,81.24016030127895,-3.074986192991248e-07,81.24016030127895
17,5.222689075630252,-1.3842777294576625e-06,81.24016030127906,-2.1397614350226126e-07,81.24016030127906
17,5.26890756302521,-9.663465549647253e-07,81.24016030127913,-1.4822056157355148e-07,81.24016030127913
17,5.315126050420169,-6.716897698476652e-07,81.24016030127916,-1.0220542866694808e-07,81.24016030127916
17,5.3613445378151265,-4.648696401053103e-07,81.24016030127918,-7.015575291928929e-08,81.24016030127918
17,5.407563025210084,-3.2034702938674884e-07,81.24016030127918,-4.7937761063347975e-08,81.24016030127918
17,5.453781512605042,-2.198050782961244e-07,81.24016030127918,-3.260757947035907e-08,81.24016030127918
17,5.5,-1.5016982444262943e-07,81.24016030127919,-2.2079380248571054e-08,81.24016030127919
18,0.0,0.26323264795118717,75.00609059829718,-2.981658671282978,75.00609059829718
18,0.046218487394957986,0.25938747327218414,74.89471153007922,-2.854089927737645,74.89471153007922
18,0.09243697478991597,0.2483499695736726,74.80996197863648,-2.71458384336758,74.80996197863648
18,0.13865546218487396,0.22922084399778164,74.7535268984547,-2.564924744653673,74.7535268984547
18,0.18487394957983194,0.20116526591646533,74.72686570058274,-2.4070076144913344,74.72686570058274
18,0.23109243697478993,0.1634382458993464,74.73112501294655,-2.2427995635853684,74.73112501294655
18,0.2773109243697479,0.11540951010569067,74.76704802958778,-2.0743007647156,74.76704802958778
18,0.3235294117647059,0.056587096279924864,74.83488879522473,-1.9035059165387054,74.83488879522473
18,0.3697478991596639,-0.013361099659357834,74.93434014215097,-1.7323672404840664,74.93434014215097
18,0.41596638655462187,-0.09458856841340513,75.06448338947955,-1.5627599165632375,75.06448338947955
18,0.46218487394957986,-0.18705490751981024,75.22376636219393,-1.3964507415004839,75.22376636219393
18,0.5084033613445378,-0.29051461851696025,75.41001395588619,-1.2350706483360465,75.41001395588619
18,0.5546218487394958,-0.40451047610067725,75.6204726342778,-1.0800915719425603,75.6204726342778
18,0.6008403361344539,-0.5283718379881197,75.85188724251849,-0.9328079832775806,75.85188724251849
18,0.6470588235294118,-0.6612181228443017,76.1006056993727,-0.7943232581574229,76.1006056993727
18,0.6932773109243697,-0.8019675307881453,76.36270481676068,-0.665540894457723,76.36270481676068
18,0.7394957983193278,-0.949350923544797,76.63412890711241,-0.5471604561528896,76.63412890711241
18,0.7857142857142858,-1.101930623852665,76.91083210332691,-0.43967800237230037,76.91083210332691
18,0.8319327731092437,-1.2581237418139608,77.18891543773344,-0.3433906600155794,77.18891543773344
18,0.8781512605042017,-1.4162294953315628,77.46475061004593,-0.25840492081488886,77.46475061004593
18,0.9243697478991597,-1.574459867087577,77.73508385852027,-0.18464818610463984,77.73508385852027
18,0.9705882352941178,-1.730972835397857,77.99711522717901,-0.12188304645015346,77.99711522717901
18,1.0168067226890756,-1.8839073362823782,78.24855058190063,-0.06972376612334563,78.24855058190063
18,1.0630252100840336,-2.0314190586360903,78.48762577644274,-0.027654440202300866,78.48762577644274
18,1.1092436974789917,-2.171716148795031,78.71310423797456,0.004951693927389256,78.71310423797456
18,1.1554621848739497,-2.30309390263843,78.92425081298161,0.028812286192592573,78.92425081298161
18,1.2016806722689077,-2.4239675550215134,79.12078590530508,0.04471570688024462,79.12078590530508
18,1.2478991596638656,-2.5329023342100347,79.30282471447424,0.05350110765737881,79.30282471447424
18,1.2941176470588236,-2.6286400330792254,79.47080673925495,0.0560390920928473,79.47080673925495
18,1.3403361344537816,-2.7101214543755123,79.62542067918534,0.053213332432280325,79.62542067918534
18,1.3865546218487395,-2.776504211906447,79.76752949624404,0.04590342312149431,79.76752949624404
18,1.4327731092436975,-2.827175507762375,79.898099758776,0.03496921478068238,79.898099758776
18,1.4789915966386555,-2.861759653743377,80.01813855933415,0.021236825958498073,80.01813855933415
18,1.5252100840336136,-2.8801202573544806,80.12864036004206,0.005486483788974539,80.12864036004206
18,1.5714285714285716,-2.882357144332037,80.23054515360504,-0.011557700576670271,80.23054515360504
18,1.6176470588235294,-2.8687982354104236,80.32470840785281,-0.029235960333911848,80.32470840785281
18,1.6638655462184875,-2.8399867305145214,80.411882445832,-0.04695908713383368,80.411882445832
18,1.7100840336134455,-2.7966640741902964,80.49270824619619,-0.0642126545140993,80.49270824619619
18,1.7563025210084033,-2.7397492784569515,80.56771615568337,-0.08055931417260176,80.56771615568337
18,1.8025210084033614,-2.670315260224598,80.63733369585601,-0.09563926573613912,80.63733369585601
18,1.8487394957983194,-2.5895629081898868,80.70189851296323,-0.10916903448332427,80.70189851296323
18,1.8949579831932775,-2.4987936272683022,80.7616745431291,-0.12093872150296114,80.7616745431291
18,1.9411764705882355,-2.399381117067751,80.81686961659584,-0.13080791559557703,80.81686961659584
18,1.9873949579831933,-2.292743125294326,80.86765297072797,-0.13870047581849576,80.86765297072797
18,2.033613445378151,-2.1803138789539496,80.91417144709379,-0.14459840693797865,80.91417144709379
18,2.0798319327731094,-2.0635178379208376,80.95656348023364,-0.1485350569903634,80.95656348023364
18,2.1260504201680672,-1.9437453402526295,80.99497031579885,-0.15058786655224132,80.99497031579885
18,2.1722689075630255,-1.8223306196215212,81.02954420070681,-0.1508708930873528,81.02954420070681
18,2.2184873949579833,-1.7005325766914083,81.06045355092017,-0.14952732158446302,81.06045355092017
18,2.264705882352941,-1.579518581925555,81.08788531323475,-0.14672215485890483,81.08788531323475
18,2.3109243697478994,-1.460351481354742,81.11204489141114,-0.1426352545664713,81.11204489141114
18,2.357142857142857,-1.3439798730574957,81.13315410462745,-0.13745487791928035,81.13315410462745
18,2.4033613445378155,-1.2312316240236711,81.15144769187103,-0.1313718266152346,81.15144769187103
18,2.4495798319327733,-1.1228105077201782,81.16716887673121,-0.12457429465203518,81.16716887673121
18,2.495798319327731,-1.0192957645856868,81.18056447197064,-0.11724347179650607,81.18056447197064
18,2.5420168067226894,-0.921144322651184,81.19187994193909,-0.10954993053279338,81.19187994193909
18,2.588235294117647,-0.8286953647441884,81.2013547629391,-0.10165079738180616,81.2013547629391
18,2.634453781512605,-0.742176892808688,81.20921833593356,-0.0936876853608819,81.20921833593356
18,2.6806722689075633,-0.6617139186430965,81.21568662015315,-0.08578534369448754,81.21568662015315
18,2.726890756302521,-0.5873379031767101,81.2209595763182,-0.07805096412883117,81.2209595763182
18,2.773109243697479,-0.5189970720877408,81.22521943876836,-0.07057407054237252,81.22521943876836
18,2.819327731092437,-0.4565672525680293,81.22862977953251,-0.06342691002956258,81.22862977953251
18,2.865546218487395,-0.3998629025137852,81.23133528547162,-0.056665259078828356,81.23133528547162
18,2.9117647058823533,-0.34864803735825767,81.23346214195834,-0.05032955756647173,81.23346214195834
18,2.957983193277311,-0.30264679906614145,81.23511890195695,-0.04444628560009134,81.23511890195695
18,3.004201680672269,-0.26155345442946665,81.23639771594316,-0.039029503244977004,81.23639771594316
18,3.050420168067227,-0.22504165380226748,81.2373758035535,-0.03408248029090677,81.2373758035535
18,3.096638655462185,-0.1927728250316365,81.23811705972997,-0.029599351867154677,81.23811705972997
18,3.1428571428571432,-0.16440361907275847,81.23867370407334,-0.025566745333305274,81.23867370407334
18,3.189075630252101,-0.13959236237594475,81.2390879000403,-0.021965333918450014,81.2390879000403
18,3.235294117647059,-0.11800450566820597,81.2393932887831,-0.018771282601478978,81.2393932887831
18,3.281512605042017,-0.0993170885550767,81.23961639952186,-0.015957561309958512,81.23961639952186
18,3.327731092436975,-0.08322226408472622,81.2397779134616,-0.013495109365671887,81.2397779134616
18,3.3739495798319328,-0.06942994692039028,81.23989377090403,-0.011353842985361684,81.23989377090403
18,3.420168067226891,-0.05766966317541389,81.2399761211672,-0.009503504412655794,81.2399761211672
18,3.466386554621849,-0.04769168956735559,81.24003412227422,-0.007914356837011471,81.24003412227422
18,3.5126050420168067,-0.03926757478232734,81.24007460234256,-0.006557733640532137,81.24007460234256
18,3.558823529411765,-0.032190137344643155,81.24010259754088,-0.005406453749923712,81.24010259754088
18,3.6050420168067228,-0.0262730324591528,81.24012178277661,-0.004435117045854808,81.24012178277661
18,3.651260504201681,-0.021349975858613535,81.24013481132778,-0.003620295014241548,81.24013481132778
18,3.697478991596639,-0.017273706263353006,81.24014357880752,-0.0029406322491206116,81.24014357880752
18,3.7436974789915967,-0.013914760231672318,81.24014942546276,-0.002376874180007982,81.24014942546276
18,3.789915966386555,-0.011160124481779055,81.24015328912161,-0.001911835642760984,81.24015328912161
18,3.8361344537815127,-0.008911821669084996,81.24015581931215,-0.0015303237797074931,81.24015581931215
18,3.882352941176471,-0.007085476503478766,81.24015746132099,-0.001219027367973649,81.24015746132099
18,3.928571428571429,-0.005608900310246301,81.24015851733647,-0.0009663831447938587,81.24015851733647
18,3.9747899159663866,-0.004420723921166922,81.24015919037868,-0.0007624281178828657,81.24015919037868
18,4.0210084033613445,-0.0034691013036037416,81.24015961548376,-0.0005986452923337632,81.24015961548376
18,4.067226890756302,-0.002710499705648045,81.24015988157896,-0.0004678087700572056,81.24015988157896
18,4.113445378151261,-0.0021085863694733156,81.24016004664935,-0.00036383282408750106,81.24016004664935
18,4.159663865546219,-0.0016332170512919283,81.24016014813334,-0.00028162834417983645,81.24016014813334
18,4.205882352941177,-0.0012595276560633598,81.24016020996726,-0.000216969005508931,81.24016020996726
18,4.2521008403361344,-0.0009671271918330962,81.24016024730614,-0.0001663686323127786,81.24016024730614
18,4.298319327731092,-0.0007393878963667423,81.24016026965246,-0.0001269705083699734,81.24016026965246
18,4.344537815126051,-0.000562826699758474,81.24016028290703,-9.644881581877263e-05,81.24016028290703
18,4.390756302521009,-0.00042657106760539583,81.24016029069894,-7.292194867778313e-05,81.24016029069894
18,4.436974789915967,-0.0003219016264715893,81.24016029523884,-5.487713087670362e-05,81.24016029523884
18,4.483193277310924,-0.00024186371672913192,81.24016029786048,-4.110555309959178e-05,81.24016029786048
18,4.529411764705882,-0.00018094006404656676,81.240160299361,-3.0647110848013893e-05,81.240160299361
18,4.575630252100841,-0.00013477703489792351,81.24016030021221,-2.274376132315771e-05,81.24016030021221
18,4.621848739495799,-9.995737815887609e-05,81.2401603006908,-1.6800503917658444e-05,81.2401603006908
18,4.668067226890757,-7.381289877208793e-05,81.24016030095753,-1.2353014975556489e-05,81.24016030095753
18,4.714285714285714,-5.4271115012647026e-05,81.24016030110485,-9.041020609745027e-06,81.24016030110485
18,4.760504201680672,-3.973058170055402e-05,81.24016030118553,-6.5865622730622514e-06,81.24016030118553
18,4.806722689075631,-2.8960189797811223e-05,81.2401603012293,-4.776390814598846e-06,81.2401603012293
18,4.852941176470589,-2.101835757439385e-05,81.24016030125284,-3.447809955084457e-06,81.24016030125284
18,4.899159663865547,-1.518859561054094e-05,81.24016030126539,-2.4773750146339537e-06,81.24016030126539
18,4.945378151260504,-1.0928448225355975e-05,81.24016030127203,-1.7719341292794831e-06,81.24016030127203
18,4.991596638655462,-7.829282587252124e-06,81.24016030127551,-1.2615749670288358e-06,81.24016030127551
18,5.03781512605042,-5.58481213713515e-06,81.24016030127731,-8.941088199691577e-07,81.24016030127731
18,5.084033613445379,-3.966603844552725e-06,81.24016030127824,-6.307852902511061e-07,81.24016030127824
18,5.130252100840337,-2.805131753488e-06,81.2401603012787,-4.4298448601757644e-07,81.2401603012787
18,5.176470588235294,-1.975205932667329e-06,81.24016030127895,-3.096799347978229e-07,81.24016030127895
18,5.222689075630252,-1.3848306685275191e-06,81.24016030127906,-2.1550478116292104e-07,81.24016030127906
18,5.26890756302521,-9.667331714249189e-07,81.24016030127913,-1.4928688165709994e-07,81.24016030127913
18,5.315126050420169,-6.719588768727878e-07,81.24016030127916,-1.0294583488424515e-07,81.24016030127916
18,5.3613445378151265,-4.650561121764031e-07,81.24016030127918,-7.066749876050648e-08,81.24016030127918
18,5.407563025210084,-3.204756613716817e-07,81.24016030127918,-4.828984210737522e-08,81.24016030127918
18,5.453781512605042,-2.1989341330251944e-07,81.24016030127918,-3.284870166002616e-08,81.24016030127918
18,5.5,-1.5023021480300372e-07,81.24016030127919,-2.2243756846318778e-08,81.24016030127919
19,0.0,0.26356011018864484,75.00594289199249,-2.9768873912991105,75.00594289199249
19,0.046218487394957986,0.2596054747070171,74.89457104211846,-2.8497716870132717,74.89457104211846
19,0.09243697478991597,0.2484678038517676,74.80982755610965,-2.7106980878251585,74.80982755610965
19,0.13865546218487396,0.22924881420318055,74.75339765181724,-2.561444960830295,74.75339765181724
19,0.18487394957983194,0.201114411338839,74.72674100407838,-2.403902290507184,74.72674100407838
19,0.23109243697478993,0.16332006055983683,74.73100448662045,-2.2400332574296815,74.73100448662045
19,0.2773109243697479,0.11523566172117405,74.76693150664144,-2.071835241876337,74.76693150664144
19,0.3235294117647059,0.056369154029292545,74.83477627920962,-1.901301317391927,74.83477627920962
19,0.3697478991596639,-0.013611920824825319,74.93423175879316,-1.7303832379127426,74.93423175879316
19,0.41596638655462187,-0.09486164006129094,75.06437933777633,-1.5609568259504396,75.06437933777633
19,0.46218487394957986,-0.187340390880955,75.22366686886501,-1.3947905484152034,75.22366686886501
19,0.5084033613445378,-0.29080363400090015,75.40991923639368,-1.233517923707911,75.40991923639368
19,0.5546218487394958,-0.4047952360660698,75.62038286256133,-1.0786142500506948,75.62038286256133
19,0.6008403361344539,-0.5286457410555769,75.85180253045333,-0.9313779841673266,75.85180253045333
19,0.6470588235294118,-0.6614758094188833,76.10052608590028,-0.7929169428240908,76.10052608590028
19,0.6932773109243697,-0.8022049007611916,76.36263026573275,-0.664139347979253,76.36263026573275
19,0.7394957983193278,-0.9495651183213827,76.63405931225282,-0.5457496005944629,76.63405931225282
19,0.7857142857142858,-1.102119975863296,76.91076729834164,-0.4382485474455402,76.91076729834164
19,0.8319327731092437,-1.2582876954905498,77.18885520950897,-0.3419379049058415,77.18885520950897
19,0.8781512605042017,-1.41636850414059,77.46469471301188,-0.25692842510324,77.46469471301188
19,0.9243697478991597,-1.5745752716118346,77.7350320285782,-0.18315133116976456,77.7350320285782
19,0.9705882352941178,-1.731066727646975,77.99706719399929,-0.12037251107314706,77.99706719399929
19,1.0168067226890756,-1.8839824154032458,78.24850607885396,-0.06820894121605092,78.24850607885396
19,1.0630252100840336,-2.031478483008013,78.4875845478514,-0.026146807689039594,78.4875845478514
19,1.1092436974789917,-2.1717633891559864,78.7130660437207,0.00643919393936887,78.7130660437207
19,1.1554621848739497,-2.3031326004267747,78.92421543078754,0.030265877579028988,78.92421543078754
19,1.2016806722689077,-2.4240013895623456,79.12075313115497,0.04612136909844411,79.12075313115497
19,1.2478991596638656,-2.5329349017580274,79.30279436172285,0.05484511987705343,79.30279436172285
19,1.2941176470588236,-2.6286747400782726,79.47077863695701,0.05730851631190692,79.47077863695701
19,1.3403361344537816,-2.7101614266373844,79.62539467011311,0.05439642555409918,79.62539467011311
19,1.3865546218487395,-2.7765522207685294,79.76750543495415,0.046989971499019845,79.76750543495415
19,1.4327731092436975,-2.827233913678258,79.89807750996775,0.03595078811953378,79.89807750996775
19,1.4789915966386555,-2.861830367204428,80.01811799662376,0.022106950594059427,80.01811799662376
19,1.5252100840336136,-2.8802047165480875,80.12862136517616,0.006240738116463973,80.12862136517616
19,1.5714285714285716,-2.8824563085196715,80.23052761605892,-0.010921663401747495,80.23052761605892
19,1.6176470588235294,-2.8689125926610757,80.32469222471082,-0.02871845543345586,80.32469222471082
19,1.6638655462184875,-2.8401163181579285,80.41186752182062,-0.04655849829554448,80.41186752182062
19,1.7100840336134455,-2.7968085101580904,80.49269449374576,-0.06392558261605252,80.49269449374576
19,1.7563025210084033,-2.739907801556626,80.56770349490648,-0.08038076384506354,80.56770349490648
19,1.8025210084033614,-2.670486777335096,80.63732205436752,-0.0955628603770986,80.63732205436752
19,1.8487394957983194,-2.5897460463740494,80.70188782549384,-0.10918725000916396,80.70188782549384
19,1.8949579831932775,-2.4989867888593302,80.7616647509292,-0.1210431297715413,80.7616647509292
19,1.9411764705882355,-2.3995825358967515,80.81686066664992,-0.1309894292260232,80.81686066664992
19,1.9873949579831933,-2.2929509223767184,80.8676448148292,-0.13894958709033567,80.8676448148292
19,2.033613445378151,-2.1805261161358196,80.91416404084369,-0.14490541452423322,80.91416404084369
19,2.0798319327731094,-2.063732568194361,80.95655678203536,-0.14889027541367383,80.95655678203536
19,2.1260504201680672,-1.943960653674207,80.99496428591495,-0.15098181440240488,80.99496428591495
19,2.1722689075630255,-1.822544683999972,81.02953880043967,-0.15129445716339873,81.02953880043967
19,2.2184873949579833,-1.7007436724486062,81.06044874196171,-0.14997189519170995,81.06044874196171
19,2.264705882352941,-1.5797251307615845,81.0878810572125,-0.14717974947434342,81.0878810572125
19,2.3109243697478994,-1.4605520685675266,81.11204114964163,-0.14309858496592653,81.11204114964163
19,2.357142857142857,-1.3441732635675976,81.13315083806776,-0.13791742162204734,81.13315083806776
19,2.4033613445378155,-1.2314167723337803,81.15144486124765,-0.13182785913965311,81.15144486124765
19,2.4495798319327733,-1.122986562192132,81.16716644281155,-0.12501890258476678,81.16716644281155
19,2.495798319327731,-1.0194620665435519,81.18056239593672,-0.11767254606086297,81.18056239593672
19,2.5420168067226894,-0.9213004009148982,81.19187818582049,-0.10996014250195962,81.19187818582049
19,2.588235294117647,-0.8288409262651264,81.20135329006314,-0.10203956062945174,81.20135329006314
19,2.634453781512605,-0.7423118101162807,81.20921711135513,-0.09405310588444493,81.20921711135513
19,2.6806722689075633,-0.6618382148225539,81.21568561103392,-0.0861261613979929,81.21568561103392
19,2.726890756302521,-0.5874517350842599,81.22095875223314,-0.07836648822558345,81.22095875223314
19,2.773109243697479,-0.5191007124749607,81.2252187719258,-0.07086411134779436,81.2252187719258
19,2.819327731092437,-0.45666107173427584,81.22862924490299,-0.06369170937500002,81.22862924490299
19,2.865546218487395,-0.3999473500397368,81.23133486082739,-0.056905421302814396,81.23133486082739
19,2.9117647058823533,-0.34872362439760707,81.23346180783172,-0.050545982744101714,81.23346180783172
19,2.957983193277311,-0.3027140815911409,81.23511864152917,-0.04464010636632221,81.23511864152917
19,3.004201680672269,-0.2616130177423992,81.23639751487848,-0.039202026265281464,81.23639751487848
19,3.050420168067227,-0.22509409854268458,81.23737564979373,-0.03423513314203541,81.23737564979373
19,3.096638655462185,-0.1928187548309408,81.23811694326422,-0.0297336358201008,81.23811694326422
19,3.1428571428571432,-0.16444362993595973,81.23867361669666,-0.02568419428574975,81.23867361669666
19,3.189075630252101,-0.13962703380657082,81.2390878351125,-0.022067479509570775,81.2390878351125
19,3.235294117647059,-0.11803439349782296,81.23939324099693,-0.018859625360551968,81.23939324099693
19,3.281512605042017,-0.0993427193941332,81.23961636468728,-0.016033547542699367,81.23961636468728
19,3.327731092436975,-0.08324413127659724,81.23977788831043,-0.013560113368516813,81.23977788831043
19,3.3739495798319328,-0.06944850785535683,81.23989375291747,-0.011409154096197804,81.23989375291747
19,3.420168067226891,-0.05768533780508145,81.23997610842672,-0.00955031835447262,81.23997610842672
19,3.466386554621849,-0.04770485995191143,81.24003411333548,-0.007953770785287473,81.24003411333548
19,3.5126050420168067,-0.039278585501911656,81.2400745961306,-0.006590744442280028,81.2400745961306
19,3.558823529411765,-0.03219929661079646,81.2401025932648,-0.005433958738240929,81.2401025932648
19,3.6050420168067228,-0.026280613771595074,81.24012177986091,-0.004457916924625438,81.24012177986091
19,3.651260504201681,-0.021356220065323672,81.24013480935845,-0.003639098329482726,81.24013480935845
19,3.697478991596639,-0.017278823896947904,81.2401435774899,-0.0029560610128293585,81.2401435774899
19,3.7436974789915967,-0.013918934011430628,81.24014942458946,-0.0023894702660211264,81.24014942458946
19,3.789915966386555,-0.011163511887476774,81.24015328854824,-0.0019220676293813799,81.24015328854824
19,3.8361344537815127,-0.008914557509376225,81.2401558189392,-0.0015385939683659478,81.2401558189392
19,3.882352941176471,-0.007087675417321082,81.2401574610807,-0.0012256787592041102,81.2401574610807
19,3.928571428571429,-0.005610659154422243,81.24015851718306,-0.0009717062009498567,81.24015851718306
19,3.9747899159663866,-0.004422124009994088,81.24015919028166,-0.0007666671854048984,81.24015919028166
19,4.0210084033613445,-0.0034702104783216198,81.24015961542297,-0.0006020045944516716,81.24015961542297
19,4.067226890756302,-0.0027113742206339303,81.24015988154122,-0.0004704579133637532,81.24015988154122
19,4.113445378151261,-0.0021092725904146986,81.24016004662614,-0.0003659117895013844,81.24016004662614
19,4.159663865546219,-0.001633752966803001,81.2401601481192,-0.0002832519546796773,81.2401601481192
19,4.205882352941177,-0.0012599442091135518,81.24016020995872,-0.0002182308800680391,81.24016020995872
19,4.2521008403361344,-0.0009674494409177802,81.24016024730103,-0.00016734464819913308,81.24016024730103
19,4.298319327731092,-0.0007396360187683984,81.24016026964944,-0.00012772180295205285,81.24016026964944
19,4.344537815126051,-0.0005630168507040414,81.24016028290525,-9.702436480867743e-05,81.24016028290525
19,4.390756302521009,-0.00042671610979683194,81.2401602906979,-7.336076091123567e-05,81.2401602906979
19,4.436974789915967,-0.0003220117445182566,81.24016029523824,-5.521010080470918e-05,81.24016029523824
19,4.483193277310924,-0.00024194693059165044,81.24016029786014,-4.135701163090512e-05,81.24016029786014
19,4.529411764705882,-0.0001810026548435097,81.24016029936081,-3.083611346112571e-05,81.24016029936081
19,4.575630252100841,-0.00013482389544121993,81.2401603002121,-2.2885149826015142e-05,81.2401603002121
19,4.621848739495799,-9.999229946346761e-05,81.24016030069075,-1.6905775176567252e-05,81.24016030069075
19,4.668067226890757,-7.383880260426051e-05,81.2401603009575,-1.2431026607194343e-05,81.2401603009575
19,4.714285714285714,-5.429024135682756e-05,81.24016030110484,-9.098560223296925e-06,81.24016030110484
19,4.760504201680672,-3.974463887854401e-05,81.24016030118551,-6.628803506787857e-06,81.24016030118551
19,4.806722689075631,-2.8970473896974195e-05,81.24016030122928,-4.8072562350752685e-06,81.24016030122928
19,4.852941176470589,-2.102584685120931e-05,81.24016030125284,-3.470257945737841e-06,81.24016030125284
19,4.899159663865547,-1.5194024643608664e-05,81.24016030126539,-2.4936251129116342e-06,81.24016030126539
19,4.945378151260504,-1.0932365801188666e-05,81.24016030127203,-1.7836428968368608e-06,81.24016030127203
19,4.991596638655462,-7.832096611863816e-06,81.24016030127551,-1.2699723960858027e-06,81.24016030127551
19,5.03781512605042,-5.5868242718411e-06,81.2401603012773,-9.001034809890854e-07,81.2401603012773
19,5.084033613445379,-3.968036058558144e-06,81.24016030127824,-6.350448927983104e-07,81.24016030127824
19,5.130252100840337,-2.806146560379677e-06,81.2401603012787,-4.459972325736926e-07,81.2401603012787
19,5.176470588235294,-1.975921723866327e-06,81.24016030127895,-3.118009705268808e-07,81.24016030127895
19,5.222689075630252,-1.3853332650624051e-06,81.24016030127906,-2.169911545205243e-07,81.24016030127906
19,5.26890756302521,-9.670844773389012e-07,81.24016030127913,-1.5032370543376555e-07,81.24016030127913
19,5.315126050420169,-6.722033250627662e-07,81.24016030127916,-1.0366575042446008e-07,81.24016030127916
19,5.3613445378151265,-4.652254391166524e-07,81.24016030127918,-7.116507549397595e-08,81.24016030127918
19,5.407563025210084,-3.2059242445658506e-07,81.24016030127918,-4.8632170361199693e-08,81.24016030127918
19,5.453781512605042,-2.1997356775332987e-07,81.24016030127918,-3.308314167268084e-08,81.24016030127918
19,5.5,-1.5028499133707458e-07,81.24016030127919,-2.240357609610673e-08,81.24016030127919
20,0.0,0.26402272026780277,75.00580603741845,-2.971962788876963,75.00580603741845
20,0.046218487394957986,0.259960677165167,74.89444058587746,-2.845284612504715,74.89444058587746
20,0.09243697478991597,0.24872401153346324,74.80970239668065,-2.7066302719620587,74.80970239668065
20,0.13865546218487396,0.2294155066461787,74.7532769563731,-2.5577721966745504,74.7532769563731
20,0.18487394957983194,0.2012018726806728,74.72662420591956,-2.400595349830593,74.72662420591956
20,0.23109243697478993,0.16333910633630566,74.7308912646111,-2.2370589179993923,74.7308912646111
20,0.2773109243697479,0.11519736320348883,74.76682175051131,-2.0691573885663024,74.76682175051131
20,0.3235294117647059,0.056284568551882685,74.83467004527199,-1.8988820782078815,74.83467004527199
20,0.3697478991596639,-0.013732005606740927,74.93412922086519,-1.7281841158429794,74.93412922086519
20,0.41596638655462187,-0.0950069408425076,75.06428073788476,-1.5589397890041266,75.06428073788476
20,0.46218487394957986,-0.1875013362007767,75.22357247172636,-1.3929190431711564,75.22357247172636
20,0.5084033613445378,-0.2909715396781287,75.40982929076424,-1.231757781986671,75.40982929076424
20,0.5546218487394958,-0.40496244503685475,75.62029757148086,-1.0769344636908311,75.62029757148086
20,0.6008403361344539,-0.5288057254828509,75.85172203128491,-0.9297513290498305,75.85172203128491
20,0.6470588235294118,-0.66162323434596,76.10045044001414,-0.79132043992146,76.10045044001414
20,0.6932773109243697,-0.8023356499261922,76.36255945682926,-0.6625545559916839,76.36255945682926
20,0.7394957983193278,-0.9496762839804216,76.63399325168686,-0.5441627413525163,76.63399325168686
20,0.7857142857142858,-1.1022098155464768,76.9107058354803,-0.43665047141918745,76.9107058354803
20,0.8319327731092437,-1.25835555950359,77.18879814507642,-0.3403239096187223,77.18879814507642
20,0.8781512605042017,-1.4164147383041445,77.46464181353497,-0.2552979438057488,77.46464181353497
20,0.9243697478991597,-1.5746011001911233,77.73498304035859,-0.18150751264010623,77.73498304035859
20,0.9705882352941178,-1.7310741216664698,77.99702185545847,-0.11872171381210173,77.99702185545847
20,1.0168067226890756,-1.8839739515753333,78.24846413053783,-0.06656016656421015,78.24846413053783
20,1.0630252100840336,-2.0314571983495013,78.48754573979336,-0.024511096562240327,78.48754573979336
20,1.1092436974789917,-2.1717326360465377,78.71303014021694,0.008049376837405697,78.71303014021694
20,1.1554621848739497,-2.303095906408742,78.92418221288524,0.031837249920940724,78.92418221288524
20,1.2016806722689077,-2.4239623256229716,79.12072239731671,0.04764040775758138,79.12072239731671
20,1.2478991596638656,-2.5328969622056237,79.30276592719653,0.05629859166279072,79.30276592719653
20,1.2941176470588236,-2.6286412364549214,79.47075233236883,0.05868394919093145,79.47075233236883
20,1.3403361344537816,-2.7101353974305304,79.62537033973202,0.055682510430171916,79.62537033973202
20,1.3865546218487395,-2.776536358019161,79.76748293497654,0.04817688812946752,79.76748293497654
20,1.4327731092436975,-2.827230506954832,79.89805670705336,0.03703045211045186,79.89805670705336
20,1.4789915966386555,-2.861841264837455,80.01809876680096,0.02307318151500759,80.01809876680096
20,1.5252100840336136,-2.880231303512847,80.12860359313912,0.007089351513602793,80.12860359313912
20,1.5714285714285716,-2.882499499922364,80.23051119480296,-0.010192835004405154,80.23051119480296
20,1.6176470588235294,-2.8689728414322744,80.32467705540748,-0.028109605611897237,80.32467705540748
20,1.6638655462184875,-2.840193635286653,80.41185351381209,-0.04606794558502614,80.41185351381209
20,1.7100840336134455,-2.7969024956100235,80.49268156453829,-0.06354991596006165,80.49268156453829
20,1.7563025210084033,-2.7400176839056485,80.56769157006441,-0.0801150249883964,80.56769157006441
20,1.8025210084033614,-2.6706114600937028,80.63731106723405,-0.09540075350204624,80.63731106723405
20,1.8487394957983194,-2.58988415902796,80.70187771670386,-0.109121369202823,80.70187771670386
20,1.8949579831932775,-2.49913674068668,80.76165546771114,-0.12106519548680339,80.76165546771114
20,1.9411764705882355,-2.399742570774972,80.81685216194612,-0.13109052569775947,80.81685216194612
20,1.9873949579831933,-2.2931191729405036,80.8676370462856,-0.13912039362994477,80.8676370462856
20,2.033613445378151,-2.1807006558408553,80.91415696973425,-0.14513642468395993,80.91415696973425
20,2.0798319327731094,-2.0639114600531094,80.95655037219551,-0.14917199913378099,80.95655037219551
20,2.1260504201680672,-1.94414199465567,80.99495850275099,-0.1513049593835163,80.99495850275099
20,2.1722689075630255,-1.822726644316166,81.02953361007353,-0.15165008680474124,81.02953361007353
20,2.2184873949579833,-1.7009245291798933,81.06044411055741,-0.15035156147096806,81.06044411055741
20,2.264705882352941,-1.5799032954945247,81.08787695050934,-0.14757560009259763,81.08787695050934
20,2.3109243697478994,-1.460726108926778,81.11203753270352,-0.14350344492310185,81.11203753270352
20,2.357142857142857,-1.3443419187128853,81.13314767523909,-0.1383248501129497,81.13314767523909
20,2.4033613445378155,-1.2315789626600164,81.15144211629156,-0.13223218326166197,81.15144211629156
20,2.4495798319327733,-1.1231413936130785,81.16716407919678,-0.12541522982386688,81.16716407919678
20,2.495798319327731,-1.0196088298540378,81.18056037722978,-0.11805675787565306,81.18056037722978
20,2.5420168067226894,-0.9214385668138583,81.19187647613983,-0.11032887156114235,81.19187647613983
20,2.588235294117647,-0.8289701366808853,81.20135185455185,-0.10239015438595445,81.20135185455185
20,2.634453781512605,-0.7424318665077543,81.20921591663459,-0.09438357919927842,81.20921591663459
20,2.6806722689075633,-0.6619490641376231,81.21568462560673,-0.08643514087125315,81.21568462560673
20,2.726890756302521,-0.587553454041382,81.22095794681296,-0.07865315076433,81.22095794681296
20,2.773109243697479,-0.5191934907996654,81.22521811968033,-0.07112811931379515,81.22521811968033
20,2.819327731092437,-0.4567451949317771,81.22862872160435,-0.06393314442430942,81.22862872160435
20,2.865546218487395,-0.4000231822221556,81.23133444491214,-0.05712471876603864,81.23133444491214
20,2.9117647058823533,-0.34879159161303885,81.23346148037787,-0.05074386811470344,81.23346148037787
20,2.957983193277311,-0.30277465602539966,81.23511838616251,-0.0448175351753588,81.23511838616251
20,3.004201680672269,-0.26166670308632956,81.23639731762215,-0.03936012833518365,81.23639731762215
20,3.050420168067227,-0.2251414167412955,81.23737549887666,-0.03437516193811874,81.23737549887666
20,3.096638655462185,-0.1928602343578376,81.23811682890319,-0.029856923363844157,81.23811682890319
20,3.1428571428571432,-0.16447979566976656,81.23867353086555,-0.025792111863881306,81.23867353086555
20,3.189075630252101,-0.1396583985267399,81.23908777131031,-0.022161404211725078,81.23908777131031
20,3.235294117647059,-0.11806145096647613,81.23939319402369,-0.018940912307978452,81.23939319402369
20,3.281512605042017,-0.09936593894889878,81.23961633043487,-0.016103507532171157,81.23961633043487
20,3.327731092436975,-0.08326395382690688,81.2397778635727,-0.013619995548761255,81.2397778635727
20,3.3739495798319328,-0.06946534315104769,81.23989373522201,-0.01146013321737982,81.23989373522201
20,3.420168067226891,-0.05769956283086075,81.23997609588946,-0.009593486082187241,81.23997609588946
20,3.466386554621849,-0.04771681829339092,81.24003410453739,-0.007990130546125518,81.24003410453739
20,3.5126050420168067,-0.03928858752756892,81.24007459001518,-0.006621209264893957,81.24007459001518
20,3.558823529411765,-0.032207620318254304,81.24010258905439,-0.005459351568336657,81.24010258905439
20,3.6050420168067228,-0.026287506154930806,81.24012177698954,-0.0044789729207311835,81.24012177698954
20,3.651260504201681,-0.02136189887163098,81.24013480741876,-0.003656468685160952,81.24013480741876
20,3.697478991596639,-0.017283479654070233,81.24014357619194,-0.0029703178968650823,81.24014357619194
20,3.7436974789915967,-0.013922732223734191,81.2401494237291,-0.0024011125221038987,81.2401494237291
20,3.789915966386555,-0.011166595311959848,81.24015328798328,-0.0019315269282923209,81.24015328798328
20,3.8361344537815127,-0.008917048439643971,81.2401558185717,-0.0015462411565906053,81.2401558185717
20,3.882352941176471,-0.007089677917484438,81.24015746084386,-0.0012318301965057038,81.24015746084386
20,3.928571428571429,-0.005612261198410018,81.24015851703187,-0.0009766299245052984,81.24015851703187
20,3.9747899159663866,-0.004423399493844071,81.24015919018603,-0.0007705887787634591,81.24015919018603
20,4.0210084033613445,-0.0034712210835761703,81.24015961536305,-0.000605112675311277,81.24015961536305
20,4.067226890756302,-0.0027121711159577983,81.24015988150403,-0.00047290918476229626,81.24015988150403
20,4.113445378151261,-0.002109897965986006,81.24016004660326,-0.0003678356245301953,81.24016004660326
20,4.159663865546219,-0.0016342414019813734,81.24016014810526,-0.00028475450546866857,81.24016014810526
20,4.205882352941177,-0.0012603238784798798,81.24016020995029,-0.00021939871793853413,81.24016020995029
20,4.2521008403361344,-0.000967743167150887,81.24016024729599,-0.00016824795399233636,81.24016024729599
20,4.298319327731092,-0.0007398621831392893,81.24016026964645,-0.00012841713513263818,81.24016026964645
20,4.344537815126051,-0.0005631901733899325,81.24016028290349,-9.755703854592152e-05,81.24016028290349
20,4.390756302521009,-0.00042684831290996407,81.24016029069688,-7.376687447836327e-05,81.24016029069688
20,4.436974789915967,-0.0003221121108575656,81.24016029523764,-5.5518246803173445e-05,81.24016029523764
20,4.483193277310924,-0.00024202277079823052,81.24016029785982,-4.158971019103605e-05,81.24016029785982
20,4.529411764705882,-0.00018105969499372654,81.24016029936061,-3.101100309133671e-05,81.24016029936061
20,4.575630252100841,-0.00013486659624810946,81.24016030021198,-2.3015969321380468e-05,81.24016030021198
20,4.621848739495799,-0.00010002411726323969,81.24016030069069,-1.7003167238860374e-05,81.24016030069069
20,4.668067226890757,-7.386240124923962e-05,81.24016030095746,-1.2503190802734153e-05,81.24016030095746
20,4.714285714285714,-5.4307663072311434e-05,81.24016030110482,-9.151779792600711e-06,81.24016030110482
20,4.760504201680672,-3.975744110841918e-05,81.2401603011855,-6.667867476526615e-06,81.2401603011855
20,4.806722689075631,-2.8979838189425685e-05,81.24016030122928,-4.835795365222269e-06,81.24016030122928
20,4.852941176470589,-2.103266493944957e-05,81.24016030125283,-3.4910103378122553e-06,81.24016030125283
20,4.899159663865547,-1.5198966067392979e-05,81.24016030126539,-2.508644847282421e-06,81.24016030126539
20,4.945378151260504,-1.0935930696919275e-05,81.24016030127203,-1.7944628761058562e-06,81.24016030127203
20,4.991596638655462,-7.834656671634299e-06,81.24016030127551,-1.2777306498800572e-06,81.24016030127551
20,5.03781512605042,-5.58865433090199e-06,81.2401603012773,-9.056405261314351e-07,81.2401603012773
20,5.084033613445379,-3.969338310192051e-06,81.24016030127824,-6.389783252028349e-07,81.24016030127824
20,5.130252100840337,-2.8070690096552515e-06,81.2401603012787,-4.487785320370961e-07,81.2401603012787
20,5.176470588235294,-1.9765721690895356e-06,81.24016030127895,-3.137585031561668e-07,81.24016030127895
20,5.222689075630252,-1.385789829826875e-06,81.24016030127906,-2.183625354536027e-07,81.24016030127906
20,5.26890756302521,-9.674034989963911e-07,81.24016030127913,-1.51280012946304e-07,81.24016030127913
20,5.315126050420169,-6.72425229838486e-07,81.24016030127916,-1.0432953904156359e-07,81.24016030127916
20,5.3613445378151265,-4.6537909328431094e-07,81.24016030127918,-7.162369983804251e-08,81.24016030127918
20,5.407563025210084,-3.20698339018972e-07,81.24016030127918,-4.89475848679626e-08,81.24016030127918
20,5.453781512605042,-2.2004624575636945e-07,81.24016030127918,-3.329906798191306e-08,81.24016030127918
20,5.5,-1.5033463782553804e-07,81.24016030127919,-2.255071610294537e-08,81.24016030127919
21,0.0,0.26458416455822154,75.00567885552135,-2.9671566258244852,75.00567885552135
21,0.046218487394957986,0.2604168671412741,74.89431908194081,-2.8408957783611397,74.89431908194081
21,0.09243697478991597,0.24908265303358545,74.80958551592715,-2.702641883745158,74.80958551592715
21,0.13865546218487396,0.22968540909247626,74.75316391673071,-2.554161620228706,74.75316391673071
21,0.18487394957983194,0.20139269671446947,74.72651449288382,-2.397335072408085,74.72651449288382
21,0.23109243697478993,0.16346109825428634,74.73078460849881,-2.234117530048054,74.73078460849881
21,0.2773109243697479,0.11526108477267094,74.76671809005853,-2.0665006390299396,74.76671809005853
21,0.3235294117647059,0.056300630679148256,74.83456948216418,-1.8964739657733434,74.83456948216418
21,0.3697478991596639,-0.013753197303339348,74.93403196997406,-1.7259879783045156,74.93403196997406
21,0.41596638655462187,-0.09505542123884148,75.06418707773483,-1.5569193542354576,75.06418707773483
21,0.46218487394957986,-0.18756779030649717,75.22348269909445,-1.391039407992599,75.22348269909445
21,0.5084033613445378,-0.2910474815515478,75.40974368239814,-1.2299862893125209,75.40974368239814
21,0.5546218487394958,-0.40504036213850725,75.62021635485368,-1.0752414535022048,75.62021635485368
21,0.6008403361344539,-0.5288791860332349,75.8516453651838,-0.9281107446834262,75.8516453651838
21,0.6470588235294118,-0.661686956667884,76.10037840474381,-0.7897102775807845,76.10037840474381
21,0.6932773109243697,-0.8023855341210204,76.36249205296136,-0.6609571519663318,76.36249205296136
21,0.7394957983193278,-0.9497094075541401,76.63393040570222,-0.5425648978560433,76.63393040570222
21,0.7857142857142858,-1.1022243957203006,76.91064741033112,-0.4350434279504025,76.91064741033112
21,0.8319327731092437,-1.258350885878702,77.18874395364237,-0.3387031720666327,77.18874395364237
21,0.8781512605042017,-1.4163910802767026,77.46459163311374,-0.2536629879659884,77.46459163311374
21,0.9243697478991597,-1.5745595940178871,77.73493662665197,-0.17986138224466997,77.73493662665197
21,0.9705882352941178,-1.7310166423631523,77.99697895493185,-0.11707053552796154,77.99697895493185
21,1.0168067226890756,-1.8839029748957778,78.24842449046123,-0.06491260566157209,78.24842449046123
21,1.0630252100840336,-2.031375657963032,78.4875091156855,-0.022877777136717223,78.4875091156855
21,1.1092436974789917,-2.171643780726642,78.7129963007416,0.009656464004389687,78.7129963007416
21,1.1554621848739497,-2.3030031615989213,78.92415094250613,0.03340533042848648,78.92415094250613
21,1.2016806722689077,-2.4238691631870983,79.12069349716253,0.049156478495884226,79.12069349716253
21,1.2478991596638656,-2.532806781534857,79.30273921465009,0.057749931359783346,79.30273921465009
21,1.2941176470588236,-2.6285572594231503,79.4707276398828,0.06005857161083039,79.4707276398828
21,1.3403361344537816,-2.710060578997332,79.6253475133056,0.05696955063225495,79.6253475133056
21,1.3865546218487395,-2.776473313599661,79.76746183262873,0.04936691559536133,79.76746183262873
21,1.4327731092436975,-2.827181457034028,79.89803719751318,0.0381157078080534,79.89803719751318
21,1.4789915966386555,-2.8618079967201524,80.01808072852899,0.024047738970169874,80.01808072852899
21,1.5252100840336136,-2.8802151495840462,80.12858691369851,0.007949204608754812,80.12858691369851
21,1.5714285714285716,-2.882501331355506,80.23049577052998,-0.009449752553255308,80.23049577052998
21,1.6176470588235294,-2.8689930759293887,80.32466279128475,-0.027483462372227763,80.32466279128475
21,1.6638655462184875,-2.8402322571664236,80.41184032343094,-0.0455571080817041,80.41184032343094
21,1.7100840336134455,-2.7969590863746987,80.49266937003684,-0.06315108901633515,80.49266937003684
21,1.7563025210084033,-2.7400914613114367,80.56768030194776,-0.079823427419349,80.56768030194776
21,1.8025210084033614,-2.670701323715008,80.63730066401213,-0.09521031980671424,80.63730066401213
21,1.8487394957983194,-2.589988740335759,80.70186812431727,-0.10902496819437779,80.70186812431727
21,1.8949579831932775,-2.4992544557463887,80.76164663874677,-0.12105485736826083,80.76164663874677
21,1.9411764705882355,-2.3998716738005434,80.81684405467507,-0.13115766987267463,80.81684405467507
21,1.9873949579831933,-2.293257809109761,80.8676296235796,-0.13925605047459477,80.8676296235796
21,2.033613445378151,-2.1808469119723846,80.91415019792738,-0.14533144554365407,80.91415019792738
21,2.0798319327731094,-2.0640634119600243,80.956544219964,-0.14941724989025218,80.956544219964
21,2.1260504201680672,-1.9442977502163217,80.99495294008129,-0.15159149402878036,80.99495294008129
21,2.1722689075630255,-1.8228843815303932,81.02952860737777,-0.15196929851193097,81.02952860737777
21,2.2184873949579833,-1.7010825287035836,81.06043963797907,-0.1506953096444139,81.06043963797907
21,2.264705882352941,-1.5800599673598974,81.0878729774461,-0.14793631278417685,81.0878729774461
21,2.3109243697478994,-1.460880013355407,81.11203402755322,-0.14387419680379132,81.11203402755322
21,2.357142857142857,-1.34449178110874,81.13314460535946,-0.13869941687607046,81.13314460535946
21,2.4033613445378155,-1.2317236830277203,81.15143944814857,-0.13260507390268472,81.15143944814857
21,2.4495798319327733,-1.1232800507792593,81.16716177866385,-0.12578169868961453,81.16716177866385
21,2.495798319327731,-1.0197406809762946,81.18055840999708,-0.11841279870632704,81.18055840999708
21,2.5420168067226894,-0.9215630427415107,81.19187480818711,-0.1106711959681217,81.19187480818711
21,2.588235294117647,-0.8290868337848583,81.20135045264134,-0.10271615732479944,81.20135045264134
21,2.634453781512605,-0.7425405356249524,81.20921474878536,-0.0946912940217004,81.20921474878536
21,2.6806722689075633,-0.662049597279756,81.21568366151877,-0.08672318648374233,81.21568366151877
21,2.726890756302521,-0.5876458695019071,81.22095715821769,-0.07892067329688768,81.22095715821769
21,2.773109243697479,-0.5192779172583997,81.22521748060367,-0.07137473052353638,81.22521748060367
21,2.819327731092437,-0.4568218551079015,81.22862820853628,-0.0641588588376738,81.22862820853628
21,2.865546218487395,-0.4000923765662092,81.2313340368846,-0.05732989131358579,81.2313340368846
21,2.9117647058823533,-0.34885368246089854,81.23346115895863,-0.050929133744981314,81.23346115895863
21,2.957983193277311,-0.30283005256477225,81.23511813537658,-0.044983751660591764,81.23511813537658
21,3.004201680672269,-0.26171584741286225,81.23639712381541,-0.03950832321086528,81.23639712381541
21,3.050420168067227,-0.2251847712091326,81.2373753505365,-0.03450648425952174,81.2373753505365
21,3.096638655462185,-0.19289827036108953,81.23811671645154,-0.02997260072143515,81.23811671645154
21,3.1428571428571432,-0.16451298392853042,81.23867344643762,-0.025893412882203926,81.23867344643762
21,3.189075630252101,-0.13968720089564757,81.23908770853072,-0.02224960656583752,81.23908770853072
21,3.235294117647059,-0.11808631373603129,81.2393931477895,-0.01901727613040949,81.2393931477895
21,3.281512605042017,-0.09938728757065629,81.23961629671213,-0.01616925395232438,81.23961629671213
21,3.327731092436975,-0.08328218896295292,81.23977783921133,-0.013676290005385283,81.23977783921133
21,3.3739495798319328,-0.06948083792591087,81.23989371779172,-0.011508073111752837,81.23989371779172
21,3.420168067226891,-0.05771266114946827,81.23997608353744,-0.00963409229285983,81.23997608353744
21,3.466386554621849,-0.047727834081111364,81.24003409586759,-0.00802434230252913,81.24003409586759
21,3.5126050420168067,-0.03929780474690703,81.24007458398785,-0.006649881873727503,81.24007458398785
21,3.558823529411765,-0.0322152936203326,81.24010258490394,-0.005483256499888678,81.24010258490394
21,3.6050420168067228,-0.026293862031473214,81.24012177415862,-0.004498799788771102,81.24012177415862
21,3.651260504201681,-0.021367137183785134,81.24013480550612,-0.0036728286903538465,81.24013480550612
21,3.697478991596639,-0.017287775427054397,81.24014357491193,-0.0029837483467256565,81.24014357491193
21,3.7436974789915967,-0.013926237610181302,81.2401494228805,-0.0024120820874948268,81.2401494228805
21,3.789915966386555,-0.011169441641161959,81.24015328742601,-0.0019404413449813918,81.24015328742601
21,3.8361344537815127,-0.008919348284103984,81.24015581820916,-0.0015534491283727414,81.24015581820916
21,3.882352941176471,-0.007091527121732888,81.24015746061022,-0.00123762930228484,81.24015746061022
21,3.928571428571429,-0.005613740827600688,81.2401585168827,-0.0009812723743187896,81.2401585168827
21,3.9747899159663866,-0.0044245776709484486,81.24015919009169,-0.0007742869021852283,81.24015919009169
21,4.0210084033613445,-0.003472154693902843,81.24015961530394,-0.0006080440595110023,81.24015961530394
21,4.067226890756302,-0.0027129073661719405,81.24015988146732,-0.0004752214085093076,81.24015988146732
21,4.113445378151261,-0.00211047579180796,81.24016004658068,-0.00036965055864645463,81.24016004658068
21,4.159663865546219,-0.0016346927243675313,81.2401601480915,-0.00028617216986192434,81.2401601480915
21,4.205882352941177,-0.0012606747124413245,81.24016020994199,-0.00022050070072880332,81.24016020994199
21,4.2521008403361344,-0.0009680145905801955,81.24016024729103,-0.00016910040981179403,81.24016024729103
21,4.298319327731092,-0.000740071175240109,81.24016026964351,-0.0001290733879165569,81.24016026964351
21,4.344537815126051,-0.000563350333692805,81.24016028290177,-9.805981953692026e-05,81.24016028290177
21,4.390756302521009,-0.0004269704725592422,81.24016029069587,-7.415022923311452e-05,81.24016029069587
21,4.436974789915967,-0.00032220484801102553,81.24016029523706,-5.580914618322826e-05,81.24016029523706
21,4.483193277310924,-0.00024209284172077052,81.24016029785948,-4.180940006415137e-05,81.24016029785948
21,4.529411764705882,-0.00018111239186263933,81.24016029936043,-3.117612614143492e-05,81.24016029936043
21,4.575630252100841,-0.00013490604191669251,81.24016030021188,-2.3139490287930192e-05,81.24016030021188
21,4.621848739495799,-0.00010005350633205583,81.24016030069062,-1.7095130349828545e-05,81.24016030069062
21,4.668067226890757,-7.388419583514256e-05,81.24016030095743,-1.257133534795802e-05,81.24016030095743
21,4.714285714285714,-5.4323750694244615e-05,81.24016030110481,-9.202036877655698e-06,81.24016030110481
21,4.760504201680672,-3.9769261163720687e-05,81.24016030118548,-6.704758130264576e-06,81.24016030118548
21,4.806722689075631,-2.8988482601151073e-05,81.24016030122928,-4.862747439480326e-06,81.24016030122928
21,4.852941176470589,-2.103895773139042e-05,81.24016030125283,-3.5106090975694994e-06,81.24016030125283
21,4.899159663865547,-1.5203525878799474e-05,81.24016030126539,-2.522829840810733e-06,81.24016030126539
21,4.945378151260504,-1.0939219587512519e-05,81.24016030127203,-1.8046816151106248e-06,81.24016030127203
21,4.991596638655462,-7.837017988941486e-06,81.2401603012755,-1.2850578219948986e-06,81.2401603012755
21,5.03781512605042,-5.5903419128646445e-06,81.2401603012773,-9.108698985115307e-07,81.2401603012773
21,5.084033613445379,-3.970538870863517e-06,81.24016030127824,-6.426931630905907e-07,81.24016030127824
21,5.130252100840337,-2.8079191978443207e-06,81.2401603012787,-4.51405230302025e-07,81.2401603012787
21,5.176470588235294,-1.9771714916696858e-06,81.24016030127895,-3.156071898092279e-07,81.24016030127895
21,5.222689075630252,-1.3862103856323535e-06,81.24016030127906,-2.1965763118691215e-07,81.24016030127906
21,5.26890756302521,-9.676972685255474e-07,81.24016030127913,-1.521830975083646e-07,81.24016030127913
21,5.315126050420169,-6.726295036041879e-07,81.24016030127916,-1.0495636266552622e-07,81.24016030127916
21,5.3613445378151265,-4.655204914240407e-07,81.24016030127918,-7.205676673168802e-08,81.24016030127918
21,5.407563025210084,-3.207957712129038e-07,81.24016030127918,-4.9245408730558995e-08,81.24016030127918
21,5.453781512605042,-2.2011307880937982e-07,81.24016030127918,-3.3502941564534916e-08,81.24016030127918
21,5.5,-1.5038027433473777e-07,81.24016030127919,-2.268963500542228e-08,81.24016030127919
22,0.0,0.26523121735797434,75.00556033308445,-2.9624112953561235,75.00556033308445
22,0.046218487394957986,0.26096038607362626,74.89420560202494,-2.836546024020011,74.89420560202494
22,0.09243697478991597,0.24952973752773344,74.80947606644922,-2.698672535123603,74.80947606644922
22,0.13865546218487396,0.23004429553173456,74.75305776123892,-2.5505519477959493,74.75305776123892
22,0.18487394957983194,0.20167251456073032,74.72641116320199,-2.3940596143993655,74.72641116320199
22,0.23109243697478993,0.16367161115701023,74.73068388012895,-2.231147027372379,74.73068388012895
22,0.2773109243697479,0.11541242517356487,74.76661994436718,-2.0638030438303208,74.76661994436718
22,0.3235294117647059,0.05640303640128863,74.83447405996495,-1.8940154873275192,74.83447405996495
22,0.3697478991596639,-0.013689636348660272,74.93393952126087,-1.7237341295765622,74.93393952126087
22,0.41596638655462187,-0.09502099875679093,75.06409791203617,-1.5548359635597642,75.06409791203617
22,0.46218487394957986,-0.18755339519418968,75.2233971402616,-1.3890935629946153,75.2233971402616
22,0.5084033613445378,-0.2910447799495586,75.40966203072246,-1.2281471840777591,75.40966203072246
22,0.5546218487394958,-0.40504194586639386,75.62013885832576,-1.0734811149657304,75.62013885832576
22,0.6008403361344539,-0.5288786847125753,75.85157220061011,-0.9264046199598273,75.85157220061011
22,0.6470588235294118,-0.661679112258982,76.10030966842855,-0.7880376701825007,76.10030966842855
22,0.6932773109243697,-0.80236623798727,76.36242775984508,-0.6593015012622025,76.36242775984508
22,0.7394957983193278,-0.9496757014632955,76.63387049528123,-0.5409139023965048,76.63387049528123
22,0.7857142857142858,-1.1021744393454007,76.91059175738798,-0.43338901915137207,76.91059175738798
22,0.8319327731092437,-1.2582838943349826,77.18869238178237,-0.3370413499601881,77.18869238178237
22,0.8781512605042017,-1.4163072359961602,77.46454392927266,-0.25199353510010347,77.46454392927266
22,0.9243697478991597,-1.5744599378052326,77.73489255507134,-0.17818747520546374,77.73489255507134
22,0.9705882352941178,-1.7309029487916932,77.99693826950381,-0.11539827589107476,77.99693826950381
22,1.0168067226890756,-1.8837776172959362,78.24838694478298,-0.0632504934293514,78.24838694478298
22,1.0630252100840336,-2.031241468146878,78.48747447054674,-0.02123614992488156,78.48747447054674
22,1.1092436974789917,-2.1715039083019962,78.71296432911404,0.011266003526116508,78.71296432911404
22,1.1554621848739497,-2.302860937287409,78.92412143232856,0.03497047793593655,78.92412143232856
22,1.2016806722689077,-2.423727970003542,79.12066625236925,0.05066476363486361,79.12066625236925
22,1.2478991596638656,-2.5326699370470385,79.30271405494376,0.059189209788900854,79.30271405494376
22,1.2941176470588236,-2.6284279116240334,79.47070439973965,0.06141746081315791,79.47070439973965
22,1.3403361344537816,-2.7099416176193873,79.62532604063449,0.058237800170532594,79.62532604063449
22,1.3865546218487395,-2.7763672980115945,79.76744198740654,0.05053570582054334,79.76744198740654
22,1.4327731092436975,-2.827090561208328,79.8980188506114,0.03917787423103469,79.8980188506114
22,1.4789915966386555,-2.8617339711654477,80.01806376083664,0.024997922451692745,80.01806376083664
22,1.5252100840336136,-2.8801592996140304,80.12857121556037,0.008783930121872174,80.12857121556037
22,1.5714285714285716,-2.882464510625386,80.23048124144944,-0.008732063647487465,80.23048124144944
22,1.6176470588235294,-2.868975693817415,80.32464933979854,-0.026882539856828203,80.32464933979854
22,1.6638655462184875,-2.840234298312186,80.41182786704545,-0.045070932268943764,80.41182786704545
22,1.7100840336134455,-2.7969801405059656,80.49265783512027,-0.0627760332056102,80.49265783512027
22,1.7563025210084033,-2.7401307613914945,80.56766962348867,-0.07955443424544839,80.56766962348867
22,1.8025210084033614,-2.6707577904160047,80.63729078518755,-0.09504110227428342,80.63729078518755
22,1.8487394957983194,-2.5900610308813086,80.70185899584281,-0.1089482265004591,80.70185899584281
22,1.8949579831932775,-2.499341015259702,80.7616382180188,-0.12106250319122225,80.7616382180188
22,1.9411764705882355,-2.399970787431961,80.81683630473961,-0.13124105059202051,80.81683630473961
22,1.9873949579831933,-2.293367653390458,80.86762251198412,-0.1394061667235338,80.86762251198412
22,2.033613445378151,-2.180965604039617,80.91414369552882,-0.14553915652848026,80.91414369552882
22,2.0798319327731094,-2.0641890555141345,80.95653829976277,-0.14967346198827158,80.95653829976277
22,2.1260504201680672,-1.9444284772933642,80.99494757615479,-0.1518873292543681,80.99494757615479
22,2.1722689075630255,-1.8230183893981007,81.02952377396909,-0.15229624048270907,81.02952377396909
22,2.2184873949579833,-1.7012181114074458,81.0604353087859,-0.151045325655506,81.0604353087859
22,2.264705882352941,-1.5801955416529907,81.08786912513395,-0.1483019514865518,81.08786912513395
22,2.3109243697478994,-1.4610141389371805,81.1120306234999,-0.14424866176584317,81.1120306234999
22,2.357142857142857,-1.3446231752693834,81.13314161961819,-0.13907661697617257,81.13314161961819
22,2.4033613445378155,-1.2318512299436826,81.15143684960397,-0.1329796520495634,81.15143684960397
22,2.4495798319327733,-1.1234028058300396,81.16715953534374,-0.1261490407967063,81.16715953534374
22,2.495798319327731,-1.019857870551533,81.18055648949611,-0.11876902515929544,81.18055648949611
22,2.5420168067226894,-0.9216740600808233,81.19187317815597,-0.11101313802784496,81.19187317815597
22,2.588235294117647,-0.8291912314409267,81.20134908129754,-0.10304132101050811,81.20134908129754
22,2.634453781512605,-0.7426380151650811,81.20921360540584,-0.09499781403116536,81.20921360540584
22,2.6806722689075633,-0.6621399968436332,81.21568271688247,-0.0870097726413892,81.21568271688247
22,2.726890756302521,-0.5877291498166954,81.22095638497444,-0.07918655188941148,81.22095638497444
22,2.773109243697479,-0.5193541466789924,81.22521685355487,-0.07161958269852686,81.22521685355487
22,2.819327731092437,-0.456891194203477,81.22862770482148,-0.06438275801753601,81.22862770482148
22,2.865546218487395,-0.4001550627172916,81.23133363607526,-0.05753324132630233,81.23133363607526
22,2.9117647058823533,-0.3489100148669406,81.23346084306688,-0.05111260910720894,81.23346084306688
22,2.957983193277311,-0.3028803779944198,81.23511788879028,-0.04514824117753857,81.23511788879028
22,3.004201680672269,-0.26176054695974393,81.23639693317402,-0.03965487779078014,81.23639693317402
22,3.050420168067227,-0.2252242482483453,81.23737520456294,-0.03463626958631094,81.23737520456294
22,3.096638655462185,-0.1929329398373052,81.23811660575487,-0.030086855193474538,81.23811660575487
22,3.1428571428571432,-0.16454326304775257,81.23867336330039,-0.02599341101357755,81.23867336330039
22,3.189075630252101,-0.1397135012403563,81.23908764669251,-0.02233662786155355,81.23908764669251
22,3.235294117647059,-0.11810903477860579,81.23939310223615,-0.019092579291518197,81.23939310223615
22,3.281512605042017,-0.09940681152306308,81.23961626347764,-0.016234056140955744,81.23961626347764
22,3.327731092436975,-0.08329887687175108,81.23977781519713,-0.013731750803014586,81.23977781519713
22,3.3739495798319328,-0.0694950269004797,81.23989370060617,-0.011555282735105199,81.23989370060617
22,3.420168067226891,-0.05772466259741682,81.2399760713565,-0.009674063588353765,81.2399760713565
22,3.466386554621849,-0.04773793281743477,81.24003408731633,-0.00805800601939144,81.24003408731633
22,3.5126050420168067,-0.03930625884174266,81.24007457804196,-0.006678084714559218,81.24007457804196
22,3.558823529411765,-0.03222233485316506,81.24010258080895,-0.005506761462203857,81.24010258080895
22,3.6050420168067228,-0.02629969682646549,81.24012177136514,-0.004518288338440202,81.24012177136514
22,3.651260504201681,-0.021371947910543976,81.24013480361855,-0.003688904344691324,81.24013480361855
22,3.697478991596639,-0.017291721962761297,81.24014357364854,-0.0029969412881134527,81.24014357364854
22,3.7436974789915967,-0.013929459071797934,81.24014942204288,-0.0024228544752229464,81.24014942204288
22,3.789915966386555,-0.011172058209681757,81.24015328687587,-0.001949193041036551,81.24015328687587
22,3.8361344537815127,-0.008921463055972162,81.24015581785125,-0.0015605236002942946,81.24015581785125
22,3.882352941176471,-0.007093227935160068,81.24015746037954,-0.0012433195113821377,81.24015746037954
22,3.928571428571429,-0.005615102023188073,81.2401585167354,-0.000985826499361006,81.2401585167354
22,3.9747899159663866,-0.004425661756594507,81.24015918999851,-0.0007779137863572205,81.24015918999851
22,4.0210084033613445,-0.0034730138932330817,81.24015961524555,-0.0006109183015139893,81.24015961524555
22,4.067226890756302,-0.002713585037658381,81.24015988143107,-0.0004774880469958706,81.24015988143107
22,4.113445378151261,-0.002111007712334627,81.24016004655839,-0.00037142932275506524,81.24016004655839
22,4.159663865546219,-0.0016351082363086078,81.2401601480779,-0.00028756128767958716,81.2401601480779
22,4.205882352941177,-0.0012609977374470963,81.24016020993378,-0.0002215802724074567,81.24016020993378
22,4.2521008403361344,-0.0009682645163336841,81.24016024728611,-0.0001699353632258517,81.24016024728611
22,4.298319327731092,-0.0007402636235916589,81.2401602696406,-0.00012971604265448605,81.2401602696406
22,4.344537815126051,-0.000563497819940582,81.24016028290006,-9.855209016342188e-05,81.24016028290006
22,4.390756302521009,-0.000427082966360277,81.24016029069487,-7.452550162424364e-05,81.24016029069487
22,4.436974789915967,-0.0003222902466106965,81.24016029523649,-5.60938617834017e-05,81.24016029523649
22,4.483193277310924,-0.00024215736599788977,81.24016029785915,-4.202438255629208e-05,81.24016029785915
22,4.529411764705882,-0.00018116091520759946,81.24016029936023,-3.1337683628820424e-05,81.24016029936023
22,4.575630252100841,-0.00013494236128228998,81.24016030021178,-2.326032397353744e-05,81.24016030021178
22,4.621848739495799,-0.00010008056399535064,81.24016030069056,-1.7185078129780063e-05,81.24016030069056
22,4.668067226890757,-7.39042595447781e-05,81.2401603009574,-1.263797592250906e-05,81.2401603009574
22,4.714285714285714,-5.433855899846028e-05,81.24016030110478,-9.251177092580885e-06,81.24016030110478
22,4.760504201680672,-3.978013985491747e-05,81.24016030118548,-6.740823418397465e-06,81.24016030118548
22,4.806722689075631,-2.8996437398639e-05,81.24016030122927,-4.8890925259990154e-06,81.24016030122927
22,4.852941176470589,-2.104474757124678e-05,81.24016030125283,-3.5297636228258876e-06,81.24016030125283
22,4.899159663865547,-1.5207720498284615e-05,81.24016030126539,-2.536691276502326e-06,81.24016030126539
22,4.945378151260504,-1.0942244485281742e-05,81.24016030127203,-1.8146658195590125e-06,81.24016030127203
22,4.991596638655462,-7.839189311472549e-06,81.2401603012755,-1.2922158002429509e-06,81.2401603012755
22,5.03781512605042,-5.591893359180273e-06,81.2401603012773,-9.159777943463187e-07,81.2401603012773
22,5.084033613445379,-3.971642316891603e-06,81.24016030127824,-6.463211975049339e-07,81.24016030127824
22,5.130252100840337,-2.8087004125498626e-06,81.2401603012787,-4.539701944706169e-07,81.2401603012787
22,5.176470588235294,-1.977722042759504e-06,81.24016030127895,-3.1741217836262544e-07,81.24016030127895
22,5.222689075630252,-1.3865966063558607e-06,81.24016030127906,-2.209219407755072e-07,81.24016030127906
22,5.26890756302521,-9.679669722688473e-07,81.24016030127913,-1.5306459424412798e-07,81.24016030127913
22,5.315126050420169,-6.728169833935273e-07,81.24016030127916,-1.0556811922461913e-07,81.24016030127916
22,5.3613445378151265,-4.6565022146422424e-07,81.24016030127918,-7.247936668940822e-08,81.24016030127918
22,5.407563025210084,-3.208851321471614e-07,81.24016030127918,-4.953599512897467e-08,81.24016030127918
22,5.453781512605042,-2.201743530941482e-07,81.24016030127918,-3.3701833949119445e-08,81.24016030127918
22,5.5,-1.504220991917802e-07,81.24016030127919,-2.282514145976234e-08,81.24016030127919
23,0.0,0.2659425351188262,75.00544959447448,-2.957736952407449,75.00544959447448
23,0.046218487394957986,0.2615678029379125,74.89409934328819,-2.832225776690205,74.89409934328819
23,0.09243697478991597,0.2500400498398818,74.80937331464372,-2.6946947961030108,74.80937331464372
23,0.13865546218487396,0.23046546976326177,74.75295782108367,-2.546899886004291,74.75295782108367
23,0.18487394957983194,0.20201344650249098,74.7263136078031,-2.3907118891932377,74.7263136078031
23,0.23109243697478993,0.16394186888539863,74.73058852481206,-2.2280786302497697,74.73058852481206
23,0.2773109243697479,0.11562198432150517,74.76652680769689,-2.0609862158414556,74.76652680769689
23,0.3235294117647059,0.05656201628847235,74.83438331657975,-1.8914206782541179,74.83438331657975
23,0.3697478991596639,-0.013571227487279458,74.9338514512546,-1.7213309642893302,74.9338514512546
23,0.41596638655462187,-0.09493350183509719,75.06401285129851,-1.5525941818036433,75.06401285129851
23,0.46218487394957986,-0.1874877149288885,75.22331543551414,-1.386983901101834,75.22331543551414
23,0.5084033613445378,-0.29099257053299254,75.40958400205325,-1.226142170621836,75.40958400205325
23,0.5546218487394958,-0.4049957633851946,75.62006477094839,-1.071555756932364,75.62006477094839
23,0.6008403361344539,-0.5288321034390595,75.85150224648322,-0.924536961370098,75.85150224648322
23,0.6470588235294118,-0.661626803377164,76.10024395738418,-0.7862092109695418,76.10024395738418
23,0.6932773109243697,-0.8023040107222776,76.36236631907798,-0.6574974702837588,76.36236631907798
23,0.7394957983193278,-0.9496005079019749,76.63381327551343,-0.5391233844585326,76.63381327551343
23,0.7857142857142858,-1.102084345416511,76.91053864373862,-0.43160494155851126,76.91053864373862
23,0.8319327731092437,-1.2581780204190531,77.18864320735645,-0.33526033915068343,77.18864320735645
23,0.8781512605042017,-1.416185671428182,77.46449848966407,-0.2502156581792683,77.46449848966407
23,0.9243697478991597,-1.574323634100785,77.73485062230425,-0.1764158845161421,77.73485062230425
23,0.9705882352941178,-1.7307535967641932,77.9968996043474,-0.11363877707459746,77.9968996043474
23,1.0168067226890756,-1.8836175133448632,78.2483513067888,-0.061511058706059885,78.2483513067888
23,1.0630252100840336,-2.0310733749005303,78.48744162556272,-0.019526398589639775,78.48744162556272
23,1.1092436974789917,-2.1713309145171444,78.71293405433445,0.012935336066292713,78.71293405433445
23,1.1554621848739497,-2.302686321472419,78.92409351918295,0.036588062741190974,78.92409351918295
23,1.2016806722689077,-2.4235550716744427,79.12064050768319,0.05221917474921156,79.12064050768319
23,1.2478991596638656,-2.5325020388836696,79.30269030086595,0.06066937968642261,79.30269030086595
23,1.2941176470588236,-2.6282681351002957,79.47068247290885,0.06281308277682829,79.47068247290885
23,1.3403361344537816,-2.7097928339714077,79.62530579099544,0.05953966878858452,79.62530579099544
23,1.3865546218487395,-2.7762320557098352,79.76742327698766,0.05173598997884454,79.76742327698766
23,1.4327731092436975,-2.8269710304396938,79.89800155246961,0.04027032004395892,79.89800155246961
23,1.4789915966386555,-2.8616319052299435,80.01804775827155,0.025977986393790786,80.01804775827155
23,1.5252100840336136,-2.8800760126123315,80.12855640161258,0.009648845103024328,80.12855640161258
23,1.5714285714285716,-2.8824008703693416,80.23046751863399,-0.007983284438635607,80.23046751863399
23,1.6176470588235294,-2.8689321285396936,80.32463661998223,-0.026249154873388747,80.32463661998223
23,1.6638655462184875,-2.8402108154857437,80.41181607136365,-0.04455057162653375,80.41181607136365
23,1.7100840336134455,-2.796976355905027,80.49264689382989,-0.06236483838196527,80.49264689382989
23,1.7563025210084033,-2.740145936429169,80.56765947567487,-0.07924722868916234,80.56765947567487
23,1.8025210084033614,-2.670790875770212,80.63728137827125,-0.09483158417001825,80.63728137827125
23,1.8487394957983194,-2.5901107144629343,80.70185028486729,-0.10882917526996039,80.70185028486729
23,1.8949579831932775,-2.4994057726731462,80.76163016472738,-0.12102599189666918,80.76163016472738
23,1.9411764705882355,-2.40004893321942,80.81682887648391,-0.13127865719251375,80.81682887648391
23,1.9873949579831933,-2.293457391526804,80.86761568052262,-0.1395091780575477,80.86761568052262
23,2.033613445378151,-2.1810650763442823,80.91413743578595,-0.1456987599009203,80.91413743578595
23,2.0798319327731094,-2.0642963868618267,80.956532588625,-0.14988092028066013,80.956532588625
23,2.1260504201680672,-1.9445418167275434,80.99494239137228,-0.15213413650918817,80.99494239137228
23,2.1722689075630255,-1.8231359464733359,81.029519093223,-0.15257425590202445,81.029519093223
23,2.2184873949579833,-1.7013381873017863,81.06043110896258,-0.1513468848726145,81.06043110896258
23,2.264705882352941,-1.5803165547949583,81.08786538183065,-0.148619954797093,81.08786538183065
23,2.3109243697478994,-1.4611346450784701,81.11202731076743,-0.14457663972703472,81.11202731076743
23,2.357142857142857,-1.3447418821011539,81.13313870992775,-0.13940877439230803,81.13313870992775
23,2.4033613445378155,-1.2319670064983157,81.15143431401057,-0.13331089185520817,81.15143431401057
23,2.4495798319327733,-1.1235146870304007,81.16715734380912,-0.12647496972767946,81.16715734380912
23,2.495798319327731,-1.0199650573644892,81.18055461132515,-0.11908594337025846,81.18055461132515
23,2.5420168067226894,-0.9217759158020566,81.19187158250084,-0.1113180149817552,81.19187158250084
23,2.588235294117647,-0.8292872746836419,81.20134773768426,-0.10333176003886635,81.20134773768426
23,2.634453781512605,-0.742727910148238,81.20921248424332,-0.09527200795559665,81.20921248424332
23,2.6806722689075633,-0.6622235415772817,81.21568178992143,-0.0872664527689011,81.21568178992143
23,2.726890756302521,-0.587806262765449,81.22095562569268,-0.07942493255757377,81.22095562569268
23,2.773109243697479,-0.5194248524524099,81.22521623745352,-0.07183930336537259,81.22521623745352
23,2.819327731092437,-0.45695560877700814,81.22862720962674,-0.0645838246758208,81.22862720962674
23,2.865546218487395,-0.40021337863249684,81.23133324184647,-0.05771596878467733,81.23133324184647
23,2.9117647058823533,-0.34896248679825437,81.2334605322184,-0.05127756543183093,81.2334605322184
23,2.957983193277311,-0.3029273090043052,81.23511764603874,-0.045296195336459455,81.23511764603874
23,3.004201680672269,-0.2618022756977698,81.23639674542525,-0.03978675129819731,81.23639674542525
23,3.050420168067227,-0.22526113728465624,81.2373750607537,-0.03475309271128424,81.2373750607537
23,3.096638655462185,-0.19296536525935393,81.23811649666438,-0.030189728083575673,81.23811649666438
23,3.1428571428571432,-0.16457160539256632,81.23867328134529,-0.026083469892315136,81.23867328134529
23,3.189075630252101,-0.13973813778437183,81.23908758571709,-0.022415016292068213,81.23908758571709
23,3.235294117647059,-0.11813033316389765,81.23939305730725,-0.01916042435950005,81.23939305730725
23,3.281512605042017,-0.09942512466320297,81.23961623069125,-0.016292449297415024,81.23961623069125
23,3.327731092436975,-0.08331453905254427,81.23977779150178,-0.013781733021828169,81.23977779150178
23,3.3739495798319328,-0.06950835097023811,81.23989368364556,-0.01159783357960309,81.23989368364556
23,3.420168067226891,-0.057735938127758235,81.23997605933285,-0.009710093743616977,81.23997605933285
23,3.466386554621849,-0.04774742510820107,81.24003407887415,-0.008088352829663914,81.24003407887415
23,3.5126050420168067,-0.039314208641636705,81.24007457217103,-0.006703510265370083,81.24007457217103
23,3.558823529411765,-0.032228958670306174,81.24010257676504,-0.00552795276134338,81.24010257676504
23,3.6050420168067228,-0.02630518770928958,81.24012176860617,-0.004535859175783308,81.24012176860617
23,3.651260504201681,-0.021376476588462867,81.24013480175408,-0.0037033984450250967,81.24013480175408
23,3.697478991596639,-0.017295438246898276,81.24014357240047,-0.0030088364108940002,81.24014357240047
23,3.7436974789915967,-0.013932493428167547,81.24014942121532,-0.002432567158091925,81.24014942121532
23,3.789915966386555,-0.011174523429725969,81.24015328633232,-0.001957083727878034,81.24015328633232
23,3.8361344537815127,-0.008923455961852261,81.24015581749757,-0.001566901937859494,81.24015581749757
23,3.882352941176471,-0.007094831069178076,81.24015746015158,-0.0012484496396778788,81.24015746015158
23,3.928571428571429,-0.005616385281855207,81.24015851658984,-0.000989932199071633,81.24015851658984
23,3.9747899159663866,-0.004426683939939086,81.24015918990642,-0.0007811833808527846,81.24015918990642
23,4.0210084033613445,-0.0034738241488082855,81.24015961518784,-0.0006135092410826867,81.24015961518784
23,4.067226890756302,-0.0027142241863084143,81.24015988139523,-0.0004795311286776849,81.24015988139523
23,4.113445378151261,-0.0021115094491114123,81.24016004653635,-0.000373032520585119,81.24016004653635
23,4.159663865546219,-0.0016355002050483236,81.24016014806448,-0.00028881318548235405,81.24016014806448
23,4.205882352941177,-0.001261302481510726,81.24016020992568,-0.00022255310483094287,81.24016020992568
23,4.2521008403361344,-0.0009685003109981306,81.24016024728127,-0.0001706876808639443,81.24016024728127
23,4.298319327731092,-0.0007404451976790391,81.24016026963771,-0.00013029502430890808,81.24016026963771
23,4.344537815126051,-0.0005636369756242179,81.24016028289837,-9.899552999405314e-05,81.24016028289837
23,4.390756302521009,-0.0004271891068191175,81.2401602906939,-7.486350156673139e-05,81.2401602906939
23,4.436974789915967,-0.0003223708214435683,81.24016029523592,-5.635026059146696e-05,81.24016029523592
23,4.483193277310924,-0.00024221824416794432,81.24016029785882,-4.221795252998435e-05,81.24016029785882
23,4.529411764705882,-0.00018120669486705598,81.24016029936006,-3.148312485275976e-05,81.24016029936006
23,4.575630252100841,-0.00013497662521316138,81.24016030021167,-2.3369083997508682e-05,81.24016030021167
23,4.621848739495799,-0.00010010608866602546,81.24016030069052,-1.7266022715946468e-05,81.24016030069052
23,4.668067226890757,-7.392318498274835e-05,81.24016030095737,-1.2697933952313589e-05,81.24016030095737
23,4.714285714285714,-5.435252586169525e-05,81.24016030110477,-9.295380122830224e-06,81.24016030110477
23,4.760504201680672,-3.9790399282495356e-05,81.24016030118547,-6.773257813530464e-06,81.24016030118547
23,4.806722689075631,-2.9003938459470934e-05,81.24016030122927,-4.912779653354826e-06,81.24016030122927
23,4.852941176470589,-2.105020642428955e-05,81.24016030125283,-3.546981333865727e-06,81.24016030125283
23,4.899159663865547,-1.5211674737899018e-05,81.24016030126539,-2.54914784164178e-06,81.24016030126539
23,4.945378151260504,-1.0945095575731355e-05,81.24016030127203,-1.8236356524360144e-06,81.24016030127203
23,4.991596638655462,-7.84123551522689e-06,81.2401603012755,-1.2986447007583822e-06,81.2401603012755
23,5.03781512605042,-5.593355132184428e-06,81.2401603012773,-9.205640511740384e-07,81.2401603012773
23,5.084033613445379,-3.972681775886081e-06,81.24016030127824,-6.495777060395953e-07,81.24016030127824
23,5.130252100840337,-2.809436169238239e-06,81.2401603012787,-4.562717475389377e-07,81.2401603012787
23,5.176470588235294,-1.978240440933101e-06,81.24016030127895,-3.1903125460560136e-07,81.24016030127895
23,5.222689075630252,-1.3869601846416588e-06,81.24016030127906,-2.2205562898332514e-07,81.24016030127906
23,5.26890756302521,-9.682208007674588e-07,81.24016030127913,-1.5385473114573088e-07,81.24016030127913
23,5.315126050420169,-6.729933813000527e-07,81.24016030127916,-1.0611626452275766e-07,81.24016030127916
23,5.3613445378151265,-4.657722494967309e-07,81.24016030127918,-7.285787533364241e-08,81.24016030127918
23,5.407563025210084,-3.209691635019306e-07,81.24016030127918,-4.9796157621888485e-08,81.24016030127918
23,5.453781512605042,-2.2023195555515218e-07,81.24016030127918,-3.387982749000389e-08,81.24016030127918
23,5.5,-1.5046140537554238e-07,81.24016030127919,-2.2946356430821967e-08,81.24016030127919
24,0.0,0.2668021800582252,75.00534587900236,-2.952457211588282,75.00534587900236
24,0.046218487394957986,0.2623251902948023,74.89399960773892,-2.8272772439640725,74.89399960773892
24,0.09243697478991597,0.2507010571221775,74.80927662208411,-2.690071242283767,74.80927662208411
24,0.13865546218487396,0.23103720987363285,74.75286351352892,-2.5425896685457507,74.75286351352892
24,0.18487394957983194,0.2025040384102459,74.72622129528095,-2.3866985996248555,74.72622129528095
24,0.23109243697478993,0.16436018900842342,74.73049805786266,-2.224341862353655,74.73049805786266
24,0.2773109243697479,0.11597740711648719,74.76643823743258,-2.057502423963684,74.76643823743258
24,0.3235294117647059,0.0568641526991982,74.83429684694008,-1.8881640923590188,74.83429684694008
24,0.3697478991596639,-0.013312785274688821,74.93376738816002,-1.718274527106134,74.93376738816002
24,0.41596638655462187,-0.09470942141583016,75.06393155305967,-1.549710473705117,75.06393155305967
24,0.46218487394957986,-0.1872891434010846,75.22323726816109,-1.3842460201376579,75.22323726816109
24,0.5084033613445378,-0.29081132692053124,75.40950930230176,-1.2235245382733542,75.40950930230176
24,0.5546218487394958,-0.404824499040231,75.61999381844977,-1.069034824456942,75.61999381844977
24,0.6008403361344539,-0.5286644271050385,75.85143524592314,-0.9220917968105589,75.85143524592314
24,0.6470588235294118,-0.6614573690519716,76.10018103002821,-0.7838219527263153,76.10018103002821
24,0.6932773109243697,-0.8021285679110761,76.36230750258306,-0.6551536392750217,76.36230750258306
24,0.7394957983193278,-0.9494159152248756,76.6337585303058,-0.5368120530178206,76.6337585303058
24,0.7857142857142858,-1.1018885497832258,76.91048786399564,-0.42931876304666705,76.91048786399564
24,0.8319327731092437,-1.2579700050544806,77.18859623462951,-0.3329954475333121,77.18859623462951
24,0.8781512605042017,-1.415965376896005,77.46445512735684,-0.24797145132584397,77.46445512735684
24,0.9243697478991597,-1.574091857104591,77.7348106495652,-0.17419470855309394,77.7348106495652
24,0.9705882352941178,-1.7305118718997021,77.99686278833114,-0.11144553167622595,77.99686278833114
24,1.0168067226890756,-1.8833679831350316,78.24831741266613,-0.05935274469064633,78.24831741266613
24,1.0630252100840336,-2.030818653383127,78.48741042403468,-0.017411629626064996,78.48741042403468
24,1.1092436974789917,-2.1710739493944287,78.7129053267252,0.014996836374380651,78.7129053267252
24,1.1554621848739497,-2.3024302594060435,78.92406706040444,0.03858595852305369,78.92406706040444
24,1.2016806722689077,-2.423303130749969,79.12061612750539,0.05414299252874599,79.12061612750539
24,1.2478991596638656,-2.5322573916163744,79.30266782397239,0.0625089449321079,79.30266782397239
24,1.2941176470588236,-2.6280338046439216,79.47066173820066,0.06455890625279626,79.47066173820066
24,1.3403361344537816,-2.709571605460603,79.62528665054376,0.06118327382257771,79.62528665054376
24,1.3865546218487395,-2.776026403946826,79.76740559493534,0.05327017498441933,79.76740559493534
24,1.4327731092436975,-2.826783064454837,79.89798520408021,0.041689353724811085,79.89798520408021
24,1.4789915966386555,-2.8614633296253658,80.01803262922458,0.027277735893111554,80.01803262922458
24,1.5252100840336136,-2.8799281050558037,80.12854238755664,0.010826839845542224,80.12854238755664
24,1.5714285714285716,-2.882274474151721,80.23045452494773,-0.006927848398037284,80.23045452494773
24,1.6176470588235294,-2.8688276587499644,80.324624561658,-0.025315463568102103,80.324624561658
24,1.6638655462184875,-2.8401282770933136,80.41180487290754,-0.043736287389302575,80.41180487290754
24,1.7100840336134455,-2.7969153718664046,80.49263648908217,-0.061666231276570116,80.49263648908217
24,1.7563025210084033,-2.7401057838487404,80.5676498074739,-0.07865933660939461,80.5676498074739
24,1.8025210084033614,-2.670770528134078,80.63727239790789,-0.0943483931402831,80.63727239790789
24,1.8487394957983194,-2.590108888019447,80.70184195131732,-0.10844381187958696,80.70184195131732
24,1.8949579831932775,-2.499420975143657,80.76162244367426,-0.12073092044501976,80.76162244367426
24,1.9411764705882355,-2.4000795131751644,80.81682173917427,-0.13106587495004263,80.81682173917427
24,1.9873949579831933,-2.2935015869526687,80.8676091025175,-0.1393704029962315,80.8676091025175
24,2.033613445378151,-2.181121061116098,80.91413139567916,-0.14562560626019483,80.91413139567916
24,2.0798319327731094,-2.0643623140819614,80.9565270668052,-0.149865058361355,80.9565270668052
24,2.1260504201680672,-1.9446158580847808,80.99493736889863,-0.15216743408647915,80.99493736889863
24,2.1722689075630255,-1.823216327010929,81.02951455087236,-0.15264889958587347,81.02951455087236
24,2.2184873949579833,-1.7014232151853683,81.06042702649187,-0.15145548059617475,81.06042702649187
24,2.264705882352941,-1.5804046458654248,81.0878617374765,-0.14875560736261306,81.0878617374765
24,2.3109243697478994,-1.46122434214994,81.11202408098741,-0.14473301197616983,81.11202408098741
24,2.357142857142857,-1.3448318691181065,81.13313586937072,-0.1395801270894168,81.13313586937072
24,2.4033613445378155,-1.2320561177972635,81.15143183568742,-0.1334921057794709,81.15143183568742
24,2.4495798319327733,-1.123601912058966,81.1671551994249,-0.12666155176886917,81.1671551994249
24,2.495798319327731,-1.020049541294405,81.18055277172762,-0.11927401862060094,81.18055277172762
24,2.5420168067226894,-0.9218569565329293,81.19187001819782,-0.11150430692423363,81.19187001819782
24,2.588235294117647,-0.8293643167723879,81.20134641938418,-0.10351356096034614,81.20134641938418
24,2.634453781512605,-0.7428005362165919,81.20921138337894,-0.09544714167446422,81.20921138337894
24,2.6806722689075633,-0.6622914617485165,81.21568087912333,-0.08743323167239225,81.21568087912333
24,2.726890756302521,-0.5878693026640338,81.220954879189,-0.07958211080591582,81.220954879189
24,2.773109243697479,-0.5194829402691568,81.22521563138042,-0.07198602794879427,81.22521563138042
24,2.819327731092437,-0.4570087618599059,81.22862672224346,-0.06471958581685211,81.22862672224346
24,2.865546218487395,-0.40026169001314393,81.23133285365613,-0.057840550970865934,81.23133285365613
24,2.9117647058823533,-0.3490061120074488,81.2334602260016,-0.05139100015154874,81.2334602260016
24,2.957983193277311,-0.3029664534713774,81.23511740681191,-0.04539871637974979,81.23511740681191
24,3.004201680672269,-0.2618371829682955,81.23639656033737,-0.039878753281505475,81.23639656033737
24,3.050420168067227,-0.22529207823269726,81.23737491893696,-0.03483509329457801,81.23737491893696
24,3.096638655462185,-0.19299262841500875,81.23811638905367,-0.030262334174364636,81.23811638905367
24,3.1428571428571432,-0.1645954884548333,81.23867320048011,-0.02614734797615048,81.23867320048011
24,3.189075630252101,-0.13975894034406178,81.23908752553774,-0.022470866895145436,81.23908752553774
24,3.235294117647059,-0.11814835062246853,81.23939301295486,-0.019208960536728714,81.23939301295486
24,3.281512605042017,-0.09944064330118607,81.23961619831886,-0.01633437894878864,81.23961619831886
24,3.327731092436975,-0.08332783217574868,81.23977776810115,-0.01381774477054143,81.23977776810115
24,3.3739495798319328,-0.0695196760430501,81.23989366689298,-0.01162858589576432,81.23989366689298
24,3.420168067226891,-0.057745534790084596,81.23997604745477,-0.009736206965942018,81.23997604745477
24,3.466386554621849,-0.04775551396541178,81.24003407053294,-0.008110403722105808,81.24003407053294
24,3.5126050420168067,-0.03932099071452255,81.24007456636954,-0.00672202874397676,81.24007456636954
24,3.558823529411765,-0.032234615393828436,81.24010257276848,-0.005543420436392499,81.24010257276848
24,3.6050420168067228,-0.026309881373921318,81.2401217658792,-0.004548709373005333,81.2401217658792
24,3.651260504201681,-0.021380351125484864,81.24013479991105,-0.00371401739523719,81.24013479991105
24,3.697478991596639,-0.01729862026831569,81.24014357116666,-0.0030175653275182346,81.24014357116666
24,3.7436974789915967,-0.013935093442324742,81.24014942039715,-0.0024397049548842975,81.24014942039715
24,3.789915966386555,-0.011176637164611758,81.24015328579486,-0.001962890163155512,81.24015328579486
24,3.8361344537815127,-0.008925165739006008,81.24015581714785,-0.001571601005151163,81.24015581714785
24,3.882352941176471,-0.007096207181649522,81.24015745992614,-0.001252233056995053,81.24015745992614
24,3.928571428571429,-0.005617487339515531,81.24015851644589,-0.0009929628790295436,81.24015851644589
24,3.9747899159663866,-0.00442756215438965,81.24015918981536,-0.000783598791125592,81.24015918981536
24,4.0210084033613445,-0.00347452053804391,81.24015961513076,-0.000615424588775608,81.24015961513076
24,4.067226890756302,-0.002714773686111435,81.2401598813598,-0.00048104232299978067,81.2401598813598
24,4.113445378151261,-0.0021119409238623196,81.24016004651456,-0.00037421888570438044,81.24016004651456
24,4.159663865546219,-0.0016358373552934555,81.24016014805119,-0.0002897399097698296,81.24016014805119
24,4.205882352941177,-0.0012615646492862356,81.24016020991765,-0.0002232734240763777,81.24016020991765
24,4.2521008403361344,-0.0009687031866788195,81.24016024727646,-0.00017124480175495158,81.24016024727646
24,4.298319327731092,-0.0007406014341036354,81.24016026963487,-0.00013072380083318895,81.24016026963487
24,4.344537815126051,-0.000563756716563989,81.2401602828967,-9.93239097872474e-05,81.2401602828967
24,4.390756302521009,-0.0004272804376167019,81.24016029069293,-7.511376192289535e-05,81.24016029069293
24,4.436974789915967,-0.00032244014996286353,81.24016029523537,-5.654005519739082e-05,81.24016029523537
24,4.483193277310924,-0.00024227062016369486,81.24016029785851,-4.236119027227394e-05,81.24016029785851
24,4.529411764705882,-0.00018124607559277459,81.24016029935987,-3.159070153910216e-05,81.24016029935987
24,4.575630252100841,-0.00013500609461505842,81.24016030021157,-2.344948675627118e-05,81.24016030021157
24,4.621848739495799,-0.0001001280369223108,81.24016030069045,-1.732582538195018e-05,81.24016030069045
24,4.668067226890757,-7.393945449458159e-05,81.24016030095733,-1.2742200065971434e-05,81.24016030095733
24,4.714285714285714,-5.436452912483932e-05,81.24016030110475,-9.327988387904454e-06,81.24016030110475
24,4.760504201680672,-3.979921339842185e-05,81.24016030118545,-6.797163069107706e-06,81.24016030118545
24,4.806722689075631,-2.901038040366234e-05,81.24016030122927,-4.930220686640398e-06,81.24016030122927
24,4.852941176470589,-2.1054892592777636e-05,81.24016030125283,-3.5596452390518427e-06,81.24016030125283
24,4.899159663865547,-1.5215067749870719e-05,81.24016030126538,-2.5582991458709416e-06,81.24016030126538
24,4.945378151260504,-1.0947540824733225e-05,81.24016030127203,-1.830217098347845e-06,81.24016030127203
24,4.991596638655462,-7.84298953505555e-06,81.2401603012755,-1.3033554012640528e-06,81.2401603012755
24,5.03781512605042,-5.594607474275243e-06,81.2401603012773,-9.23919713115634e-07,81.2401603012773
24,5.084033613445379,-3.973571779454402e-06,81.24016030127824,-6.51956747036567e-07,81.24016030127824
24,5.130252100840337,-2.8100657390535053e-06,81.2401603012787,-4.579503929165999e-07,81.2401603012787
24,5.176470588235294,-1.9786837252681075e-06,81.24016030127895,-3.202100852234998e-07,81.24016030127895
24,5.222689075630252,-1.387270862312084e-06,81.24016030127906,-2.2287954167371076e-07,81.24016030127906
24,5.26890756302521,-9.684375360294764e-07,81.24016030127913,-1.5442785706574108e-07,81.24016030127913
24,5.315126050420169,-6.731438837542646e-07,81.24016030127916,-1.0651305344086411e-07,81.24016030127916
24,5.3613445378151265,-4.6587627852393454e-07,81.24016030127918,-7.313128320515166e-08,81.24016030127918
24,5.407563025210084,-3.210407390704804e-07,81.24016030127918,-4.998365952256137e-08,81.24016030127918
24,5.453781512605042,-2.202809759319433e-07,81.24016030127918,-3.400780820031182e-08,81.24016030127918
24,5.5,-1.504948242795153e-07,81.24016030127919,-2.3033298175871053e-08,81.24016030127919
25,0.0,0.26771852678067654,75.00524852263166,-2.947470982743209,75.00524852263166
25,0.046218487394957986,0.2631438336074954,74.89390578559487,-2.8225916268780384,74.89390578559487
25,0.09243697478991597,0.25142715016238304,74.80918543046828,-2.685681388386374,74.80918543046828
25,0.13865546218487396,0.2316771406157132,74.75277432836312,-2.538485686341015,74.75277432836312
25,0.18487394957983194,0.20306521370678432,74.72613375972848,-2.382866146163521,74.72613375972848
25,0.23109243697478993,0.1648507980488194,74.7304120536984,-2.220762849640984,74.7304120536984
25,0.2773109243697479,0.11640617255716634,74.7663538443184,-2.0541558117497773,74.7663538443184
25,0.3235294117647059,0.057240077945566625,74.83421429424048,-1.8850267360347113,74.83421429424048
25,0.3697478991596639,-0.01298066428067024,74.93368700397166,-1.7153220481441744,74.93368700397166
25,0.41596638655462187,-0.09441227201168267,75.06385371475768,-1.5469181202728226,75.06385371475768
25,0.46218487394957986,-0.18701855250100863,75.22316235805489,-1.3815894871130379,75.22316235805489
25,0.5084033613445378,-0.2905594916995735,75.40943767104257,-1.2209807188022346,75.40943767104257
25,0.5546218487394958,-0.4045843871414636,75.61992575776168,-1.0665824692006982,75.61992575776168
25,0.6008403361344539,-0.5284299028747164,75.85137097116153,-0.9197120619225121,75.85137097116153
25,0.6470588235294118,-0.6612232837454926,76.10012067211359,-0.7814988230743936,76.10012067211359
25,0.6932773109243697,-0.801890813252351,76.36225110810733,-0.6528742192170389,76.36225110810733
25,0.7394957983193278,-0.9491714410781817,76.63370606809661,-0.5345667228297604,76.63370606809661
25,0.7857142857142858,-1.1016353479523104,76.91043923619377,-0.4271012046307723,76.91043923619377
25,0.8319327731092437,-1.2577070623113054,77.18855129032197,-0.3308025480405865,77.18855129032197
25,0.8781512605042017,-1.4156926012248414,77.46441367701789,-0.24580309761431796,77.46441367701789
25,0.9243697478991597,-1.5738099818021052,77.73477247888624,-0.17205348881168447,77.73477247888624
25,0.9705882352941178,-1.7302223425889727,77.9968276704167,-0.10933636298119565,77.9968276704167
25,1.0168067226890756,-1.8830728329317457,78.24828511799883,-0.057282446685028354,78.24828511799883
25,1.0630252100840336,-2.030520371409908,78.4873807279753,-0.0153884649421679,78.4873807279753
25,1.1092436974789917,-2.1707753475961313,78.71287801462681,0.01696363483088459,78.71287801462681
25,1.1554621848739497,-2.3021343422059397,78.92404193063523,0.04048665462972556,78.92404193063523
25,1.2016806722689077,-2.4230129715380935,79.12059299280575,0.055967791548378276,79.12059299280575
25,1.2478991596638656,-2.5319760194158913,79.30264651161781,0.06424840138648236,79.30264651161781
25,1.2941176470588236,-2.6277641035961246,79.4706420894238,0.06620428366660303,79.4706420894238
25,1.3403361344537816,-2.7093162290414625,79.62526851960362,0.06272684798403727,79.62526851960362
25,1.3865546218487395,-2.775787705110419,79.76738884812772,0.05470547543878457,79.76738884812772
25,1.4327731092436975,-2.826563042220121,79.89796971887917,0.043011341160102745,79.89796971887917
25,1.4789915966386555,-2.8612635920057414,80.01801829364973,0.028482915778925033,80.01801829364973
25,1.5252100840336136,-2.8797498476926613,80.12852909977566,0.011913315050485096,80.12852909977566
25,1.5714285714285716,-2.8821184735647307,80.2304421930654,-0.005960381317880348,80.2304421930654
25,1.6176470588235294,-2.868694278764739,80.32461310360414,-0.024465768187315717,80.32461310360414
25,1.6638655462184875,-2.8400174867503516,80.41179421632602,-0.04300168402862603,80.41179421632602
25,1.7100840336134455,-2.796826772951821,80.49262657112499,-0.06104272845210623,80.49262657112499
25,1.7563025210084033,-2.740038646109319,80.56764057442653,-0.0781417890966214,80.56764057442653
25,1.8025210084033614,-2.6707238302372467,80.63726380460112,-0.0939306785317271,80.63726380460112
25,1.8487394957983194,-2.5900813623822962,80.70183396031123,-0.10811901791065992,80.70183396031123
25,1.8949579831932775,-2.499411154871595,80.76161502423388,-0.12049153599440388,80.76161502423388
25,1.9411764705882355,-2.400085779508906,80.81681486608007,-0.13090397842753632,80.81681486608007
25,1.9873949579831933,-2.293522215809741,80.86760275477548,-0.1392778427525716,80.86760275477548
25,2.033613445378151,-2.1811542675198474,80.91412555520326,-0.14559416863479768,80.91412555520326
25,2.0798319327731094,-2.0644062934871457,80.95652171715074,-0.14988661997706387,80.95652171715074
25,2.1260504201680672,-1.9446688238259142,80.99493249411442,-0.1522340959654116,80.99493249411442
25,2.1722689075630255,-1.8232765433108575,81.02951013453217,-0.1527531015645689,81.02951013453217
25,2.2184873949579833,-1.7014890253613046,81.06042305094574,-0.15159009533816636,81.06042305094574
25,2.264705882352941,-1.5804744955532577,81.08785818334498,-0.14891401398631743,81.08785818334498
25,2.3109243697478994,-1.4612967975322348,81.1120209269027,-0.14490914992561166,81.1120209269027
25,2.357142857142857,-1.3449056302844085,81.13313309195024,-0.13976853137276812,81.13313309195024
25,2.4033613445378155,-1.2321300274858054,81.15142940971069,-0.13368792508617489,81.15142940971069
25,2.4495798319327733,-1.1236749601263991,81.16715309817465,-0.12686055125602635,81.16715309817465
25,2.495798319327731,-1.020120865334892,81.18055096744907,-0.11947256934186079,81.18055096744907
25,2.5420168067226894,-0.9219258391205774,81.19186848262756,-0.11169936396877667,81.19186848262756
25,2.588235294117647,-0.8294301798330821,81.20134512430366,-0.10370263238805322,81.20134512430366
25,2.634453781512605,-0.7428629330484409,81.20921030115083,-0.095628250286385,81.20921030115083
25,2.6806722689075633,-0.6623500672062921,81.21567998317848,-0.08760487155630159,81.21567998317848
25,2.726890756302521,-0.5879239020046221,81.22095414443874,-0.07974320045522632,81.22095414443874
25,2.773109243697479,-0.519533417124439,81.22521503453974,-0.07213586158095264,81.22521503453974
25,2.819327731092437,-0.45705508576320497,81.22862624205817,-0.06485778432407319,81.22862624205817
25,2.865546218487395,-0.4003039038578704,81.2313324710348,-0.05796701373086233,81.2313324710348
25,2.9117647058823533,-0.3490443197643591,81.2334599240601,-0.05150585871651714,81.2334599240601
25,2.957983193277311,-0.3030008084360247,81.23511717084129,-0.04550229085527402,81.23511717084129
25,3.004201680672269,-0.26186787675518186,81.23639637770964,-0.03997151200892679,81.23639637770964
25,3.050420168067227,-0.2253193306788317,81.23737477896387,-0.03491761626534995,81.23737477896387
25,3.096638655462185,-0.19301667850488258,81.23811628281325,-0.030335280436455392,81.23811628281325
25,3.1428571428571432,-0.1646165863322273,81.23867312062491,-0.026211427143496557,81.23867312062491
25,3.189075630252101,-0.13977734043477685,81.23908746609656,-0.022526814742665824,81.23908746609656
25,3.235294117647059,-0.11816430585646831,81.23939296913746,-0.019257518556468955,81.23939296913746
25,3.281512605042017,-0.09945440039308817,81.23961616633088,-0.016376277657228266,81.23961616633088
25,3.327731092436975,-0.08333962789926952,81.23977774497439,-0.013853690492069415,81.23977774497439
25,3.3739495798319328,-0.06952973441758004,81.23989365033383,-0.011659250701678059,81.23989365033383
25,3.420168067226891,-0.05775406508575265,81.23997603571213,-0.00976222142014671,81.23997603571213
25,3.466386554621849,-0.04776270942621319,81.24003406228574,-0.008132352071999693,81.24003406228574
25,3.5126050420168067,-0.039327027896760014,81.24007456063273,-0.006740446195512062,81.24007456063273
25,3.558823529411765,-0.03223965401847384,81.24010256881603,-0.005558792163667781,81.24010256881603
25,3.6050420168067228,-0.026314064595932107,81.24012176318205,-0.004561470932637812,81.24012176318205
25,3.651260504201681,-0.021383806129779304,81.24013479808801,-0.0037245562419856992,81.24013479808801
25,3.697478991596639,-0.017301459110469597,81.24014356994611,-0.003026223158082153,81.24014356994611
25,3.7436974789915967,-0.013937414061397368,81.24014941958771,-0.0024467806397006076,81.24014941958771
25,3.789915966386555,-0.011178524505361331,81.24015328526313,-0.0019686430597309623,81.24015328526313
25,3.8361344537815127,-0.008926692930644714,81.24015581680183,-0.0015762544797167377,81.24015581680183
25,3.882352941176471,-0.007097436729846196,81.24015745970308,-0.0012559780729914372,81.24015745970308
25,3.928571428571429,-0.005618472297317434,81.24015851630344,-0.000995961540360718,81.24015851630344
25,3.9747899159663866,-0.004428347245893388,81.24015918972525,-0.0007859877547078398,81.24015918972525
25,4.0210084033613445,-0.0034751432158817014,81.24015961507428,-0.0006173182843510067,81.24015961507428
25,4.067226890756302,-0.0027152651100696285,81.24015988132473,-0.0004825359383370739,81.24015988132473
25,4.113445378151261,-0.002112326853206954,81.24016004649297,-0.0003753910922029216,81.24016004649297
25,4.159663865546219,-0.0016361389516726874,81.24016014803804,-0.0002906553172528775,81.24016014803804
25,4.205882352941177,-0.001261799190478162,81.24016020990972,-0.00022398476443855758,81.24016020990972
25,4.2521008403361344,-0.0009688846940394853,81.24016024727172,-0.00017179484940363712,81.24016024727172
25,4.298319327731092,-0.0007407412184405604,81.24016026963206,-0.00013114704385945586,81.24016026963206
25,4.344537815126051,-0.0005638638484199848,81.24016028289505,-9.964798985182509e-05,81.24016028289505
25,4.390756302521009,-0.00042736214869902416,81.24016029069196,-7.536070327986057e-05,81.24016029069196
25,4.436974789915967,-0.00032250217279244063,81.24016029523482,-5.6727304414854775e-05,81.24016029523482
25,4.483193277310924,-0.0002423174730385013,81.24016029785818,-4.250248833356004e-05,81.24016029785818
25,4.529411764705882,-0.00018128129973919022,81.24016029935969,-3.169680937398483e-05,81.24016029935969
25,4.575630252100841,-0.00013503245001053382,81.24016030021147,-2.352878408032593e-05,81.24016030021147
25,4.621848739495799,-0.0001001476627709775,81.24016030069039,-1.7384801196920286e-05,81.24016030069039
25,4.668067226890757,-7.395399977176958e-05,81.2401603009573,-1.2785851445615152e-05,81.2401603009573
25,4.714285714285714,-5.437525801486138e-05,81.24016030110474,-9.360142360233118e-06,81.24016030110474
25,4.760504201680672,-3.98070898608605e-05,81.24016030118545,-6.820734597138265e-06,81.24016030118545
25,4.806722689075631,-2.90161355375858e-05,81.24016030122925,-4.947418010842132e-06,81.24016030122925
25,4.852941176470589,-2.105907793994771e-05,81.24016030125281,-3.57213222000949e-06,81.24016030125281
25,4.899159663865547,-1.5218097195783542e-05,81.24016030126538,-2.567322762609802e-06,81.24016030126538
25,4.945378151260504,-1.0949723324701953e-05,81.24016030127203,-1.8367069303410215e-06,81.24016030127203
25,4.991596638655462,-7.8445545126435e-06,81.2401603012755,-1.3080007540497039e-06,81.2401603012755
25,5.03781512605042,-5.595724409997323e-06,81.2401603012773,-9.272290350272988e-07,81.2401603012773
25,5.084033613445379,-3.9743652259020655e-06,81.24016030127824,-6.543031189242183e-07,81.24016030127824
25,5.130252100840337,-2.810626760538118e-06,81.2401603012787,-4.596061418112398e-07,81.2401603012787
25,5.176470588235294,-1.9790785612390597e-06,81.24016030127895,-3.213729628099744e-07,81.24016030127895
25,5.222689075630252,-1.387547449494549e-06,81.24016030127906,-2.236924046762593e-07,81.24016030127906
25,5.26890756302521,-9.686303898072406e-07,81.24016030127913,-1.5499337490196822e-07,81.24016030127913
25,5.315126050420169,-6.732777304098524e-07,81.24016030127916,-1.069046351896157e-07,81.24016030127916
25,5.3613445378151265,-4.6596874249800177e-07,81.24016030127918,-7.340114859087106e-08,81.24016030127918
25,5.407563025210084,-3.2110431979979506e-07,81.24016030127918,-5.016876607192194e-08,81.24016030127918
25,5.453781512605042,-2.203244938903994e-07,81.24016030127918,-3.413417917312657e-08,81.24016030127918
25,5.5,-1.5052447283915588e-07,81.24016030127919,-2.311916486640787e-08,81.24016030127919
26,0.0,0.26868470503042546,75.00515694301326,-2.942552693672327,75.00515694301326
26,0.046218487394957986,0.26401609495768885,74.8938173416614,-2.8179552712429823,74.8938173416614
26,0.09243697478991597,0.2522100270935055,74.80909924928625,-2.6813235791733807,74.80909924928625
26,0.13865546218487396,0.23237640005499216,74.75268981678019,-2.5343981591783407,74.75268981678019
26,0.18487394957983194,0.203687652680836,74.72605059074058,-2.379036308908935,74.72605059074058
26,0.23109243697478993,0.16540401767550073,74.73033013686322,-2.217174445732324,74.73033013686322
26,0.2773109243697479,0.11689833840993558,74.76627328439524,-2.050789670039457,74.76627328439524
26,0.3235294117647059,0.0576796751121087,74.83413534268499,-1.881861577049035,74.83413534268499
26,0.3697478991596639,-0.012585073186528462,74.93361000792738,-1.7123353153262553,74.93361000792738
26,0.41596638655462187,-0.09405227802718663,75.06377906779343,-1.5440868048200311,75.06377906779343
26,0.46218487394957986,-0.18668611353511722,75.22309045617536,-1.37889091646249,75.22309045617536
26,0.5084033613445378,-0.29024712162968314,75.4093688765418,-1.2183932815402532,75.4093688765418
26,0.5546218487394958,-0.4042853158084654,75.6198603724248,-1.064086252989684,75.6198603724248
26,0.6008403361344539,-0.5281382033363204,75.85130921926125,-0.9172893857281039,75.85130921926125
26,0.6470588235294118,-0.6609339645643999,76.10006269270893,-0.779134650263611,76.10006269270893
26,0.6932773109243697,-0.8015998750243334,76.36219695541917,-0.6505564437052715,76.36219695541917
26,0.7394957983193278,-0.9488758977788514,76.63365571824006,-0.5322863260862105,76.63365571824006
26,0.7857142857142858,-1.101333214942148,76.91039259832647,-0.42485228673980746,76.91039259832647
26,0.8319327731092437,-1.2573973139372416,77.18850822027706,-0.32858224091128907,77.18850822027706
26,0.8781512605042017,-1.4153751018551874,77.4643739916956,-0.24361137263257415,77.4643739916956
26,0.9243697478991597,-1.5734853948048482,77.73473597000564,-0.16989287458312274,77.73473597000564
26,0.9705882352941178,-1.729892022199636,77.99679411664059,-0.10721159122156099,77.99679411664059
26,1.0168067226890756,-1.8827387041563641,78.24825429483869,-0.05520004573813009,78.24825429483869
26,1.0630252100840336,-2.0301848030837366,78.48735241526465,-0.013356320855344578,78.48735241526465
26,1.1092436974789917,-2.170441023491194,78.71285200164175,0.018936730202089302,78.71285200164175
26,1.1554621848739497,-2.301804134680473,78.92401801915811,0.04239145027941982,78.92401801915811
26,1.2016806722689077,-2.422689821683041,79.12057099855137,0.05779500246464009,79.12057099855137
26,1.2478991596638656,-2.5316628270161443,79.30262626448496,0.06598909834869193,79.30262626448496
26,1.2941176470588236,-2.6274636295255327,79.47062343301874,0.06785023664996981,79.47062343301874
26,1.3403361344537816,-2.709031011987788,79.62525131041062,0.06427081508963717,79.62525131041062
26,1.3865546218487395,-2.7755199938129618,79.76737295461378,0.056141432251745726,79.76737295461378
26,1.4327731092436975,-2.826314743728048,79.89795502071907,0.04433464830184519,79.89795502071907
26,1.4789915966386555,-2.8610362358522305,80.01800468115681,0.02969042504608055,80.01800468115681
26,1.5252100840336136,-2.879544565346693,80.12851647354982,0.01300341683050732,80.12851647354982
26,1.5714285714285716,-2.8819359920798817,80.23043046380728,-0.004987764758128677,80.23043046380728
26,1.6176470588235294,-2.8685349271983256,80.32460219201086,-0.023609237462686394,80.32460219201086
26,1.6638655462184875,-2.839881213677465,80.4117840529704,-0.042258458325342474,80.4117840529704
26,1.7100840336134455,-2.7967131732426544,80.49261709622778,-0.06040877440134729,80.49261709622778
26,1.7563025210084033,-2.7399469950683333,80.56763173745061,-0.0776119748554791,80.56763173745061
26,1.8025210084033614,-2.670653123208055,80.63725556362516,-0.0934989452070667,80.63725556362516
26,1.8487394957983194,-2.590030357992216,80.7018262811738,-0.10777856086235005,80.7018262811738
26,1.8949579831932775,-2.499378420211638,80.76160787946674,-0.12023498918471631,80.76160787946674
26,1.9411764705882355,-2.4000697357064347,80.81680823368082,-0.1307235957812285,80.81680823368082
26,1.9873949579831933,-2.2935211826402515,80.86759661688097,-0.13916567139862046,80.86759661688097
26,2.033613445378151,-2.1811665059108165,80.9141198967422,-0.14554220986210353,80.9141198967422
26,2.0798319327731094,-2.064430044979847,80.95651652455066,-0.1498869747056304,80.95651652455066
26,2.1260504201680672,-1.9447023462741626,80.99492775413488,-0.15227909247146165,80.99492775413488
26,2.1722689075630255,-1.8233181423002023,81.02950583328168,-0.15283540407293117,81.02950583328168
26,2.2184873949579833,-1.701537081023929,81.06041917312383,-0.15170279288452093,81.06041917312383
26,2.264705882352941,-1.5805274846287887,81.08785471173272,-0.14905068964032786,81.08785471173272
26,2.3109243697478994,-1.461353310679538,81.11201784210357,-0.1450639310463373,81.11201784210357
26,2.357142857142857,-1.3449643847826493,81.13313037236638,-0.13993612203640637,81.13313037236638
26,2.4033613445378155,-1.2321898755744805,81.15142703172612,-0.1338636221862508,81.15142703172612
26,2.4495798319327733,-1.1237348933223537,81.16715103650449,-0.12704024603359798,81.16715103650449
26,2.495798319327731,-1.0201800151314515,81.18054919560788,-0.11965273626614881,81.18054919560788
26,2.5420168067226894,-0.9219834745199318,81.19186697346944,-0.11187703896801793,81.19186697346944
26,2.588235294117647,-0.829485702190194,81.2013438505865,-0.10387538243690031,81.2013438505865
26,2.634453781512605,-0.7429158687140927,81.20920923608473,-0.09579413630215061,81.20920923608473
26,2.6806722689075633,-0.6624000584513325,81.21567910092415,-0.08776240645282485,81.21567910092415
26,2.726890756302521,-0.5879706966884903,81.22095342053153,-0.07989130406147904,81.22095342053153
26,2.773109243697479,-0.5195768575412281,81.22521444622402,-0.07227381396216881,81.22521444622402
26,2.819327731092437,-0.4570950970603507,81.22862576852506,-0.06498517885519739,81.22862576852506
26,2.865546218487395,-0.400340482377894,81.23133209356467,-0.058083711074433886,81.23133209356467
26,2.9117647058823533,-0.3490775216115516,81.23345962607644,-0.05161194265680269,81.23345962607644
26,2.957983193277311,-0.3030307385193174,81.23511693788755,-0.04559802674384139,81.23511693788755
26,3.004201680672269,-0.26189467850758685,81.23639619736309,-0.040057308389342516,81.23639619736309
26,3.050420168067227,-0.22534317660451997,81.2373746407016,-0.034993990070192105,81.2373746407016
26,3.096638655462185,-0.19303776165840336,81.23811617784533,-0.03040282599180255,81.23811617784533
26,3.1428571428571432,-0.16463511279173249,81.23867304170831,-0.026270789076305423,81.23867304170831
26,3.189075630252101,-0.139793522793227,81.23908740734188,-0.02257866476677317,81.23908740734188
26,3.235294117647059,-0.11817835772212026,81.2393929258179,-0.019302536013420912,81.2393929258179
26,3.281512605042017,-0.09946653186349952,81.23961613470084,-0.016415133608833843,81.23961613470084
26,3.327731092436975,-0.08335004195152051,81.23977772210279,-0.01388703510160938,81.23977772210279
26,3.3739495798319328,-0.06953862414130096,81.23989363395496,-0.011687703598739718,81.23989363395496
26,3.420168067226891,-0.057761611674526314,81.2399760240958,-0.00978636471847183,81.2399760240958
26,3.466386554621849,-0.047769080836498556,81.24003405412626,-0.008152725698511776,81.24003405412626
26,3.5126050420168067,-0.03933237808106993,81.24007455495631,-0.006757545189765124,81.24007455495631
26,3.558823529411765,-0.0322441226405733,81.24010256490477,-0.00557306561806753,81.24010256490477
26,3.6050420168067228,-0.026317777139585274,81.24012176051276,-0.00457332226281465,81.24012176051276
26,3.651260504201681,-0.021386874318486848,81.24013479628364,-0.003734344501543252,81.24013479628364
26,3.697478991596639,-0.017303981563040416,81.24014356873799,-0.0030342651407035404,81.24014356873799
26,3.7436974789915967,-0.013939477116598487,81.24014941878644,-0.0024533535425675934,81.24014941878644
26,3.789915966386555,-0.011180203157737822,81.24015328473673,-0.001973987513914449,81.24015328473673
26,3.8361344537815127,-0.008928051828539008,81.24015581645926,-0.0015805777844259683,81.24015581645926
26,3.882352941176471,-0.007098531195305485,81.24015745948223,-0.0012594575003528619,81.24015745948223
26,3.928571428571429,-0.005619349335722557,81.2401585161624,-0.0009987476050088984,81.2401585161624
26,3.9747899159663866,-0.004429046520575866,81.24015918963602,-0.0007882073674252144,81.24015918963602
26,4.0210084033613445,-0.0034756979696122237,81.24015961501836,-0.0006190777309879603,81.24015961501836
26,4.067226890756302,-0.0027157030210333694,81.24015988129,-0.00048392364416145056,81.24015988129
26,4.113445378151261,-0.0021126708179195416,81.24016004647162,-0.00037648014769064986,81.24016004647162
26,4.159663865546219,-0.001636407791261306,81.24016014802503,-0.00029150575427117076,81.24016014802503
26,4.205882352941177,-0.0012620082799119012,81.24016020990184,-0.00022464558200364915,81.24016020990184
26,4.2521008403361344,-0.0009690465163118937,81.24016024726701,-0.00017230579599048293,81.24016024726701
26,4.298319327731092,-0.0007408658474771304,81.24016026962927,-0.00013154016889775286,81.24016026962927
26,4.344537815126051,-0.0005639593656919743,81.2401602828934,-9.994898088007062e-05,81.2401602828934
26,4.390756302521009,-0.0004274349992679227,81.24016029069101,-7.559002755165144e-05,81.24016029069101
26,4.436974789915967,-0.0003225574668737595,81.24016029523426,-5.6901174855891745e-05,81.24016029523426
26,4.483193277310924,-0.00024235923924114267,81.24016029785787,-4.26336739002978e-05,81.24016029785787
26,4.529411764705882,-0.00018131269598130936,81.24016029935952,-3.179530930507747e-05,81.24016029935952
26,4.575630252100841,-0.00013505593779725633,81.24016030021137,-2.3602384465431017e-05,81.24016030021137
26,4.621848739495799,-0.00010016515009750489,81.24016030069035,-1.7439530886675936e-05,81.24016030069035
26,4.668067226890757,-7.396695743089494e-05,81.24016030095727,-1.2826352732424502e-05,81.24016030095727
26,4.714285714285714,-5.438481357530303e-05,81.24016030110471,-9.389970182658008e-06,81.24016030110471
26,4.760504201680672,-3.981410306873952e-05,81.24016030118544,-6.842596345579756e-06,81.24016030118544
26,4.806722689075631,-2.902125839700806e-05,81.24016030122925,-4.963364399962651e-06,81.24016030122925
26,4.852941176470589,-2.1062802263340907e-05,81.24016030125281,-3.5837081858073965e-06,81.24016030125281
26,4.899159663865547,-1.52207919887216e-05,81.24016030126538,-2.575685965079764e-06,81.24016030126538
26,4.945378151260504,-1.0951663987806778e-05,81.24016030127203,-1.8427202095773064e-06,81.24016030127203
26,4.991596638655462,-7.845945506195152e-06,81.2401603012755,-1.3123038022130992e-06,81.2401603012755
26,5.03781512605042,-5.5967167342739195e-06,81.2401603012773,-9.30293605533894e-07,81.2401603012773
26,5.084033613445379,-3.975069819665567e-06,81.24016030127824,-6.564752894420013e-07,81.24016030127824
26,5.130252100840337,-2.811124708131582e-06,81.2401603012787,-4.611384680042012e-07,81.2401603012787
26,5.176470588235294,-1.979428821585936e-06,81.24016030127895,-3.2244879241686604e-07,81.24016030127895
26,5.222689075630252,-1.387792673779519e-06,81.24016030127906,-2.244441530119494e-07,81.24016030127906
26,5.26890756302521,-9.688012747015187e-07,81.24016030127913,-1.5551617992807956e-07,81.24016030127913
26,5.315126050420169,-6.733962564961878e-07,81.24016030127916,-1.0726650031099645e-07,81.24016030127916
26,5.3613445378151265,-4.6605056947828586e-07,81.24016030127918,-7.365043270493513e-08,81.24016030127918
26,5.407563025210084,-3.211605479128285e-07,81.24016030127918,-5.033968274052779e-08,81.24016030127918
26,5.453781512605042,-2.2036295190461044e-07,81.24016030127918,-3.425081098390829e-08,81.24016030127918
26,5.5,-1.5055065457176484e-07,81.24016030127919,-2.3198377245788194e-08,81.24016030127919
27,0.0,0.26968692432130925,75.00507062728444,-2.937708198484369,75.00507062728444
27,0.046218487394957986,0.2649270374393149,74.89373380422576,-2.813380066817455,74.89373380422576
27,0.09243697478991597,0.25303368812059546,74.80901764576755,-2.677015471484498,74.80901764576755
27,0.13865546218487396,0.2331180275092759,74.75260958232009,-2.530350142278802,74.75260958232009
27,0.18487394957983194,0.20435355398626331,74.72597142527432,-2.3752370760935326,74.72597142527432
27,0.23109243697478993,0.16600134379840092,74.73025197472545,-2.213609015083467,74.73025197472545
27,0.2773109243697479,0.11743485264974574,74.76619625245065,-2.047440098227357,74.76619625245065
27,0.3235294117647059,0.058163514842716424,74.83405971160262,-1.8787077323882224,74.83405971160262
27,0.3697478991596639,-0.012145633660104238,74.9335361412054,-1.709355679583389,74.9335361412054
27,0.41596638655462187,-0.09364905566818038,75.06370737273272,-1.5412592731670642,75.06370737273272
27,0.46218487394957986,-0.186311228652718,75.2230213402643,-1.3761935662371751,75.2230213402643
27,0.5084033613445378,-0.2898931875816899,75.40930271175847,-1.2158050830108849,75.40930271175847
27,0.5546218487394958,-0.40394560121937495,75.61979746889713,-1.061587698945111,75.61979746889713
27,0.6008403361344539,-0.527806763022733,75.85124980868308,-0.914863021210989,75.85124980868308
27,0.6470588235294118,-0.6606057367497691,76.10000692098247,-0.776765488869632,76.10000692098247
27,0.6932773109243697,-0.8012707438364028,76.36214488327543,-0.6482322623081505,76.36214488327543
27,0.7394957983193278,-0.9485427213885291,76.63360732811951,-0.5299978353298895,76.63360732811951
27,0.7857142857142858,-1.1009938209625467,76.91034780558577,-0.4225931798979712,76.91034780558577
27,0.8319327731092437,-1.2570504648059009,77.18846688680765,-0.32634912850760944,77.18846688680765
27,0.8781512605042017,-1.4150204338313257,77.46433594025318,-0.24140361433991586,77.46433594025318
27,0.9243697478991597,-1.5731233349004956,77.7347009978803,-0.1677123232242792,77.7347009978803
27,0.9705882352941178,-1.7295236878156208,77.99676200769699,-0.10506226608198554,77.99676200769699
27,1.0168067226890756,-1.8823657904105484,78.24822482935413,-0.053087753824628825,78.24822482935413
27,1.0630252100840336,-2.0298094628114676,78.48732537736481,-0.011288245214816233,78.48732537736481
27,1.1092436974789917,-2.1700657446876974,78.71282718441424,0.02095245640230492,78.71282718441424
27,1.1554621848739497,-2.301431619772026,78.92399522774308,0.04434616640138511,78.92399522774308
27,1.2016806722689077,-2.422322872492594,79.1205500516218,0.059679924121126326,79.1205500516218
27,1.2478991596638656,-2.5313042386684526,79.30260699457276,0.06779568888180343,79.30260699457276
27,1.2941176470588236,-2.6271160958551025,79.47060568612308,0.06957053573270677,79.47060568612308
27,1.3403361344537816,-2.7086970443075913,79.62523494525719,0.06589771666535249,79.62523494525719
27,1.3865546218487395,-2.77520185420698,79.76735784184422,0.05766890689174886,79.76735784184422
27,1.4327731092436975,-2.8260143933748623,79.89794104218744,0.04575790780565114,79.89794104218744
27,1.4789915966386555,-2.8607552982942916,80.01799172941938,0.031006029618026787,80.01799172941938
27,1.5252100840336136,-2.879284304106923,80.1285044515545,0.014209327352826762,80.1285044515545
27,1.5714285714285716,-2.88169730160579,80.2304192847314,-0.003892185031469708,80.2304192847314
27,1.6176470588235294,-2.868318335787837,80.3245917791646,-0.022623266078610982,80.3245917791646
27,1.6638655462184875,-2.839686896810779,80.41177433966965,-0.04138009498981354,80.41177433966965
27,1.7100840336134455,-2.796540975605712,80.49260802554844,-0.05963485328149787,80.49260802554844
27,1.7563025210084033,-2.7397964594971214,80.56762326179603,-0.07693830039579197,80.56762326179603
27,1.8025210084033614,-2.6705235247994352,80.6372476440671,-0.09292044416743295,80.6372476440671
27,1.8487394957983194,-2.589920741703118,80.70181888656126,-0.10728944369411764,80.70181888656126
27,1.8949579831932775,-2.499287640392005,80.7616009853246,-0.11982891447958188,80.7616009853246
27,1.9411764705882355,-2.3999964961698694,80.81680182094738,-0.13039383229663493,80.81680182094738
27,1.9873949579831933,-2.293464076057596,80.86759067055083,-0.13890525302524281,80.86759067055083
27,2.033613445378151,-2.181124051505474,80.91411440449187,-0.14534407980186614,80.91411440449187
27,2.0798319327731094,-2.064400723701116,80.95651147542348,-0.14974411602809568,80.95651147542348
27,2.1260504201680672,-1.9446846328170615,80.99492313735693,-0.15218464307617374,80.99492313735693
27,2.1722689075630255,-1.823310533523184,81.02950163726648,-0.15278275487722226,81.02950163726648
27,2.2184873949579833,-1.7015381204837894,81.06041538470753,-0.15168566876128864,81.06041538470753
27,2.264705882352941,-1.580535783102608,81.08785131566034,-0.14906321323618243,81.08785131566034
27,2.3109243697478994,-1.4613675626745959,81.11201482077009,-0.14510067011207717,81.11201482077009
27,2.357142857142857,-1.344983381146669,81.13312770579665,-0.13999212129940908,81.13312770579665
27,2.4033613445378155,-1.2322125124093724,81.15142469776329,-0.13393442109215137,81.15142469776329
27,2.4495798319327733,-1.12376017747642,81.16714901116666,-0.12712188389056855,81.16714901116666
27,2.495798319327731,-1.0202070665982408,81.1805474535652,-0.11974174644850244,81.1805474535652
27,2.5420168067226894,-0.9220115261083244,81.19186548859369,-0.1119704338881462,81.19186548859369
27,2.588235294117647,-0.8295140968511809,81.20134259652578,-0.1039706309860513,81.20134259652578
27,2.634453781512605,-0.7429440549171265,81.20920818682218,-0.09588913540348631,81.20920818682218
27,2.6806722689075633,-0.6624275839986016,81.21567823128696,-0.08785544827411496,81.21567823128696
27,2.726890756302521,-0.5879972013409756,81.22095270662535,-0.07998104031019704,81.22095270662535
27,2.773109243697479,-0.519602064807767,81.22521386577756,-0.07235921854084904,81.22521386577756
27,2.819327731092437,-0.45711880547175365,81.22862530113741,-0.06506550999770155,81.22862530113741
27,2.865546218487395,-0.40036255653436825,81.23133172085711,-0.058158473920783216,81.23133172085711
27,2.9117647058823533,-0.34909788325460944,81.23345933175487,-0.0516808530609385,81.23345933175487
27,2.957983193277311,-0.3030493578407407,81.23511670772739,-0.0456609769500016,81.23511670772739
27,3.004201680672269,-0.26191156586896724,81.23639601913042,-0.04011433506198747,81.23639601913042
27,3.050420168067227,-0.22535837480284382,81.23737450402585,-0.0350452450229497,81.23737450402585
27,3.096638655462185,-0.19305133883678316,81.23811607405827,-0.030448549834388494,81.23811607405827
27,3.1428571428571432,-0.16464715606094327,81.23867296366332,-0.02631128788667869,81.23867296366332
27,3.189075630252101,-0.13980413259940283,81.23908734922512,-0.02261428979941016,81.23908734922512
27,3.235294117647059,-0.11818764296955298,81.23939288296123,-0.019333666374050207,81.23939288296123
27,3.281512605042017,-0.09947460577909784,81.23961610340382,-0.01644216176087787,81.23961610340382
27,3.327731092436975,-0.08335701865917922,81.2397776994687,-0.013910355019458587,81.2397776994687
27,3.3739495798319328,-0.06954461590025529,81.23989361774406,-0.011707701346732047,81.23989361774406
27,3.420168067226891,-0.057766726725413164,81.23997601259718,-0.00980341121093875,81.23997601259718
27,3.466386554621849,-0.047773421792085324,81.24003404604855,-0.008167171384002136,81.24003404604855
27,3.5126050420168067,-0.03933604079500819,81.24007454933621,-0.006769716399969927,81.24007454933621
27,3.558823529411765,-0.03224719548672328,81.24010256103197,-0.005583262327498062,81.24010256103197
27,3.6050420168067228,-0.02632034063587385,81.2401217578695,-0.00458181701725191,81.2401217578695
27,3.651260504201681,-0.021389001032545818,81.24013479449673,-0.003741382290153583,81.24013479449673
27,3.697478991596639,-0.01730573624149162,81.24014356754145,-0.003040064007036769,81.24014356754145
27,3.7436974789915967,-0.013940916985412444,81.24014941799284,-0.0024581057521080862,81.24014941799284
27,3.789915966386555,-0.011181378347229598,81.24015328421532,-0.001977861119291463,81.24015328421532
27,3.8361344537815127,-0.00892900588291673,81.24015581611992,-0.0015837184528459392,81.24015581611992
27,3.882352941176471,-0.007099301633010258,81.24015745926347,-0.0012619904904879742,81.24015745926347
27,3.928571428571429,-0.005619968232852074,81.24015851602269,-0.0010007798018810132,81.24015851602269
27,3.9747899159663866,-0.00442954109532924,81.24015918954763,-0.0007898293033152815,81.24015918954763
27,4.0210084033613445,-0.003476091150794572,81.24015961496295,-0.0006203655378019604,81.24015961496295
27,4.067226890756302,-0.0027160139881655387,81.2401598812556,-0.00048494089785618144,81.2401598812556
27,4.113445378151261,-0.0021129155043741812,81.24016004645046,-0.0003772795782732499,81.24016004645046
27,4.159663865546219,-0.0016365993450958224,81.24016014801212,-0.00029213080559950533,81.24016014801212
27,4.205882352941177,-0.0012621574797176197,81.24016020989406,-0.0002251318142614915,81.24016020989406
27,4.2521008403361344,-0.0009691621414930317,81.24016024726235,-0.0001726821304733478,81.24016024726235
27,4.298319327731092,-0.0007409550039678761,81.2401602696265,-0.00013182997983273922,81.2401602696265
27,4.344537815126051,-0.0005640277692795098,81.24016028289178,-0.00010017104264248462,81.24016028289178
27,4.390756302521009,-0.00042748721947749244,81.24016029069007,-7.575932806054998e-05,81.24016029069007
27,4.436974789915967,-0.0003225971348538269,81.24016029523372,-5.702960735005404e-05,81.24016029523372
27,4.483193277310924,-0.00024238922332322794,81.24016029785757,-4.2730619919750454e-05,81.24016029785757
27,4.529411764705882,-0.00018133524863406334,81.24016029935933,-3.186812571571865e-05,81.24016029935933
27,4.575630252100841,-0.00013507281759756774,81.24016030021127,-2.3656806926397166e-05,81.24016030021127
27,4.621848739495799,-0.00010017772214400466,81.24016030069029,-1.748000540906301e-05,81.24016030069029
27,4.668067226890757,-7.397627536204123e-05,81.24016030095724,-1.2856306027092231e-05,81.24016030095724
27,4.714285714285714,-5.439168605329272e-05,81.2401603011047,-9.412028434785651e-06,81.2401603011047
27,4.760504201680672,-3.981914727379729e-05,81.24016030118543,-6.858760955132451e-06,81.24016030118543
27,4.806722689075631,-2.902494276064429e-05,81.24016030122925,-4.9751521426045575e-06,81.24016030122925
27,4.852941176470589,-2.106548036579772e-05,81.24016030125281,-3.592262215449402e-06,81.24016030125281
27,4.899159663865547,-1.522272926303864e-05,81.24016030126538,-2.581863121719531e-06,81.24016030126538
27,4.945378151260504,-1.0953058615551555e-05,81.24016030127203,-1.8471592288035342e-06,81.24016030127203
27,4.991596638655462,-7.846944660307598e-06,81.2401603012755,-1.3154782522266362e-06,81.2401603012755
27,5.03781512605042,-5.597429123198409e-06,81.2401603012773,-9.325527044207887e-07,81.2401603012773
27,5.084033613445379,-3.975575313182919e-06,81.24016030127824,-6.580751761184019e-07,81.24016030127824
27,5.130252100840337,-2.8114816773672197e-06,81.2401603012787,-4.6226600838987925e-07,81.2401603012787
27,5.176470588235294,-1.979679701294193e-06,81.24016030127895,-3.2323958992384536e-07,81.24016030127895
27,5.222689075630252,-1.38796815166047e-06,81.24016030127906,-2.2499609050444832e-07,81.24016030127906
27,5.26890756302521,-9.689234275645082e-07,81.24016030127913,-1.558995398943861e-07,81.24016030127913
27,5.315126050420169,-6.73480883983311e-07,81.24016030127916,-1.0753148234599336e-07,81.24016030127916
27,5.3613445378151265,-4.6610892039023637e-07,81.24016030127918,-7.383270437756248e-08,81.24016030127918
27,5.407563025210084,-3.21200589743057e-07,81.24016030127918,-5.046445411821594e-08,81.24016030127918
27,5.453781512605042,-2.2039029903145976e-07,81.24016030127918,-3.433580795917991e-08,81.24016030127918
27,5.5,-1.5056924298113256e-07,81.24016030127919,-2.32559986760747e-08,81.24016030127919
28,0.0,0.2707078317033031,75.00498912195734,-2.932917120274012,75.00498912195734
28,0.046218487394957986,0.2658613033603041,74.89365475584583,-2.808834118015546,74.89365475584583
28,0.09243697478991597,0.253884859892727,74.80894023653637,-2.6727141838415833,74.80894023653637
28,0.13865546218487396,0.23389086443732054,74.75253327334157,-2.5262884940915065,74.75253327334157
28,0.18487394957983194,0.2050538434275211,74.72589594088019,-2.371405958541695,74.72589594088019
28,0.23109243697478993,0.16663569434982684,74.73017727140092,-2.209995810108907,74.73017727140092
28,0.2773109243697479,0.11801047204155779,74.76612247656429,-2.044029343202335,74.76612247656429
28,0.3235294117647059,0.058687980493097314,74.83398715054423,-1.8754818439266137,74.83398715054423
28,0.3697478991596639,-0.0116646034431227,74.9334651725035,-1.7062957072666878,74.9334651725035
28,0.41596638655462187,-0.09320382215676304,75.06363841530057,-1.538345653740361,75.06363841530057
28,0.46218487394957986,-0.18589443777777248,75.22295481117455,-1.3734068499480685,75.22295481117455
28,0.5084033613445378,-0.289497953446876,75.40923899099313,-1.2131266061204151,75.40923899099313
28,0.5546218487394958,-0.403565662988429,75.61973687345521,-1.059000179870722,75.61973687345521
28,0.6008403361344539,-0.5274366113887687,75.85119257639664,-0.9123510620565032,75.85119257639664
28,0.6470588235294118,-0.6602407075586658,76.09995320348293,-0.7743159690033483,76.09995320348293
28,0.6932773109243697,-0.8009070778253751,76.36209474684208,-0.6458346158980328,76.36209474684208
28,0.7394957983193278,-0.9481775903489531,76.63356076069017,-0.5276442100569474,76.63356076069017
28,0.7857142857142858,-1.1006253218844453,76.91030472800618,-0.42027847918016725,76.91030472800618
28,0.8319327731092437,-1.2566775846583482,77.18842716642774,-0.3240709442405585,77.18842716642774
28,0.8781512605042017,-1.414642988539943,77.46429940518682,-0.23916206119716943,77.46429940518682
28,0.9243697478991597,-1.5727418867714462,77.73466745058572,-0.16550978880438993,77.73466745058572
28,0.9705882352941178,-1.7291394461126077,77.99673123692494,-0.10290309354576888,77.99673123692494
28,1.0168067226890756,-1.8819805000142897,78.24819661991353,-0.050977875087439006,78.24819661991353
28,1.0630252100840336,-2.0294252858919104,78.48729951750893,-0.009234783254206617,78.48729951750893
28,1.1092436974789917,-2.169685140117128,78.71280347093844,0.02294159793817485,78.71280347093844
28,1.1554621848739497,-2.301057224632125,78.9239734690901,0.046262709245482814,78.9239734690901
28,1.2016806722689077,-2.421957389513649,79.12053006940207,0.06151560185285865,79.12053006940207
28,1.2478991596638656,-2.5309503328233562,79.30258862395206,0.06954260084308572,79.30258862395206
28,1.2941176470588236,-2.62677630265142,79.4705887755033,0.07122145805464442,79.4705887755033
28,1.3403361344537816,-2.7083736916167513,79.62521935561256,0.06744636285741379,79.62521935561256
28,1.3865546218487395,-2.7748969987729506,79.76734344598353,0.05911013326369208,79.76734344598353
28,1.4327731092436975,-2.825729772486458,79.89792772411624,0.04708786169514312,79.89792772411624
28,1.4789915966386555,-2.860492296507738,80.01797938388154,0.032222240874670405,80.01797938388154
28,1.5252100840336136,-2.879043934388088,80.12849298375949,0.015310745691964556,80.12849298375949
28,1.5714285714285716,-2.881480199833792,80.2304086102151,-0.002905202403576723,80.2304086102151
28,1.6176470588235294,-2.868124767231663,80.32458182370074,-0.021749010786932033,80.32458182370074
28,1.6638655462184875,-2.8395167729560136,80.41176503913871,-0.040615601016860126,80.41176503913871
28,1.7100840336134455,-2.7963938795668533,80.49259932567789,-0.058976020395377304,80.49259932567789
28,1.7563025210084033,-2.7396716781936696,80.56761511770434,-0.07638003999106324,80.56761511770434
28,1.8025210084033614,-2.6704200860906653,80.63724001957918,-0.0924568401698842,80.63724001957918
28,1.8487394957983194,-2.5898374547553296,80.70181175328631,-0.10691392159299262,80.70181175328631
28,1.8949579831932775,-2.4992231376798593,80.76159432152417,-0.11953441217679206,80.76159432152417
28,1.9411764705882355,-2.399949275678374,80.81679561024369,-0.1301729672423413,80.81679561024369
28,1.9873949579831933,-2.2934325424400654,80.86758490054314,-0.13875048098534748,80.86758490054314
28,2.033613445378151,-2.181106555155722,80.91410906535914,-0.14524784152359693,80.91410906535914
28,2.0798319327731094,-2.0643955969045287,80.95650655858985,-0.14969896898969637,80.95650655858985
28,2.1260504201680672,-1.9446902223483313,80.99491863429341,-0.15218337638843593,80.99491863429341
28,2.1722689075630255,-1.8233252292505782,81.0294975384848,-0.15281848621949834,81.0294975384848
28,2.2184873949579833,-1.7015603797177334,81.0604116789888,-0.15175192296146633,81.0604116789888
28,2.264705882352941,-1.5805641505850936,81.08784798953896,-0.14915398273096692,81.08784798953896
28,2.3109243697478994,-1.4614006862448505,81.11201185827507,-0.14521045804326427,81.11201185827507
28,2.357142857142857,-1.3450200232354383,81.13312508843396,-0.14011596841367613,81.13312508843396
28,2.4033613445378155,-1.232251557609768,81.15142240470998,-0.13406791792009543,81.15142240470998
28,2.4495798319327733,-1.1238006365135185,81.16714701963313,-0.12726116989204606,81.16714701963313
28,2.495798319327731,-1.0202480770742088,81.18054573928093,-0.11988349793594111,81.18054573928093
28,2.5420168067226894,-0.9220523504353526,81.19186402636485,-0.11211184258750073,81.19186402636485
28,2.588235294117647,-0.8295541178036956,81.20134136081917,-0.10410937507916351,81.20134136081917
28,2.634453781512605,-0.7429827692387985,81.20920715233319,-0.09602334482631836,81.20920715233319
28,2.6806722689075633,-0.6624645944908778,81.21567737345794,-0.08798366593466689,81.21567737345794
28,2.726890756302521,-0.5880322078403566,81.22095200208936,-0.08010218074799269,81.22095200208936
28,2.773109243697479,-0.5196348544308051,81.22521329271181,-0.07247252538640936,81.22521329271181
28,2.819327731092437,-0.4571492424717638,81.22862483951965,-0.065170513413781,81.22862483951965
28,2.865546218487395,-0.4003905720741052,81.23133135262553,-0.05825494902482653,81.23133135262553
28,2.9117647058823533,-0.3491234653565183,81.23345904087833,-0.051768780146490556,81.23345904087833
28,2.957983193277311,-0.3030725417323463,81.23511648019762,-0.045740504148769734,81.23511648019762
28,3.004201680672269,-0.2619324248971955,81.2363958428899,-0.04018574392227281,81.2363958428899
28,3.050420168067227,-0.22537701204870775,81.23737436884647,-0.03510891932733573,81.23737436884647
28,3.096638655462185,-0.1930678795221188,81.23811597138588,-0.030504947842258545,81.23811597138588
28,3.1428571428571432,-0.16466174080252305,81.23867288644168,-0.026360918066950845,81.23867288644168
28,3.189075630252101,-0.13981691153341602,81.23908729171134,-0.0226576900164972,81.23908729171134
28,3.235294117647059,-0.11819877074162832,81.23939284054242,-0.019371386405729663,81.23939284054242
28,3.281512605042017,-0.09948423737183365,81.23961607242204,-0.016474748960079832,81.23961607242204
28,3.327731092436975,-0.08336530601069536,81.23977767705958,-0.013938342881992138,81.23977767705958
28,3.3739495798319328,-0.06955170525332655,81.2398936016923,-0.011731600712537427,81.2398936016923
28,3.420168067226891,-0.057772756637072264,81.23997600121017,-0.009823703805946105,81.23997600121017
28,3.466386554621849,-0.0477785217277813,81.24003403804844,-0.008184305401369607,81.24003403804844
28,3.5126050420168067,-0.039340330229035825,81.24007454376957,-0.006784103821545928,81.24007454376957
28,3.558823529411765,-0.032250783431106544,81.2401025571957,-0.005595277696877954,81.2401025571957
28,3.6050420168067228,-0.026323325522770502,81.24012175525094,-0.004591797392936969,81.24012175525094
28,3.651260504201681,-0.021391470879908114,81.2401347927264,-0.0037496281292965783,81.2401347927264
28,3.697478991596639,-0.0173077690377334,81.24014356635595,-0.0030468407554884447,81.24014356635595
28,3.7436974789915967,-0.013942581235698581,81.24014941720648,-0.0024636459434749514,81.24014941720648
28,3.789915966386555,-0.011182733731327554,81.24015328369866,-0.0019823668132831207,81.24015328369866
28,3.8361344537815127,-0.008930103981973192,81.24015581578367,-0.001587363870270475,81.24015581578367
28,3.882352941176471,-0.00710018668986534,81.24015745904667,-0.00126492472806021,81.24015745904667
28,3.928571428571429,-0.005620677917348743,81.24015851588423,-0.0010031295339164997,81.24015851588423
28,3.9747899159663866,-0.004430107252361273,81.24015918946002,-0.0007917013989860999,81.24015918946002
28,4.0210084033613445,-0.003476540514459475,81.24015961490804,-0.0006218495416843162,81.24015961490804
28,4.067226890756302,-0.0027163688502881145,81.2401598812215,-0.00048611133789876193,81.2401598812215
28,4.113445378151261,-0.002113194329829954,81.24016004642947,-0.00037819807908714975,81.24016004642947
28,4.159663865546219,-0.0016368173298063407,81.24016014799933,-0.00029284799622389737,81.24016014799933
28,4.205882352941177,-0.0012623270499518002,81.24016020988634,-0.0002256890284848337,81.24016020988634
28,4.2521008403361344,-0.0009692933952530035,81.24016024725773,-0.0001731129046134601,81.24016024725773
28,4.298319327731092,-0.0007410560968290764,81.24016026962377,-0.00013216135786331233,81.24016026962377
28,4.344537815126051,-0.0005641052481720945,81.24016028289017,-0.00010042470196407194,81.24016028289017
28,4.390756302521009,-0.0004275463086138437,81.24016029068913,-7.595254131754093e-05,81.24016029068913
28,4.436974789915967,-0.00032264197839857595,81.24016029523317,-5.717605674129735e-05,81.24016029523317
28,4.483193277310924,-0.00024242308953640202,81.24016029785726,-4.2841080671367215e-05,81.24016029785726
28,4.529411764705882,-0.0001813607001557244,81.24016029935916,-3.195103498358602e-05,81.24016029935916
28,4.575630252100841,-0.00013509185233760192,81.24016030021117,-2.371873355084316e-05,81.24016030021117
28,4.621848739495799,-0.00010019188893834255,81.24016030069023,-1.7526034803655097e-05,81.24016030069023
28,4.668067226890757,-7.398676819443759e-05,81.24016030095721,-1.2890353168427439e-05,81.24016030095721
28,4.714285714285714,-5.439942024933653e-05,81.24016030110468,-9.437090526982989e-06,81.24016030110468
28,4.760504201680672,-3.982482067415704e-05,81.24016030118543,-6.877119944124588e-06,81.24016030118543
28,4.806722689075631,-2.9029084490526306e-05,81.24016030122924,-4.988535904832487e-06,81.24016030122924
28,4.852941176470589,-2.1068489449170493e-05,81.24016030125281,-3.601971979660327e-06,81.24016030125281
28,4.899159663865547,-1.5224904990903819e-05,81.24016030126538,-2.588873524189759e-06,81.24016030126538
28,4.945378151260504,-1.0954624271740832e-05,81.24016030127201,-1.85219636352846e-06,81.24016030127201
28,4.991596638655462,-7.848065937654449e-06,81.2401603012755,-1.3190801622295887e-06,81.2401603012755
28,5.03781512605042,-5.59822832722198e-06,81.2401603012773,-9.351159660266479e-07,81.2401603012773
28,5.084033613445379,-3.9761422480598385e-06,81.24016030127824,-6.598905483310504e-07,81.24016030127824
28,5.130252100840337,-2.8118819374884773e-06,81.2401603012787,-4.6354554520377096e-07,81.2401603012787
28,5.176470588235294,-1.979960948128581e-06,81.24016030127895,-3.241371338182363e-07,81.24016030127895
28,5.222689075630252,-1.388164836769479e-06,81.24016030127906,-2.2562266924943593e-07,81.24016030127906
28,5.26890756302521,-9.690603252138832e-07,81.24016030127913,-1.563348649780621e-07,81.24016030127913
28,5.315126050420169,-6.735757177804372e-07,81.24016030127916,-1.0783248518952367e-07,81.24016030127916
28,5.3613445378151265,-4.661743048752415e-07,81.24016030127918,-7.403983626026838e-08,81.24016030127918
28,5.407563025210084,-3.2124545728605026e-07,81.24016030127918,-5.060630861322941e-08,81.24016030127918
28,5.453781512605042,-2.2042094245541784e-07,81.24016030127918,-3.4432492972112355e-08,81.24016030127918
28,5.5,-1.5059007306114707e-07,81.24016030127919,-2.332158223786887e-08,81.24016030127919
29,0.0,0.27178109353022567,75.00491201919054,-2.9285020591236055,75.00491201919054
29,0.046218487394957986,0.2668466664581539,74.89357982534575,-2.804482876407837,74.89357982534575
29,0.09243697478991597,0.2547854397985043,74.80886667879356,-2.668428167757966,74.80886667879356
29,0.13865546218487396,0.23471112321823462,74.7524605671729,-2.5220687346557114,74.7524605671729
29,0.18487394957983194,0.2057994146609481,74.7258238275177,-2.3672536206260597,74.7258238275177
29,0.23109243697478993,0.16731318075456691,74.7301057233834,-2.205912716708858,74.7301057233834
29,0.2773109243697479,0.11862722331805031,74.76605165558013,-2.0400184920190796,74.76605165558013
29,0.3235294117647059,0.05925185946940381,74.83391735876012,-1.8715478923338713,74.83391735876012
29,0.3697478991596639,-0.01114545808264289,74.93339680187667,-1.7024454026296656,74.93339680187667
29,0.41596638655462187,-0.09272122846130237,75.0635718989474,-1.5345881878719005,75.0635718989474
29,0.46218487394957986,-0.1854403908559803,75.22289058014287,-1.369754119249075,75.22289058014287
29,0.5084033613445378,-0.2890648267652658,75.40917743883692,-1.2095933625360384,75.40917743883692
29,0.5546218487394958,-0.4031463849477017,75.6196783299871,-1.055604062033959,75.6196783299871
29,0.6008403361344539,-0.5270248127422192,75.85113729097772,-0.9091125007015606,75.85113729097772
29,0.6470588235294118,-0.6598308366143115,76.09990133732691,-0.7712579656976715,76.09990133732691
29,0.6932773109243697,-0.8004944817999196,76.36204637313149,-0.6429823991535004,76.36204637313149
29,0.7394957983193278,-0.9477585626449763,76.63351587085369,-0.525024777718583,76.63351587085369
29,0.7857142857142858,-1.1001971163783093,76.91026324231325,-0.41792004045904907,76.91026324231325
29,0.8319327731092437,-1.2562383992584802,77.18838894708638,-0.3220022786733914,77.18838894708638
29,0.8781512605042017,-1.4141919212590732,77.46426427033555,-0.23741181503396724,77.46426427033555
29,0.9243697478991597,-1.5722788683193265,77.73463518787871,-0.16410573172515175,77.73463518787871
29,0.9705882352941178,-1.72866515354118,77.99670161579924,-0.1018713601187553,77.99670161579924
29,1.0168067226890756,-1.881496256230503,78.24816940199086,-0.0503422159571707,78.24816940199086
29,1.0630252100840336,-2.0289329499040534,78.48727446491854,-0.009015850694946734,78.48727446491854
29,1.1092436974789917,-2.169186992718872,78.71278035262058,0.02272690671441624,78.71278035262058
29,1.1554621848739497,-2.3005558538842887,78.92395206530729,0.04560182970655946,78.92395206530729
29,1.2016806722689077,-2.421455579892587,79.12051017479723,0.06040078216281497,79.12051017479723
29,1.2478991596638656,-2.530450961307298,79.30257004951434,0.06797126914061291,79.30257004951434
29,1.2941176470588236,-2.6262822443523888,79.47057134977547,0.06919646570712423,79.47057134977547
29,1.3403361344537816,-2.707887736875813,79.62520292540859,0.06497609655743819,79.62520292540859
29,1.3865546218487395,-2.774421782956047,79.76732787680146,0.05620849313570897,79.76732787680146
29,1.4327731092436975,-2.8252677190786795,79.8979129003447,0.043774106867729756,79.8979129003447
29,1.4789915966386555,-2.860045573529188,80.01796520882785,0.028520708099531333,80.01796520882785
29,1.5252100840336136,-2.878614423663027,80.12847937946653,0.011250450411372626,80.12847937946653
29,1.5714285714285716,-2.8810694782471273,80.2303955170104,-0.007291069745463119,80.2303955170104
29,1.6176470588235294,-2.8677340988073254,80.32456919941005,-0.026423677532729783,80.32456919941005
29,1.6638655462184875,-2.839147110388467,80.41175285791053,-0.0455393762805425,80.41175285791053
29,1.7100840336134455,-2.7960458737244167,80.49258757639511,-0.0641070107602637,80.49258757639511
29,1.7563025210084033,-2.7393456940789456,80.56760380199532,-0.08167489655904703,80.56760380199532
29,1.8025210084033614,-2.6701162237777964,80.63722914948107,-0.09787151642158065,80.63722914948107
29,1.8487394957983194,-2.589555573911518,80.70180134864769,-0.1124044220191962,80.70180134864769
29,1.8949579831932775,-2.4989628844054685,80.76158440726431,-0.12505751277319277,80.76158440726431
29,1.9411764705882355,-2.3997101105520287,80.81678621359814,-0.13568689065426298,80.81678621359814
29,1.9873949579831933,-2.2932137688211824,80.86757604843379,-0.14421551125951737,80.86757604843379
29,2.033613445378151,-2.1809073469653093,80.91410078201447,-0.15062686596963992,80.91410078201447
29,2.0798319327731094,-2.064215025268048,80.95649886352528,-0.1549579374650083,80.95649886352528
29,2.1260504201680672,-1.94452728063564,80.99491154073216,-0.1572916712814294,80.99491154073216
29,2.1722689075630255,-1.8231788561833895,81.02949105226935,-0.15774919940407095,81.02949105226935
29,2.2184873949579833,-1.7014294803318037,81.06040579799777,-0.1564820389210908,81.06040579799777
29,2.264705882352941,-1.5804476149326128,81.08784270359254,-0.15366446980334914,81.08784270359254
29,2.3109243697478994,-1.4612974058019965,81.11200714948203,-0.1494862722303978,81.11200714948203
29,2.357142857142857,-1.3449289050425008,81.13312093191294,-0.1441459763657864,81.13312093191294
29,2.4033613445378155,-1.2321715362187184,81.15141876959943,-0.13784474748284659,81.15141876959943
29,2.4495798319327733,-1.1237306838525658,81.16714387029941,-0.13078099797038512,81.16714387029941
29,2.495798319327731,-1.020187210362625,81.18054303663074,-0.1231457863605101,81.18054303663074
29,2.5420168067226894,-0.9219996382978461,81.19186172917638,-0.11511903317386896,81.19186172917638
29,2.588235294117647,-0.8295086847425193,81.20133942701722,-0.10686655516672694,81.20133942701722
29,2.634453781512605,-0.7429437986262304,81.20920554014717,-0.0985378943069648,81.20920554014717
29,2.6806722689075633,-0.6624313302453473,81.21567604241946,-0.09026489617774391,81.21567604241946
29,2.726890756302521,-0.5880039549475438,81.22095091384288,-0.08216097495246188,81.22095091384288
29,2.773109243697479,-0.5196109784669485,81.2252124116268,-0.07432098880327764,81.2252124116268
29,2.819327731092437,-0.4571291682810168,81.2286241331077,-0.06682164064490426,81.2286241331077
29,2.865546218487395,-0.40037378174474103,81.23133079177589,-0.05972231427867847,81.23133079177589
29,2.9117647058823533,-0.3491094956329279,81.23345859993407,-0.05306625497605211,81.23345859993407
29,2.957983193277311,-0.3030609809907263,81.23511613689874,-0.046882005863700726,81.23511613689874
29,3.004201680672269,-0.26192290980300825,81.23639557821261,-0.041185016601844815,81.23639557821261
29,3.050420168067227,-0.22536922400332315,81.23737416676711,-0.035979348199417505,81.23737416676711
29,3.096638655462185,-0.19306154099488237,81.23811581859592,-0.03125940676458949,81.23811581859592
29,3.1428571428571432,-0.1646566116327315,81.23867277203728,-0.02701164896896735,81.23867277203728
29,3.189075630252101,-0.1398127852749087,81.23908720687662,-0.02321621244335237,81.23908720687662
29,3.235294117647059,-0.11819547111078021,81.2393927782412,-0.019848434753226396,81.2393927782412
29,3.281512605042017,-0.09948161484819629,81.23961602710926,-0.016880234595535004,81.23961602710926
29,3.327731092436975,-0.08336323462842277,81.2397776444192,-0.014281338101453267,81.2397776444192
29,3.3739495798319328,-0.06955007961116033,81.23989357840547,-0.0120203413747495,81.23989357840547
29,3.420168067226891,-0.05777148914517971,81.23997598475525,-0.010065607490455597,81.23997598475525
29,3.466386554621849,-0.047777540101282545,81.24003402653189,-0.008386002042834573,81.24003402653189
29,3.5126050420168067,-0.03933957523071807,81.24007453578595,-0.006951475954638742,81.24007453578595
29,3.558823529411765,-0.03225020685965663,81.2401025517137,-0.005733507686405848,81.2401025517137
29,3.6050420168067228,-0.026322888437858905,81.24012175152232,-0.004705419303425384,81.24012175152232
29,3.651260504201681,-0.021391142051578105,81.24013479021428,-0.0038425821903895208,81.24013479021428
29,3.697478991596639,-0.017307523604729536,81.24014356467939,-0.003122528689422588,81.24014356467939
29,3.7436974789915967,-0.013942399555512297,81.24014941609805,-0.0025249857262925057,81.24014941609805
29,3.789915966386555,-0.011182600403706944,81.24015328297273,-0.002031845732533205,81.24015328297273
29,3.8361344537815127,-0.0089300070273447,81.24015581531266,-0.00162708901131986,81.24015581531266
29,3.882352941176471,-0.007100116864382555,81.24015745874394,-0.001296670263699548,81.24015745874394
29,3.928571428571429,-0.005620628147023854,81.24015851569145,-0.0010283804046591766,81.24015851569145
29,3.9747899159663866,-0.00443007216980118,81.2401591893384,-0.0008116931530224858,81.2401591893384
29,4.0210084033613445,-0.0034765160830354386,81.24015961483202,-0.0006376042540805274,81.24015961483202
29,4.067226890756302,-0.0027163520620072656,81.24015988117443,-0.0004984696496412172,81.24015988117443
29,4.113445378151261,-0.002113182964678023,81.24016004640059,-0.00038784749017144876,81.24016004640059
29,4.159663865546219,-0.0016368097658268146,81.24016014798178,-0.0003003476159375608,81.24016014798178
29,4.205882352941177,-0.0012623221147705574,81.24016020987577,-0.00023149103343773209,81.24016020987577
29,4.2521008403361344,-0.0009692902511118894,81.24016024725142,-0.0001775809841607183,81.24016024725142
29,4.298319327731092,-0.0007410541524346045,81.24016026962003,-0.00013558644053740347,81.24016026962003
29,4.344537815126051,-0.000564104091782737,81.24016028288798,-0.00010303825841860743,81.24016028288798
29,4.390756302521009,-0.0004275456577746573,81.24016029068785,-7.793775186631761e-05,81.24016029068785
29,4.436974789915967,-0.0003226416425881947,81.24016029523244,-5.86771173266094e-05,81.24016029523244
29,4.483193277310924,-0.00024242294272206182,81.24016029785683,-4.397090215004819e-05,81.24016029785683
29,4.529411764705882,-0.0001813606608682466,81.24016029935893,-3.279756876999485e-05,81.24016029935893
29,4.575630252100841,-0.00013509186938921334,81.24016030021104,-2.4350133359288696e-05,81.24016030021104
29,4.621848739495799,-0.00010019193132534141,81.24016030069016,-1.7994840635012464e-05,81.24016030069016
29,4.668067226890757,-7.398681806523952e-05,81.24016030095717,-1.3236860652932622e-05,81.24016030095717
29,4.714285714285714,-5.439946808877727e-05,81.24016030110467,-9.692046889487682e-06,81.24016030110467
29,4.760504201680672,-3.982486206783025e-05,81.24016030118541,-7.0638676156508425e-06,81.24016030118541
29,4.806722689075631,-2.9029117998607382e-05,81.24016030122924,-5.124706411627992e-06,81.24016030122924
29,4.852941176470589,-2.1068515246321258e-05,81.24016030125281,-3.700816310721745e-06,81.24016030125281
29,4.899159663865547,-1.5224924025234897e-05,81.24016030126538,-2.6603007199628523e-06,81.24016030126538
29,4.945378151260504,-1.0954637767852829e-05,81.24016030127201,-1.9035795166640794e-06,81.24016030127201
29,4.991596638655462,-7.84807512188069e-06,81.2401603012755,-1.355878258422371e-06,81.2401603012755
29,5.03781512605042,-5.598234291770876e-06,81.2401603012773,-9.613508689917044e-07,81.2401603012773
29,5.084033613445379,-3.976145898333661e-06,81.24016030127824,-6.785107803657125e-07,81.24016030127824
29,5.130252100840337,-2.8118839862409617e-06,81.2401603012787,-4.767021603112247e-07,81.2401603012787
29,5.176470588235294,-1.979961933494687e-06,81.24016030127895,-3.3339175370893196e-07,81.24016030127895
29,5.222689075630252,-1.388165150230596e-06,81.24016030127906,-2.3210349223358568e-07,81.24016030127906
29,5.26890756302521,-9.690602415076072e-07,81.24016030127913,-1.6085301508577727e-07,81.24016030127913
29,5.315126050420169,-6.735754225646235e-07,81.24016030127916,-1.1096830994700782e-07,81.24016030127916
29,5.3613445378151265,-4.6617391829261465e-07,81.24016030127918,-7.620656828862003e-08,81.24016030127918
29,5.407563025210084,-3.212450529392892e-07,81.24016030127918,-5.209677612870671e-08,81.24016030127918
29,5.453781512605042,-2.2042056203650573e-07,81.24016030127918,-3.5453209797527164e-08,81.24016030127918
29,5.5,-1.5058973722104704e-07,81.24016030127919,-2.4017495290399044e-08,81.24016030127919
