time,x,z,x_dot,z_dot,pitch_deg,pitch_dot,goal_x,dist_to_goal,tau_cmd,ctrl_cmd,solve_success,gp_v,gp_omega,gp_std,gp_v_std,gp_w_std,r_v,r_omega,gp_active_points,rls_err_v,rls_err_omega,a_g,a_tau,a_omega,a_v,a_0,b_tau,b_v,b_sin,b_0
0.0,0.0,0.1512,0.0,0.0,-0.0,-0.0,8.0,8.0,-7.999999986623136,7.999999986623136,1,0.0,0.0,1.0,1.0,1.0,0.0,0.0,0,0.0,0.0,27.669526383828885,-2.7652381907046517,0.0,0.0,0.0,2.306805074971165,-9.0,0.0,0.0
0.05000000000000004,0.01045841884252273,0.152583478236456,0.4147339419417186,0.05631157018060455,0.517924957717768,0.3118938327668738,8.0,7.989541581157478,-8.0,8.0,1,0.0,0.0,1.0,1.0,1.0,26.749119407745873,-43.55355521713841,0,0.13640720989405075,-0.21875320581202473,27.01293847243713,2.487465091646295,0.0,0.0,-0.6565879113917543,-0.9686056623804586,-9.0,0.0,0.4094263428535581
0.10000000000000007,0.04144109479030759,0.15675244149203493,0.8242129249630694,0.10994172195070269,1.7938320554559128,0.5835139935379227,8.0,7.958558905209692,-7.999999850690793,7.999999850690793,1,0.0,0.0,1.0,1.0,1.0,3.763913496005256,-1.0231229728158473,0,1.4982701988831248,-0.3648631028156082,27.007479350374016,2.531496204776835,-0.34173730658938545,-0.45441764273773927,-0.6620917987101714,-1.152159565875721,-7.133983933407621,0.04067092888970654,0.43237057330550044
0.1500000000000001,0.09284068889006884,0.1636040788956455,1.2313712480921095,0.16498329603099668,3.890316650601912,0.8872841442182368,8.0,7.907159311109931,6.331155843664717,-6.331155843664717,1,0.0,0.0,1.0,1.0,1.0,4.372168170052889,0.5691655112832477,0,1.8138983657137864,0.21032434821403356,27.00746432892399,2.529328205161195,-0.15353422469183667,-0.1736382106571604,-0.6618207870526053,-1.1954735341638387,-4.462046782301208,0.1716028777888305,0.43778491928964863
0.20000000000000015,0.1507442683792976,0.16050150466558594,1.1301435441247116,-0.3072493930968398,1.6941170290933623,-2.1026287228034786,8.0,7.849255731620702,-7.999998036463974,7.999998036463974,1,0.0,0.0,1.0,1.0,1.0,10.589183683864707,-101.74519865525795,0,0.7429197763372732,-4.218655987491253,5.090840377466499,-3.684456031559657,-5.792467940567744,-7.78802639743864,-22.602329130669254,-0.5930916087290564,-2.7567356706943924,0.2797058522948963,4.363069480248659
0.25000000000000017,0.22577003214185043,0.15344842930518748,1.9775527025226396,0.24549160841396855,1.3775495972596121,0.9584517747992781,8.0,7.774229967858149,11.999998586564182,-11.999998586564182,1,0.0,0.0,1.0,1.0,1.0,10.947619888261805,45.88186117588414,0,5.578212542322534,2.434969995508723,6.25252179963352,-3.614839741081369,-21.01897468452089,0.7600307261613777,-21.435903416264335,-0.9627124761472392,1.9414416173994038,0.23990258193555353,1.4670726097514244
0.3000000000000002,0.31542741975192545,0.15907472865558084,1.5427795754727223,0.28820950109456117,-3.565403474992481,-1.8875460580236938,8.0,7.684572580248075,11.99997678782044,-11.99997678782044,1,0.0,0.0,1.0,1.0,1.0,-2.4550572833719695,20.28597658207216,0,-0.7642409862989954,6.317259150184427,6.926202760673653,-3.1318315048183902,-20.790476142260545,4.12912419673958,-20.818335126060994,-1.0230226839479495,1.5320620650239722,0.4050300559093522,1.3055786207987836
0.35000000000000026,0.37561933811472387,0.18296995861875007,0.8830426654934763,0.5990871586985534,-10.126639237388279,-3.2096505933606845,8.0,7.624380661885276,-7.999960033716255,7.999960033716255,1,0.0,0.0,1.0,1.0,1.0,-4.562514462833013,-20.56795680572096,0,-2.6822945416458754,-4.943019254881513,3.782400711524225,-3.810938993177423,-16.92010628912441,8.097996077595383,-23.97387459898942,-1.135826492737433,1.8540001280075862,1.2285159544511226,0.33353315776366843
0.4000000000000003,0.4239812856519718,0.2017264868801783,0.9995574960212971,0.12791807911186553,-13.5601539793348,0.42384328614154776,8.0,7.576018714348028,-7.99993366608947,7.99993366608947,1,0.0,0.0,1.0,1.0,1.0,-8.510961174082414,0.974410594255005,0,-5.899963349562855,0.4575398934398436,3.7675200474224457,-3.8188905788050116,-17.05082266116468,8.146286390724079,-23.96816370705972,-0.9738845856126399,0.4289096171193929,4.772797958985891,0.8996512555561109
0.45000000000000034,0.440388758006194,0.21513062009631737,-0.40343955746044935,0.43845245410318506,-9.644838370339576,2.2907811260542617,8.0,7.559611241993806,-7.999921772111189,7.999921772111189,1,0.0,0.0,1.0,1.0,1.0,-36.060264852524384,26.177746513048124,0,-25.538503840156864,17.862120984128182,0.9781735435472538,-4.43244128152817,-15.226903919192711,14.831162870338746,-25.304285709015105,-0.39870630757364633,-5.63865494588766,19.331085514520762,4.457583029943076
0.5000000000000003,0.4168367723826552,0.2341020068784278,-0.4684271711760987,0.2497512113074385,3.6016085004965355,6.702482265120958,8.0,7.583163227617344,11.999999763763952,-11.999999763763952,1,0.0,0.0,1.0,1.0,1.0,-7.983074901947602,117.97975958868624,0,-4.215916506592583,54.29302705515105,21.293648049440897,-3.482258129655863,-8.661685762971004,-18.219999812070654,-2.418106437952069,-0.49697027947251854,-2.9542373234007764,21.12557853888206,1.2879707280577457
0.5500000000000004,0.39128161867772004,0.23445255636346587,-0.551296503493289,-0.24422453678983566,16.036543251020177,2.0330663483248643,8.0,7.60871838132228,9.268468102639593,-9.268468102639593,1,0.0,0.0,1.0,1.0,1.0,0.3073628768146761,-20.914655278335815,0,0.1005607941285056,-5.432555111671903,19.293867294739343,-3.7664483775201214,-9.640431378099231,-15.113548829546504,-4.4789214055049875,-0.49051232481847484,-3.0326016710405477,21.139972776253803,1.3796651417914974
0.6000000000000004,0.3623321114896008,0.20947664115392298,-0.6058598293725677,-0.7550029841379844,17.0279924763646,-1.3018853347644335,8.0,7.637667888510399,-2.6542946222188286,2.6542946222188286,1,0.0,0.0,1.0,1.0,1.0,-5.43642229681806,-34.58637554970409,0,-3.1069680124313206,-17.00017632568423,15.077910638556,-4.451982157042837,-7.411520933232856,-5.281682466078374,-10.770626281124647,-0.5382136307619162,-2.25215941126418,19.335018070902542,0.42120342473232675
0.6500000000000005,0.3125519931661334,0.1701380044132461,-1.1429594956777915,-0.8457398030884922,6.159274742060958,-5.000607332034895,8.0,7.687448006833867,-7.999999523757121,7.999999523757121,1,0.0,0.0,1.0,1.0,1.0,-19.618312305981007,-102.28651779426067,0,-13.877383317826927,-58.376436895049,5.240619519303118,-5.370106917383967,-0.11080756237786904,17.425384631879773,-24.44964733763841,-0.46805671128653115,-0.5584058958435916,11.496280830056625,-1.8118441565206123
0.7000000000000005,0.2623416650543482,0.1471953823622289,-0.8249447408052517,0.12346759929774345,-1.1073073336848407,0.6754040420287295,8.0,7.737658334945651,-7.999998503490469,7.999998503490469,1,0.0,0.0,1.0,1.0,1.0,2.555983500349277,109.16105783314573,0,1.8309427987169684,43.675001950269206,16.18725662565832,-4.665617232814123,-7.10066384378912,-0.10247725531178276,-19.198284466598363,-0.47791826839605545,-0.8631678142109531,11.558677256742195,-1.5207211164317669
0.7500000000000006,0.23640053655225549,0.15902111102384506,-0.28696054341980176,0.2890562349951285,2.485996997130859,1.5349206797839574,8.0,7.763599463447744,-4.498486321802639,4.498486321802639,1,0.0,0.0,1.0,1.0,1.0,7.968364810185559,-12.409268416529255,0,6.478008882988337,-10.071573809516977,15.416662091430261,-4.60202516043188,-7.230920662823789,0.777049159965309,-19.44325528694054,-0.49761630476947044,-1.5605400974057524,10.457527850909486,-0.7845227117145772
0.8000000000000006,0.22767402881375845,0.17138775998359454,-0.06202134331355019,0.206917767517812,6.281655428204212,1.1307114992879286,8.0,7.772325971186241,-3.965989686791103,3.965989686791103,1,0.0,0.0,1.0,1.0,1.0,2.143375565949227,-13.423356186034255,0,1.9563236571019371,-11.91614768941427,14.817317234057153,-4.549955164422716,-7.461443457320163,1.1349729974208227,-19.660902610089906,-0.5005783516696838,-1.6416009324736949,10.473601380579977,-0.6347539845020115
0.8500000000000006,0.22949500266713888,0.17932098875429137,0.13496989784336602,0.11201347660275614,8.795210589275541,0.6281352985430504,8.0,7.7705049973328615,-4.298098977357085,4.298098977357085,1,0.0,0.0,1.0,1.0,1.0,1.34149567429009,-14.656918825595433,0,1.235793715955229,-13.484716224078,14.34852297387109,-4.505252080468872,-7.638442220632881,1.3103158226563403,-19.978824069587077,-0.5038300930263091,-1.653525973975602,10.670907030921857,-0.5642764139719588
0.9000000000000007,0.24161948611257553,0.18310194137575786,0.3499773648707315,0.0399436811084161,10.02113644250663,0.22756796446305486,8.0,7.758380513887425,-4.612378966328609,4.612378966328609,1,0.0,0.0,1.0,1.0,1.0,1.2904742398364877,-16.95522105726651,0,1.1726880512467108,-15.852409435413769,14.023586864147388,-4.452706885130931,-7.769835925848948,1.2833655128490218,-20.448505496254796,-0.5087140619853758,-1.6339893908738656,10.980750929286678,-0.5174949904689939
0.9500000000000007,0.26490355130152327,0.18370054577874984,0.5812338431588698,-0.016302052983723857,10.220168886562702,-0.0919124899245562,8.0,7.735096448698477,-4.750056316875772,4.750056316875772,1,0.0,0.0,1.0,1.0,1.0,1.4573252958141314,-18.96929609977264,0,1.3041534557792782,-17.795538664675576,13.84251584674999,-4.388543223509047,-7.865451990000919,0.9693542689057465,-21.016351296865484,-0.5154964276317867,-1.5834327452932653,11.391202283011792,-0.4847229127931195
1.0000000000000007,0.29990754608171405,0.18155402052188768,0.8186911484547841,-0.0707548508228305,9.52583248524856,-0.39906160836889054,8.0,7.700092453918286,-4.769453462234622,4.769453462234622,1,0.0,0.0,1.0,1.0,1.0,1.6844221997137083,-20.881692882119147,0,1.4910858771413698,-19.481662407562602,13.754385366130277,-4.313225919578397,-7.932933891920801,0.30766956530791045,-21.59349708965521,-0.5239106333427022,-1.4996173936832378,11.869388472450234,-0.46491599973439923
1.0499999999999952,0.346771324094002,0.17648442988383187,1.0555458143689522,-0.1340629436986705,7.898771485849028,-0.7458311249065216,8.0,7.653228675905998,-4.447301365596239,4.447301365596239,1,0.0,0.0,1.0,1.0,1.0,1.9666734057743276,-22.895966595794246,0,1.730713937120508,-21.10380591099409,13.682814881938093,-4.229693771732609,-7.966831869783082,-0.726606383104943,-22.08344629518899,-0.5336751719228711,-1.3803941621752072,12.375973325674968,-0.45697092388326077
1.0999999999999897,0.4049947267044436,0.16752592799169652,1.272968590122854,-0.22724802772432806,5.072954037560532,-1.2366724928411759,8.0,7.595005273295556,-0.5258463029281385,0.5258463029281385,1,0.0,0.0,1.0,1.0,1.0,2.188334205483967,-25.272046744478892,0,1.9272886893966703,-22.95389739193294,13.525601703737944,-4.15019370056105,-7.936989539005468,-2.1109970312627,-22.408768175370835,-0.5434120574677753,-1.233293684715231,12.82736672326475,-0.4565315393035289
1.1499999999999841,0.41759805663119665,0.19651873720241061,-0.3132854046730484,0.8484026769839916,14.02579841797448,5.423857101362693,8.0,7.5824019433688035,5.229173253238566,-5.229173253238566,1,0.0,0.0,1.0,1.0,1.0,-31.118604000961174,132.83615153293698,0,-27.95987626644343,118.93700907950145,16.218683733695215,-3.941762839495663,-9.426657436423076,4.318271963247955,-21.109044925861376,-0.5225705919414677,-3.1904801434431436,9.560344906946044,-0.8239794675499539
1.1999999999999786,0.39828420237032286,0.2277601415919624,-0.43986651658861176,0.39012393707232096,25.46460648351334,2.712842327831188,8.0,7.601715797629677,2.093691503882612,-2.093691503882612,1,0.0,0.0,1.0,1.0,1.0,-2.2915948418833447,24.24745350040636,0,-1.9594571547967474,18.42484979509789,16.165472628227896,-3.9072722838854133,-8.596658497111465,3.8132691648992063,-20.075179251858668,-0.5374072661155288,-3.084194374578175,9.23150768060986,-0.9655392511904003
1.2499999999999731,0.3704583794915165,0.23709093222839245,-0.6742141928001983,0.005545746984053681,29.644998156634767,0.08528980776258432,8.0,7.629541620508483,-5.561112783034247,5.561112783034247,1,0.0,0.0,1.0,1.0,1.0,-7.9220017282947985,-13.891553880073516,0,-6.396825244428403,-12.385093837611514,17.343406317269988,-3.944614372418481,-8.719926764693492,4.394120279446531,-21.97705082219066,-0.5506154907285274,-2.8761366119860035,6.39178918040125,-1.1505973562618783
1.2999999999999676,0.34368798417336904,0.24050602642804828,-0.39242088522218643,0.13383346295967924,31.20646137205695,1.0285186534585975,8.0,7.656312015826631,-4.79244807524527,4.79244807524527,1,0.0,0.0,1.0,1.0,1.0,-1.3762395371400853,7.538210200398574,0,-1.0674540572132543,6.725920561072318,16.41486894150459,-3.9496619224492266,-8.767514554757266,3.9772171156998373,-20.662856366281055,-0.5446311372646988,-2.8542379420585875,5.857853597484664,-1.147241110961394
1.3499999999999621,0.3301955874816918,0.24935921094595015,-0.148170217898166,0.21995405375806681,35.229669907252635,1.8228291246809551,8.0,7.6698044125183085,-2.310316551863577,2.310316551863577,1,0.0,0.0,1.0,1.0,1.0,-0.7330159853834664,14.15907824053296,0,-0.5940644240911217,13.049162885421396,14.34542930965373,-3.9828540911238526,-8.697318401896593,3.6207822312750877,-18.154079507852135,-0.5419902613567099,-2.8568320299793633,5.5971102299466295,-1.1394571281787371
1.3999999999999566,0.3256406655241389,0.2592118221381976,-0.0341059558131019,0.176808404751789,40.186817430288066,1.6728898904282363,8.0,7.674359334475861,-1.6436000974338345,1.6436000974338345,1,0.0,0.0,1.0,1.0,1.0,-1.4834473151184944,10.625847757291469,0,-1.2091274883524297,9.772981207345298,12.268209991153954,-4.00080793475816,-8.584430591296643,3.5591432911099097,-15.860831369377768,-0.5392160987383267,-2.882538274778261,5.084488064870242,-1.1154678035044263
1.449999999999951,0.32595428731973736,0.2666006375841718,0.04680687170084042,0.12318370585291295,44.46795621249664,1.341272644863425,8.0,7.674045712680263,-1.4935668796332242,1.4935668796332242,1,0.0,0.0,1.0,1.0,1.0,-1.5317713089628293,7.762721552198799,0,-1.2355622119988225,7.0582303534772075,10.319542506147839,-4.008700003932356,-8.519482038970942,3.5630793723354004,-13.789155272683953,-0.536865698008626,-2.9201317335487467,4.57648843273247,-1.0812929558086513
1.4999999999999456,0.3301477916739643,0.2717562625704999,0.12099828222793413,0.0865116113802993,47.88663213654266,1.0687454720731413,8.0,7.669852208326036,-1.3582623584580567,1.3582623584580567,1,0.0,0.0,1.0,1.0,1.0,-1.3059185085149292,6.247059460398747,0,-1.0557811469829235,5.601379314096974,8.503173723223977,-4.011975161811341,-8.488435731463479,3.5866981508605873,-11.894876218679036,-0.5349206945070001,-2.9566154028703493,4.177968371770094,-1.0476502484085866
1.54999999999994,0.3378922428126469,0.27538850618153254,0.18877123973311438,0.0612476535129956,50.60157826745518,0.8473698296994843,8.0,7.6621077571873535,-1.205922052735666,1.205922052735666,1,0.0,0.0,1.0,1.0,1.0,-1.0650058571781662,4.953815601153039,0,-0.871247908104851,4.385261259254223,6.968248712787786,-4.01275391654319,-8.476829500977246,3.6189621110500694,-10.314367347831286,-0.533438942921646,-2.9878213734520327,3.8860193878052267,-1.0190463007245436
1.5999999999999346,0.3488400010689618,0.2779286751349799,0.24910480229716417,0.04216298540525855,52.71420535038751,0.6447345116619062,8.0,7.651159998931038,-1.0937609153260581,1.0937609153260581,1,0.0,0.0,1.0,1.0,1.0,-0.8564790795508022,3.4996343973805857,0,-0.7116276537500017,3.0719907868888088,5.875713570415107,-4.012294313097821,-8.475518771773267,3.6489450734009465,-9.199497948784096,-0.5323631432894345,-3.013126609292005,3.676910293455012,-0.9962342214980283
1.649999999999929,0.36266582473617115,0.27964599029853243,0.30388480642009924,0.027794891369746208,54.27975300073021,0.4615440500666893,8.0,7.637334175263829,-1.0391589833475832,1.0391589833475832,1,0.0,0.0,1.0,1.0,1.0,-0.6652963559016012,2.1432323932820365,0,-0.5617825147102342,1.8755051051632883,5.2266945900673925,-4.011561883879126,-8.4780425155078,3.6700765678776053,-8.54143640944859,-0.5316021499326015,-3.0325634355254625,3.532353642826456,-0.9790612140269428
1.6999999999999236,0.37915970347429345,0.2807605222123181,0.35582272103300766,0.017597032176089912,55.37250156958261,0.3108515947331503,8.0,7.6208402965257065,-1.0295037544180685,1.0295037544180685,1,0.0,0.0,1.0,1.0,1.0,-0.4808873098424271,1.105154891471857,0,-0.4123609189105868,0.968788895239113,4.910429713138022,-4.011054626813667,-8.48058628476,3.6819367289802005,-8.222329016809871,-0.5310859917433849,-3.0463602552999802,3.439101297221688,-0.9671491312108308
1.749999999999918,0.39823193279474917,0.2814606891326217,0.40701738726438497,0.010885089570226842,56.09623668402186,0.20065557210257137,8.0,7.601768067205251,-1.0381762201382048,1.0381762201382048,1,0.0,0.0,1.0,1.0,1.0,-0.30166014026436216,0.4248034275321424,0,-0.2623008768403594,0.3743684760086663,4.797461857386237,-4.010850787801878,-8.481834749207088,3.686859124804151,-8.108854914014204,-0.5307729450364137,-3.0548716135369145,3.386651321490467,-0.9599983938311887
1.7999999999999126,0.4198666580440847,0.28189243999048336,0.4583239126308074,0.0066463466971455176,56.55866099693134,0.1259549832862812,8.0,7.580133341955915,-1.0402776264347087,1.0402776264347087,1,0.0,0.0,1.0,1.0,1.0,-0.13235921577176146,-0.02383756114332858,0,-0.11649987726528743,-0.021161342836610864,4.803298637760435,-4.010860897762976,-8.481760524490298,3.686557382202621,-8.114689461262918,-0.5306380887044255,-3.058565028348074,3.365903481588316,-0.9569942417587647
1.849999999999907,0.44406221126910117,0.2821459293014636,0.5094554636390675,0.003623423331194122,56.836235864175514,0.06983935786966246,8.0,7.5559377887308985,-1.0654299625954677,1.0654299625954677,1,0.0,0.0,1.0,1.0,1.0,0.020748068366085448,-0.44836523959660624,0,0.018453621557865674,-0.4011914429035117,4.904016324234916,-4.011008974386923,-8.480430585237627,3.6803094123786972,-8.214825016120134,-0.5306588165310703,-3.057988906758618,3.368852034093546,-0.9574458289791369
1.8999999999999015,0.4708371660343972,0.2822846491695455,0.5615017442582043,0.0019802788554569638,56.990444619645,0.03854539624333486,8.0,7.529162833965603,-1.0734628798350079,1.0734628798350079,1,0.0,0.0,1.0,1.0,1.0,0.17079957151457414,-0.6498525178721033,0,0.15325738009547407,-0.5859797504288744,5.037892185479965,-4.011137019038452,-8.478714246622586,3.670326068339169,-8.347102641475411,-0.5308299091487485,-3.0532384762629383,3.3909828077094346,-0.9610319592666084
1.949999999999896,0.5002176978062998,0.28235286032950846,0.6136813359895871,0.0007511403838865968,57.066719420817456,0.01467341662667387,8.0,7.4997823021937,-1.0943780644567511,1.0943780644567511,1,0.0,0.0,1.0,1.0,1.0,0.30558688965818737,-0.9147600733575083,0,0.27624452158581525,-0.830694487541177,5.210948793102652,-4.011186418286703,-8.476748829815785,3.654801224430989,-8.516857373846117,-0.5311340441101132,-3.044679456341757,3.4272550778962634,-0.9672391637691412
1.9999999999998905,0.5322257220174388,0.28237586488214017,0.6666022188751813,0.00014786578246971205,57.09273547105831,0.0029116246599780495,8.0,7.467774277982561,-1.102224573586776,1.102224573586776,1,0.0,0.0,1.0,1.0,1.0,0.43634869132547316,-1.0596284610074127,0,0.39690725615491707,-0.9682150291287099,5.395471594952086,-4.01107901894101,-8.47503510904034,3.6350516273542848,-8.696376503137076,-0.5315716383925345,-3.032318492765712,3.4749160526229725,-0.9758643718956813
2.0499999999998852,0.566883301942513,0.28237050695769594,0.719665001179645,-0.0004049728885868309,57.086810730455795,-0.007921788613683046,8.0,7.433116698057487,-1.1211709822616671,1.1211709822616671,1,0.0,0.0,1.0,1.0,1.0,0.5551897234239233,-1.2711156520367797,0,0.5076397534116514,-1.1676165896344766,5.599689172558859,-4.0107586138000935,-8.473717648581802,3.609156674255757,-8.893212119427565,-0.5321286589250919,-3.016364176336812,3.5309116468562958,-0.986574702837372
2.0999999999998797,0.6042105423017059,0.28234617330613415,0.7733886402862687,-0.0006184596304539521,57.059802056144406,-0.012050168602322487,8.0,7.395789457698294,-1.1301109783304215,1.1301109783304215,1,0.0,0.0,1.0,1.0,1.0,0.6710300156835288,-1.3933026955360912,0,0.6162280150996592,-1.2855497071699151,5.8066524981085585,-4.01019375109876,-8.47305547631937,3.5783747197650495,-9.090631048066708,-0.5328097925338425,-2.9967612034157187,3.593599537580062,-0.9992701016580895
2.1499999999998742,0.6442289160391468,0.28231017466519215,0.8273108986386373,-0.0008820982239688974,57.019707458584264,-0.01716698952354224,8.0,7.355771083960853,-1.1478422166783722,1.1478422166783722,1,0.0,0.0,1.0,1.0,1.0,0.7773547934441397,-1.570690461125965,0,0.7164668970599921,-1.4545618385949803,6.022689093304208,-4.009328709701244,-8.473207990392975,3.5409556831538227,-9.294317247466285,-0.5336031987549648,-2.973648846373171,3.661004895703225,-1.0137228533782139
2.1999999999998687,0.6790473011237911,0.27917618962468327,0.48036254461646166,-0.20122760742358656,53.802289648986076,-2.762851068624973,8.0,7.320952698876209,-7.999999411853022,7.999999411853022,1,0.0,0.0,1.0,1.0,1.0,-7.148667110638563,-56.57482581106542,0,-6.608684730036673,-52.5497594131409,13.235487958368322,-3.9700012097698028,-8.509228942358444,2.097951223360724,-16.00733784687231,-0.5262082059138466,-3.1900940218542377,3.084630214336015,-0.8826530689853647
2.249999999999863,0.6995468169872918,0.269784591751698,0.3512212467236337,-0.17283508422472332,46.90210284978795,-2.059095468946473,8.0,7.300453183012708,-7.999999634678686,7.999999634678686,1,0.0,0.0,1.0,1.0,1.0,-6.866683506029298,-34.01159434940568,0,-6.224190246137978,-30.226464326446518,16.61918290006416,-3.897041989579362,-7.928173219404728,2.240039898735747,-19.669998095950817,-0.4863965453536788,-3.324385152696999,2.557010719193002,-0.7163641935913606
2.2999999999998577,0.7145248597648305,0.26156837263321514,0.2533840769375925,-0.15479665414071872,41.767361546810484,-1.5540699720056195,8.0,7.285475140235169,-7.999999406792008,7.999999406792008,1,0.0,0.0,1.0,1.0,1.0,-5.831053579025289,-29.87244806165083,0,-5.405633758623411,-27.7320715643665,18.309146536603954,-3.8168305239738434,-7.598123372132854,2.3629101850703744,-21.68689595042636,-0.45651225358981906,-3.390486786085396,2.211797908839638,-0.6274233643569684
2.349999999999852,0.7254061496425867,0.2543960858787731,0.18623610678053754,-0.13201404787773866,37.86451272516307,-1.1910571850023395,8.0,7.274593850357413,-7.999998880313379,7.999998880313379,1,0.0,0.0,1.0,1.0,1.0,-4.9818340562920955,-27.650208317515617,0,-4.680424723582518,-26.141976299441342,19.125953443395364,-3.732230064480151,-7.402873227527842,2.48565994548154,-22.85521477005145,-0.43338587818856056,-3.4176830068852717,1.9837251145752204,-0.5850095731983225
2.3999999999998467,0.7335294589440398,0.24833753559328464,0.14245309350871452,-0.11042637065555151,34.84090769566761,-0.9344531674817284,8.0,7.26647054105596,-7.9999970471467705,7.9999970471467705,1,0.0,0.0,1.0,1.0,1.0,-4.338844484772396,-26.249965614668966,0,-4.109915819977136,-25.019406982151303,19.427627137918712,-3.6451313995834806,-7.29105111473491,2.6025090209405417,-23.51571981012242,-0.4147983213391416,-3.424444227297812,1.8299609780955621,-0.569598755301926
2.449999999999841,0.7399148455805151,0.24324561201277983,0.11473548071883258,-0.09492516077087636,32.42852607183761,-0.7637211364789306,8.0,7.260085154419485,-7.999981826348337,7.999981826348337,1,0.0,0.0,1.0,1.0,1.0,-3.860772332892622,-25.35962160122717,0,-3.6768044038042538,-24.261663505108537,19.40132367794669,-3.5569798018735037,-7.23297800478805,2.70863796977307,-23.847728838540156,-0.3993256952683182,-3.420911129584466,1.724298264862059,-0.5699239456980109
2.4999999999998357,0.7451885446994057,0.2387161917997259,0.09803164320021467,-0.08736521661179812,30.393756517228955,-0.6680956640968484,8.0,7.254811455300595,-7.922473419786454,7.922473419786454,1,0.0,0.0,1.0,1.0,1.0,-3.4909011661958043,-24.906192118050175,0,-3.3372449723843642,-23.87375888933555,19.148979748103415,-3.468911310238928,-7.2079699269155,2.80486851878236,-23.954563913797706,-0.3861099619595607,-3.4124213859454424,1.6512251841689962,-0.5796433606176792
2.54999999999983,0.7499215899193749,0.23435302027816415,0.09283485609658329,-0.08832474246838277,28.523528478326703,-0.6475207291278775,8.0,7.250078410080625,-7.93441498561517,7.93441498561517,1,0.0,0.0,1.0,1.0,1.0,-3.084133512245457,-24.72418696492802,0,-2.9585952609253128,-23.740511231991274,18.719702086106537,-3.384496902785547,-7.195875683287673,2.9023869702681226,-23.900667009294047,-0.37516319519809316,-3.4019091803735217,1.6032526042163961,-0.5952154357841349
2.5999999999998247,0.7546002538108437,0.22975799645668524,0.0955392629738141,-0.09688766406615155,26.6299820734168,-0.6841285903909649,8.0,7.245399746189157,-7.999981276672549,7.999981276672549,1,0.0,0.0,1.0,1.0,1.0,-2.7771657069719473,-25.061939624893245,0,-2.670129620578434,-24.0845139562502,18.1280860522414,-3.301937007162661,-7.185843651216769,2.997543199214776,-23.705559744328124,-0.36569561594955585,-3.3917956612042333,1.5733478221297703,-0.6137905868552159
2.649999999999819,0.7595613460477371,0.22455174159895278,0.10392512562662908,-0.11301809889672734,24.562075679417703,-0.7694668894823927,8.0,7.240438653952263,-7.999995257086731,7.999995257086731,1,0.0,0.0,1.0,1.0,1.0,-2.5252174389951754,-25.8241198381034,0,-2.431622487595536,-24.823659470592144,17.36462866292162,-3.2205050423442594,-7.168587913518158,3.0900110037837187,-23.36912539716782,-0.3572958877404672,-3.3832161291287823,1.5579769442559042,-0.6341179107030404
2.6999999999998137,0.7792622025825213,0.23207939442344036,0.7767357301536035,0.9790771443504709,18.62236884638826,-5.21231106904022,8.0,7.2207377974174785,-7.999999936921781,7.999999936921781,1,0.0,0.0,1.0,1.0,1.0,10.935947653496038,-112.88223264084834,0,10.547861849724278,-108.54825174131514,13.319648248145763,-2.896311923715218,-7.003822126540414,3.513909648815006,-21.3478787939344,-0.39245222552994735,-3.415690872002005,1.5700867124496138,-0.5289414755763321
2.749999999999808,0.8094928878270128,0.29187593466302036,0.6913597952441081,1.1381994305752108,3.638479275072784,-4.112701224690093,8.0,7.1905071121729875,-7.999999945715695,7.999999945715695,1,0.0,0.0,1.0,1.0,1.0,-2.166480554605207,-31.688180550614998,0,-2.05041918106446,-26.14967442157464,11.147536158159738,-2.9943847207348253,-6.000389364297012,3.7312300092444386,-20.551175505159502,-0.3840267540040126,-3.4832062120591702,1.5924410445322006,-0.5322958937740602
2.7999999999998026,0.8453309699136178,0.3368375995381801,0.7419285334389992,0.6568975527290724,-3.8875172797765547,-1.1756053395053707,8.0,7.154669030086382,-7.999998952588466,7.999998952588466,1,0.0,0.0,1.0,1.0,1.0,0.7785478449714137,16.95551805604559,0,0.7316173163961195,15.098472058023503,12.462849319430191,-2.973440886664192,-6.350319577739208,3.7266811556458186,-21.275254287680212,-0.3867536197508837,-3.464524215593143,1.5559880861353628,-0.5177829394637273
2.849999999999797,0.8836343568345877,0.3574192087292599,0.7896375744153137,0.16665424197251333,-3.286935995838104,1.562820507291521,8.0,7.1163656431654125,-1.937318910723395,1.937318910723395,1,0.0,0.0,1.0,1.0,1.0,1.0538573461989795,29.591673340740172,0,0.9778847094872207,27.840794108588334,14.498565220916205,-3.0974206531488533,-6.234319588977379,4.703987074391263,-23.13596586676656,-0.39018457225209957,-3.4391763630467573,1.4911175355909334,-0.49246230321357404
2.8999999999997916,0.9232331037625764,0.35355532068085826,0.7942009942399721,-0.3209570662924216,1.61232631219038,1.853970911874783,8.0,7.076766896237424,0.6348895199427163,-0.6348895199427163,1,0.0,0.0,1.0,1.0,1.0,2.62901693252885,14.512246050997607,0,2.487804802544208,13.520723506704353,15.508885803355652,-3.1378826856103545,-6.021305884968093,5.310194775793429,-24.04307626705685,-0.3887160093004052,-3.388872297964583,1.3331941843261308,-0.3971818338221742
2.949999999999786,0.96262291994126,0.3252699138847597,0.7815683844391963,-0.8108540490214657,5.925809202502116,1.1653570769755799,8.0,7.03737708005874,-0.2867784022033875,0.2867784022033875,1,0.0,0.0,1.0,1.0,1.0,3.0452554366931195,3.706226789930062,0,2.895981293571663,3.4701690844336373,15.766922759713355,-3.1400122418594436,-5.978299303253933,5.436907057146682,-24.24396929562063,-0.382459725508713,-3.3386087690327515,1.190261829836991,-0.287777441169182
2.9999999999997806,1.0352988655997943,0.30701841489788595,1.6679848284742476,-0.2917919494854619,2.9802113282366345,-2.407157006652288,8.0,6.964701134400205,-1.9158951638807786,1.9158951638807786,1,-5.47918744270259,22.94539503181148,69.84942666934629,69.84942666934629,69.84942666934629,20.392892854347856,-61.07193216621831,20,19.624543729829654,-58.18128488616307,11.78950731200353,-3.124247880825368,-6.428995080989175,3.7037315125523973,-21.29411719176104,-0.35413815058417547,-2.9936764657648114,0.4825132009544292,0.2921739064410247
3.049999999999775,1.1374216048675339,0.2979027878736877,2.462828181805554,0.006607837948753883,-0.5566827017008524,-0.01149147541554546,8.0,6.862578395132466,-1.2780790163084963,1.2780790163084963,1,-0.5190395091257725,2.790496619297557,71.27410222629292,71.27410222629292,71.27410222629292,19.894522148927333,29.79476528133847,20,17.906252083653172,26.462320581275197,13.770110497594475,-3.082510761591164,-6.67389348870369,5.146025633882802,-22.8548666979307,-0.3653587522688172,-1.8595683823426654,-0.09826713835482592,0.397466777280843
3.0999999999997696,1.2616962710232749,0.2920992016625077,2.505005046013788,-0.2397610829347319,-2.3586144165217235,-1.2458516501489283,8.0,6.738303728976725,-1.2400771773621262,1.2400771773621262,1,-0.6206667332220491,3.6576122113283613,71.26012520336509,71.26012520336509,71.26012520336509,4.557955827020753,-32.291959513238936,20,3.7299871328005736,-25.57631676671175,12.422172291214187,-2.9572261004442137,-7.11125300615506,2.1540067270227836,-20.69870858535121,-0.36907708361726643,-1.511970616984533,-0.2055051103098292,0.36356767581668303
3.149999999999764,1.3878164091916403,0.27386082184827093,2.539192938762555,-0.4921865195643443,-7.734587289984827,-2.498468713921023,8.0,6.6121835908083595,-2.8842469961265094,2.8842469961265094,1,-0.3353950436658633,2.039674644506653,71.28827639857377,71.28827639857377,71.28827639857377,3.6415427865959336,-34.68783373447089,20,3.0607156072619777,-29.078348393377468,11.07216503132228,-2.904005058048478,-7.243495300570228,-0.2981250223525942,-18.91548404495811,-0.3715862456250389,-1.2747063628412079,-0.2890920874622724,0.3434952114808978
3.1999999999997586,1.5177497720950237,0.2441308248024423,2.657523750317331,-0.7250407366108454,-16.197054316784804,-3.2270030458649464,8.0,6.482250227904976,-7.998501095861536,7.998501095861536,1,-0.07840066081874303,0.5041351561843112,71.29969773416438,71.29969773416438,71.29969773416438,4.149192623048826,-32.34315188391161,20,3.5359980749254865,-27.675900624254226,10.04500974185187,-2.8711046112981644,-7.1756717986050385,-2.1474454849459943,-17.60479556091075,-0.37768190113984845,-1.0395371300480722,-0.410916179151545,0.3255727083297136
3.249999999999753,1.6578064194810234,0.2000675745466991,3.288147336658688,-0.7822260772695936,-18.015489633802027,5.133551008952312,8.0,6.342193580518977,3.0990821188894726,-3.0990821188894726,1,-1.2970672649384732e-05,1.865995575721604e-05,71.30041975974646,71.30041975974646,71.30041975974646,11.913982858758486,134.75601241092681,20,9.89262106936817,113.1430059753163,11.034311959895945,-3.486097217208423,-6.907268889998285,5.801885918707029,-22.1202430203484,-0.4245903414838951,-0.42320115109280654,-0.8480629232469961,0.21187131264995862
3.2999999999997476,1.8208070529597735,0.15853241696288473,3.192024432181717,-0.9462719726363121,-2.380356711069532,5.296859237381432,8.0,6.179192947040226,3.123426925678477,-3.123426925678477,1,-4.851488632079185e-06,0.00022176911620502054,71.30041971856787,71.30041971856787,71.30041971856787,0.3107747763820008,42.07813849887292,20,0.25304157603158073,26.924872134972443,10.45297271764866,-3.735386471533129,-5.538182368397877,9.073178882140544,-23.426339636871482,-0.42394850741930395,-0.4075025351279544,-0.8572332783872504,0.21315990095233966
3.349999999999742,1.9752507028292219,0.1485902977300156,2.9467810827242786,0.12845734706405013,0.7072243790960037,-0.6815208052649152,8.0,6.024749297170779,-0.8955838176269182,0.8955838176269182,1,-0.05392902798242384,0.2568578445062986,71.2995485389639,71.2995485389639,71.2995485389639,-2.528700224328661,-94.54484390656319,20,-2.1628584766209222,-69.73937377353559,9.942371516030576,-3.3259297919711392,-7.832374876362143,3.8308944919115353,-20.115042537389673,-0.42823058972983835,-0.524177593956645,-0.8663768811885245,0.23274280056006985
3.3999999999997366,2.1243953682430545,0.15091923394245452,3.0156850719640853,0.0074560087867915565,0.03337636918415353,-0.03546219041214904,8.0,5.8756046317569455,-0.6627395536525901,0.6627395536525901,1,-0.04149025064706048,0.2294370974194555,71.30021139114578,71.30021139114578,71.30021139114578,2.3171509753338393,3.489217963745846,20,2.0716336012208796,3.115751452628013,10.021949833175013,-3.3262773546173827,-7.8368505299021525,3.962545076839226,-20.212455256922695,-0.42943576018693336,-0.4306066194488594,-0.8494476327405494,0.2012387068656603
3.449999999999731,2.2761019000666933,0.1510162706402733,3.0521666485943286,0.00010289155755064784,0.004629477214523793,-0.0009872554312661949,8.0,5.723898099933306,-0.5356262889639016,0.5356262889639016,1,-0.033045205465356726,0.18223260015211004,71.30028181476165,71.30028181476165,71.30028181476165,1.54285754247861,-3.552149666474472,20,1.388390671547775,-3.1925880217823934,9.959813114134455,-3.32372206720663,-7.8427633364806315,3.8340269172092705,-20.120826088679248,-0.43002903332670805,-0.37313707734746915,-0.8396613507663238,0.18199665123448341
3.4999999999997256,2.428331704530493,0.15136604862052697,2.3871505986011927,0.19918394597830769,-0.02529655988166547,-0.6412751227845364,8.0,5.571668295469507,-0.47888414424359727,0.47888414424359727,1,-0.8548152832684999,4.858476225011353,71.21263068740983,71.21263068740983,71.21263068740983,-12.573708119212782,-16.134849153633354,20,-11.401520090457407,-14.616564827246844,9.712436575498383,-3.3135843956699538,-7.868490981662916,3.296795199487476,-19.746608542213206,-0.42619512771759416,-0.8047632471587856,-0.9190573022705388,0.3292635784340737
3.54999999999972,2.451844381949461,0.17426890292204034,0.05690688911305188,0.30589823182230563,-7.641373061873712,-1.5684467718482396,8.0,5.548155618050539,-7.385405252500428,7.385405252500428,1,-1.0333704430090904,-8.692354108379297,70.7890894618198,70.7890894618198,70.7890894618198,-45.21755056140398,-23.011897249955155,20,-42.83720849789492,-21.726407202786202,9.027632422249871,-3.3375609594767144,-7.7993509382482635,2.843689148681123,-19.232806328876162,-0.4371670006088136,-1.7621568972120198,-0.5925320669699996,0.22925424736990213
3.5999999999997145,2.4474508422409493,0.17396455090281446,-0.1832589428487253,-0.23322784446511188,-7.505709999571585,1.3041190733727086,8.0,5.552549157759051,-3.4755041388498693,3.4755041388498693,1,-0.1934737703622907,19.05267014541265,68.34078643215815,68.34078643215815,68.34078643215815,-8.239737720354555,30.69272562763685,20,-7.736786776176723,29.477235015016937,10.894924244222459,-3.3712719758909304,-7.921470367207553,2.5305997968282754,-20.290715976856376,-0.4215150309176106,-1.6318373828839152,-0.055554562847497824,-0.09411360477377018
3.649999999999709,2.435625364356452,0.15395916964443931,-0.2742813664838173,-0.5748790126212041,-1.2640621761026316,3.0583488657504234,8.0,5.5643746356435475,1.0902683953439387,-1.0902683953439387,1,-0.41593952984298893,14.259988065666024,70.1409957425337,70.1409957425337,70.1409957425337,-3.4976177107785063,43.65116287559883,20,-3.283279604938749,41.94876863447178,13.576251553594213,-3.40551406942672,-7.712645130220036,1.9901575330459038,-21.73705741660855,-0.4237013640727212,-1.5557986266422947,0.18318724521676263,-0.27092989043106075
3.6999999999997035,2.431124559583416,0.14907651107168,-0.028828825460190593,0.06268456737890402,0.21965716790782183,-0.32342865660690573,8.0,5.5688754404165834,-4.483436094277162,4.483436094277162,1,-0.3987681825521896,-10.194761573402925,70.69315210509797,70.69315210509797,70.69315210509797,5.21924350168005,-31.62469373369266,20,4.877887302750373,-29.63998909140129,11.500755972738922,-3.4458785904941345,-7.936033201319607,2.4678513638510746,-20.788542232444776,-0.40718499049394397,-1.6777937520573674,-0.10835134758802131,0.012526622323509318
3.749999999999698,2.429510240398838,0.15041086936646145,-0.037193329908309605,0.0048950758986178,-0.12762772303869807,-0.016413500218141253,8.0,5.570489759601163,-5.332493648469527,5.332493648469527,1,0.45062610191538754,-15.581420231129117,68.4435030312417,68.4435030312417,68.4435030312417,-2.0533580279855506,-2.516797846026404,20,-1.9787460502648733,-2.4406741920004267,11.34390048350876,-3.4461895896096535,-7.931156050056114,2.4971958341854257,-20.706782517501434,-0.4064979195770744,-1.6483610217141842,-0.018205475471805857,-0.058502000865085044
3.7999999999996925,2.4277944204645117,0.15051622369777654,-0.03190588997051919,0.0011943257204875735,-0.12192040517079532,0.006609730002379182,8.0,5.572205579535488,-5.620386027914689,5.620386027914689,1,0.3591911257704442,-14.177091562924094,68.22694333523138,68.22694333523138,68.22694333523138,-2.06474536302826,-8.59070831923443,20,-1.9889355031972449,-8.333742429418454,10.849876554761286,-3.437456829138109,-7.936644718075954,2.580053977739744,-20.4201666324458,-0.4048454471298998,-1.6206290181587326,0.06992246267531925,-0.12427230937648669
3.849999999999687,2.42632240752954,0.15058360055671982,-0.02732191673229366,0.0013682939885747238,-0.09954427120263638,0.0074874973836930704,8.0,5.57367759247046,-5.819987820654065,5.819987820654065,1,0.2634245285741935,-13.6382948524952,68.13393892733978,68.13393892733978,68.13393892733978,-2.1109947427394062,-9.597186347519791,20,-2.035483900758715,-9.312759218417643,10.321925075234175,-3.4251575020156313,-7.947227021440458,2.665078225908802,-20.10473379051872,-0.4028585704349845,-1.5938909677771749,0.15630344967275964,-0.18757922500548926
3.8999999999996815,2.4250766879770427,0.15066463123926585,-0.022753949015838906,0.001722360620948841,-0.073951621867423,0.009204252219135832,8.0,5.574923312022957,-5.994495862931966,5.994495862931966,1,0.1800128432122352,-13.230286826393174,68.06132134166134,68.06132134166134,68.06132134166134,-2.1089699927314483,-9.984895668433978,20,-2.0356037565449348,-9.692905499018789,9.793735643188983,-3.410866561726082,-7.960553879530644,2.7476895337942304,-19.783005342530103,-0.40069246152711946,-1.5685641067863596,0.239149314276472,-0.24750282105780408
3.949999999999676,2.4240531021486524,0.150762777063913,-0.01845921458749964,0.002020179482972275,-0.04347218143250081,0.010739664325897472,8.0,5.575946897851347,-6.161817811105648,6.161817811105648,1,0.10102731774662266,-12.879827782471445,68.00093915176333,68.00093915176333,68.00093915176333,-2.1039341512574996,-10.290647660815335,20,-2.03271057505113,-9.993655314913337,9.269845680411612,-3.394859440704402,-7.976331983563484,2.82730819107142,-19.458196676770665,-0.39838515764963867,-1.5445744010371933,0.3185589178896382,-0.3042469192841193
3.9999999999996705,2.4232347180002507,0.15087255196312738,-0.014579660165412086,0.0021522298839171425,-0.009549732654976193,0.011425815349388493,8.0,5.57676528199975,-6.328261976040252,6.328261976040252,1,0.023207931292660633,-12.564674277444386,67.95202563627763,67.95202563627763,67.95202563627763,-2.101208681630531,-10.578575666233787,20,-2.0318872749148222,-10.276820384852252,8.751461992933164,-3.377198700938562,-7.994485275932861,2.903792434776955,-19.13113935970405,-0.3959465069827903,-1.5218135132624047,0.39479613411796444,-0.3580638131108551
4.049999999999687,2.422596259757536,0.1509832214660715,-0.011294929497165748,0.002035246603491266,0.024632734371090405,0.010809983148959887,8.0,5.577403740242464,-6.497081592468102,6.497081592468102,1,-0.055255536911116954,-12.27476398948923,67.91586423604663,67.91586423604663,67.91586423604663,-2.104016519707749,-10.87075746089438,20,-2.0362400808543324,-10.56367663144688,8.238758157121332,-3.3578701189017814,-8.015006635778299,2.977134152955022,-18.801896259111828,-0.3933742396194257,-1.500155667402592,0.46820991473829243,-0.40923426999514273
4.099999999999704,2.4209843645954177,0.15382799343275574,-0.06291022541938568,0.17265121615786622,0.8849787468946516,0.9126138108977787,8.0,5.579015635404582,-4.752897446135334,4.752897446135334,1,-0.13853863892539076,5.170837641239414,68.57440658232608,68.57440658232608,68.57440658232608,-3.1960016260157573,6.903127885982233,20,-3.095248709959466,6.7095962223061925,8.552025795686022,-3.370870625764587,-8.000855278931336,2.9337499078953515,-19.00674055679872,-0.38926987632663484,-1.4688856533931909,0.5755001266050099,-0.4830137367046512
4.149999999999721,2.417368002190202,0.16606243129278142,-0.078158716652592,0.31987427192611295,4.6168470966328305,1.726275444741359,8.0,5.5826319978097985,-2.5912094243885075,2.5912094243885075,1,0.1191973502659682,12.119573301215116,69.12342092580818,69.12342092580818,69.12342092580818,-1.7734125189313226,18.193819063001957,20,-1.7234297354436376,17.68625133097657,9.37387752766295,-3.3950133454254114,-7.92679473359557,2.8046030255889187,-19.5113877296929,-0.38887822282447826,-1.4485128578194004,0.6342908492740911,-0.53076140732324
4.199999999999737,2.4135484827788622,0.18169196508143057,-0.057806640361184235,0.3099692217654322,9.534645250800732,1.7432088164542,8.0,5.586451517221137,-1.9605186229898879,1.9605186229898879,1,0.47528745643516207,3.136088786903879,69.27686340161587,69.27686340161587,69.27686340161587,-0.23413123483098486,15.612438189638732,20,-0.2281354169302232,15.130587641769699,10.072091109081148,-3.4006595954040826,-7.845951903361169,2.678614066495662,-19.889519981670023,-0.3891085517305249,-1.4456158884235975,0.6407198086180431,-0.5376451121123478
4.249999999999754,2.411557803177457,0.19597486250123763,-0.020888185146080165,0.2641268416988604,14.24446442638816,1.5604693625156145,8.0,5.588442196822543,-2.1367924777263716,2.1367924777263716,1,0.5673172659108734,-0.043760591065578947,68.46922384418826,68.46922384418826,68.46922384418826,0.3234620924405648,13.466697218989651,20,0.3163031546108065,13.078977169506384,10.623557477451607,-3.398912295787417,-7.786128044017915,2.5677658986572385,-20.152915761074386,-0.3887075954879925,-1.4492664154608645,0.6348414324759342,-0.5289373993230416
4.299999999999771,2.4114811737625756,0.208794062223351,0.02920758899139689,0.25156425980114,18.70082192418736,1.568605635255515,8.0,5.588518826237424,-2.097785176156708,2.097785176156708,1,0.6465329348044544,0.6434025571346873,67.60430561763576,67.60430561763576,67.60430561763576,0.5137840097129464,14.959588346604946,20,0.5043099076785017,14.589564693043204,11.128498320558409,-3.3974561044108014,-7.728355877541292,2.455836069628833,-20.361686514374107,-0.3881823800547157,-1.4541208117163313,0.630323256113856,-0.5173306795322529
4.349999999999787,2.4154341260292274,0.21858795289601984,0.12951564438532495,0.1344149900256133,22.291844489552638,0.8866708714455256,8.0,5.584565873970773,-3.454537991185374,3.454537991185374,1,1.1607238288914439,-5.827066643707509,66.33800559873269,66.33800559873269,66.33800559873269,1.549541518909431,1.1058949150160302,20,1.5236599736802803,1.081218496185258,11.155400153754558,-3.397468177884318,-7.723911026101234,2.44883244091077,-20.36928465216661,-0.3867415656641437,-1.4660816245826513,0.6299850271438673,-0.4879688235293494
4.399999999999804,2.4265210813498177,0.22514768358940818,0.36257610765538284,0.27371563316880143,24.830241445899627,1.863252431254583,8.0,5.573478918650182,-1.3745747090488791,1.3745747090488791,1,1.7348994349783728,1.4537477505367598,67.87100333678484,67.87100333678484,67.87100333678484,3.764076433129591,24.373950707446262,20,3.709571142919259,23.977174443279385,11.512364221928632,-3.411643909654682,-7.656694723367966,2.3428482616683235,-20.397637022384515,-0.38671007557730325,-1.482694253208415,0.6611082768252902,-0.44300896422198216
4.449999999999821,2.446230610867723,0.2353103595002379,0.4256762115691622,0.13367040711428385,28.902254417051743,0.980469453524712,8.0,5.5537693891322775,-2.727195588812452,2.727195588812452,1,1.9978084252093748,-2.543265854808535,65.63973074532991,65.63973074532991,65.63973074532991,1.4334186980954606,1.0211975260923474,20,1.410898977519556,1.0001785288553187,11.517479163549279,-3.411945481496657,-7.651084245428558,2.3418062618684017,-20.39175058635634,-0.38528501951464006,-1.4857920714820592,0.680575857889658,-0.42558224664135663
4.4999999999998375,2.4708858420682795,0.24078897008976502,0.5606567189349583,0.08868727113413456,31.284339647782105,0.6870172903442767,8.0,5.529114157931721,-3.5709989899109527,3.5709989899109527,1,2.1047269294499653,-6.39446414971767,65.63487537577586,65.63487537577586,65.63487537577586,2.3779773624067495,1.6395424002706296,20,2.339584272675674,1.616862487055247,11.506926189284522,-3.4129091188314473,-7.645774622739588,2.3416910980754118,-20.367617047055113,-0.3850492446054929,-1.4843913229417784,0.732654395812906,-0.41231285179893307
4.549999999999854,2.503383729034069,0.2455153480574753,0.7390811034500994,0.10188990518573565,33.42609386883297,0.8188762294209164,8.0,5.496616270965931,-3.312693323278199,3.312693323278199,1,1.8550581171914586,-5.9861546512598505,66.9158383569321,66.9158383569321,66.9158383569321,3.057567208032545,4.923367052125839,20,3.000881409737222,4.85408163571446,11.425680980400747,-3.418933281455066,-7.629425332713254,2.354486832789036,-20.268817948708875,-0.3866447297828682,-1.4734234748809183,0.8169554879528699,-0.411250065977211
4.599999999999871,2.544441791909644,0.2507349730761444,0.9030373192323121,0.10813824803212818,35.888807649569294,0.9165552374097153,8.0,5.4555582080903555,-2.85406910974012,2.85406910974012,1,1.350319510635674,-4.373384882544293,67.79845953029759,67.79845953029759,67.79845953029759,3.0484895850836606,5.8680790554513536,20,2.982987759513124,5.771788541000056,11.273196689599857,-3.4273940115818164,-7.605047690401949,2.3861984493409225,-20.116692023805953,-0.3882478141728628,-1.4544718209635668,0.9150569216733881,-0.4191058200035085
4.649999999999888,2.593085499514897,0.2558565380080844,1.0425809924469125,0.09833556544251221,38.452323344591335,0.8898039353494093,8.0,5.406914500485103,-2.6259345321340954,2.6259345321340954,1,0.8409879729854268,-3.5500330200683274,68.08510540505092,68.08510540505092,68.08510540505092,2.878916246755547,5.482216806024388,20,2.8060483998792733,5.376630686016428,11.076488722688,-3.4351795121081374,-7.580198669849263,2.427935000230357,-19.934427250442052,-0.3894112378294923,-1.4301973086525577,1.0202883802228238,-0.43316742091284466
4.699999999999904,2.6483997026685935,0.2604450254366496,1.1698752379199784,0.08695331742433887,40.91160519140922,0.8432710134883187,8.0,5.351600297331407,-2.4891932576038904,2.4891932576038904,1,0.4309567603138206,-2.956204544690398,68.4212511081454,68.4212511081454,68.4212511081454,2.813100644617797,5.52249895122492,20,2.729585199004637,5.3982448516130255,10.822684343445633,-3.44300952608734,-7.555186228139076,2.4799400598518258,-19.708449130442872,-0.3905244772994713,-1.4010463142347784,1.1341422492296895,-0.4537690734422368
4.749999999999921,2.7097970635896926,0.2645538690237467,1.1800612598818592,0.07961132442448478,43.23281945590064,0.048783802821154354,8.0,5.290202936410307,-3.9882368680016347,3.9882368680016347,1,-0.34191794802006076,-2.7408160866159337,66.83943890260971,66.83943890260971,66.83943890260971,0.581705169142665,-9.460690168293288,20,0.5618586127129892,-9.210582969392695,11.348890612100133,-3.4293090130219146,-7.597648133458259,2.375666339912929,-20.164324009362772,-0.3907718755474077,-1.3940513689853578,1.159529362263834,-0.4593474177023506
4.799999999999938,2.7404834591055414,0.2618558066761955,0.47602900037573537,-0.17559017485188871,32.907430908466225,-4.322075432531501,8.0,5.259516540894459,-7.999999902772699,7.999999902772699,1,-1.235862499164279,-5.8351104107337335,70.3944544985625,70.3944544985625,70.3944544985625,-14.328959069187603,-91.63108077999414,20,-13.78065315716641,-89.02509574917441,17.19085647524605,-3.259341411784565,-7.8403037095308585,1.345065719658316,-25.120746881392872,-0.37238237865858875,-1.5822847576768262,0.499528009059662,-0.2601071989906699
4.849999999999954,2.770700187595892,0.2671395787113445,0.4811848703962825,0.8152206103855546,22.20011287381817,-3.617790541697381,8.0,5.229299812404108,-7.999999898919679,7.999999898919679,1,-1.6718978280802455,-9.352885416091066,68.90418030021019,68.90418030021019,68.90418030021019,-2.1340062067852106,-35.827534045993595,20,-2.067300200262312,-33.30089833401107,17.32326344600556,-3.2974858441094925,-7.324374773611348,1.5283171812614724,-25.9210494738079,-0.3661819115935129,-1.5924752199226444,0.441916185441445,-0.24105897014478275
4.899999999999971,2.7892755674486946,0.31428727650758087,0.42610765907860926,0.9834774610405157,10.846307752972518,-3.9551870765414234,8.0,5.210724432551306,-7.99999992315458,7.99999992315458,1,-0.9769651972445769,-6.708580896626866,68.56451896596991,68.56451896596991,68.56451896596991,-3.1906402948976833,-50.47931169014806,20,-3.1127212127499932,-47.895603096871305,16.1630145123058,-3.3173120170624126,-6.767464735233247,1.7348534006194678,-25.67372618809532,-0.3574292113595008,-1.6024762980814773,0.40778043412228115,-0.23124614240733182
4.949999999999988,2.811721981402276,0.35297264415359386,0.47402472638076165,0.5354686303302226,3.3551741727199857,-1.1394871937512387,8.0,5.188278018597725,-7.999997530587753,7.999997530587753,1,-0.6412008069096812,-9.978021983581575,67.36865693055562,67.36865693055562,67.36865693055562,-1.0637528993757566,12.06913449703191,20,-1.0390513740961904,11.346047696998411,16.681451477488363,-3.3057779147780493,-6.914075213423272,1.6633834307858113,-25.91695987751793,-0.3547315750686147,-1.6029922459037673,0.41638177021937844,-0.23576528604643676
5.000000000000004,2.8366476347971528,0.3676414775269356,0.5223821201649649,0.05157917905913188,4.14024161456454,1.6548431415888258,8.0,5.163352365202847,-2.0112741374427614,2.0112741374427614,1,-1.3669497694291723,5.812563528184095,69.41786198524024,69.41786198524024,69.41786198524024,-0.8994495010447705,30.037508235497075,20,-0.87587092933281,29.264012894111783,17.75272208754092,-3.377678664637731,-6.917594968355035,1.6925774472384298,-26.805954126650175,-0.35254533806933747,-1.6028822926664572,0.4340906637756458,-0.24294250734020903
5.050000000000021,2.8758113109554015,0.3711207601653393,1.2098616025546878,0.266335735392529,7.278688192675196,0.018470487257085413,8.0,5.1241886890445985,-3.4481606814015042,3.4481606814015042,1,-2.479023203971241,13.901725697203581,67.40453289158944,67.40453289158944,67.40453289158944,14.089443416690376,-19.857967486213496,20,13.866830074568956,-19.44011641247204,17.00801974720614,-3.3689441093280035,-7.008813288835781,1.693129708460324,-26.312815188432793,-0.3406387374542594,-1.6545244808766273,0.13285642524189295,0.052343731311154135
5.100000000000038,2.9419533863794447,0.37681650133515365,1.4109854404640672,0.022386262857359514,8.34208291685083,0.2283948919348294,8.0,5.058046613620555,3.4171515323593136,-3.4171515323593136,1,-2.4829415031723667,11.087990152789772,69.07260121136429,69.07260121136429,69.07260121136429,4.7804692340973824,0.10468328900452395,20,4.70369732252687,0.10275358657692468,17.01126638966939,-3.3690163667598463,-7.0087133347745425,1.6939656075456657,-26.315368289487793,-0.3429551371010338,-1.6191423609761237,0.09284706232646514,0.0833898687959462
5.1500000000000545,3.0073505389274655,0.36745879697603484,1.2060320092770676,-0.41409410378555067,5.071110463095909,-2.3612857333662056,8.0,4.992649461072535,-5.576929058784227,5.576929058784227,1,-3.1273777454109295,12.45822032614272,70.10657406095429,70.10657406095429,70.10657406095429,-0.7394130489851221,-31.58648985494664,20,-0.7131676437402854,-30.126427437990444,15.668704760559127,-3.5180375852204446,-6.829705210373734,1.6289675177785323,-25.88701915573998,-0.34522082035111884,-1.6229711093757369,0.09920096539467611,0.06936711175956012
5.200000000000071,3.080196984677295,0.34760359673892205,2.1868857065123204,-0.05286900172649657,-0.506379704251999,-0.19270684892922216,8.0,4.919803015322705,-2.538406567442539,2.538406567442539,1,-1.0973405704608319,3.7986126040837394,71.22032345733706,71.22032345733706,71.22032345733706,19.571021338167846,15.939904657621891,20,19.164296804113125,15.435513115538686,16.235284926313234,-3.515192483766352,-6.930074603298526,1.7108567758515654,-26.26688500220646,-0.37716417955746273,-1.460187209583853,-0.1061000282181153,0.11977018248781132
5.250000000000088,3.2002393239825717,0.3481502069732537,2.4856905016007205,-0.06772383902784171,-0.5431690298725607,-0.34944234585899836,8.0,4.799760676017428,-2.034324380960489,2.034324380960489,1,-0.46455457548198315,2.3612256884962433,71.26921046698207,71.26921046698207,71.26921046698207,8.091254527248122,-7.102384552048267,20,7.760962901383063,-6.80645481947251,16.068318686844727,-3.5081953231341902,-6.939868436036321,1.5743831784961597,-26.081528556918798,-0.3821195679935155,-1.3151779890711037,-0.19854053856503567,0.11954744819352432
5.300000000000105,3.326507467147838,0.33947446451173974,2.564613804257194,-0.2793601978005482,-3.1244548724205714,-1.4623926908971001,8.0,4.673492532852162,-2.2922969190711937,2.2922969190711937,1,-0.3861696874935485,2.1875387987031907,71.27555107913498,71.27555107913498,71.27555107913498,3.948806733095058,-25.72039548751465,20,3.753345892522497,-24.42844460620726,15.535749212934668,-3.4896319915971987,-6.959878615145793,1.0282339730804149,-25.452604569329665,-0.38419870490123065,-1.234126095739834,-0.23137998518699215,0.10899741229349133
5.350000000000121,3.457009477712798,0.3201465170899029,2.654628861996853,-0.4950195237776094,-8.792792504339717,-2.5059417272628624,8.0,4.542990522287202,-3.492770953720383,3.492770953720383,1,-0.15434655131619926,0.9382063102656497,71.29607878475606,71.29607878475606,71.29607878475606,3.963051689829323,-31.745402762531945,20,3.759871758165077,-30.0484460521286,14.844432834843083,-3.4971659707986644,-6.8583527055791675,0.4232733604749914,-24.77658157622925,-0.3868122353672116,-1.154108993473451,-0.2752493475208081,0.09858229141329508
5.400000000000138,3.5925688392235187,0.28742271985099765,2.7346276328533365,-0.8818859264332353,-15.811751507578677,-1.9589736407501297,8.0,4.407431160776481,-3.617656906960268,3.617656906960268,1,-0.10222368815616452,0.592410902480875,71.29874484966119,71.29874484966119,71.29874484966119,3.1720025954345195,-9.479097716753795,20,2.9915458870736753,-8.897037092131228,14.682768719914138,-3.499544180456925,-6.805976283659952,0.24957116463809909,-24.614817442234404,-0.3907411920259079,-1.0909005653109805,-0.3315078581272756,0.08892137483653301
5.450000000000155,3.7297869883870396,0.23101254560933424,2.7537151164735367,-1.3751122960901523,-19.719780757523385,-0.7830227288320197,8.0,4.27021301161296,-3.181735626389719,3.181735626389719,1,-0.10340077289354285,0.48778566740498025,71.299238497594,71.299238497594,71.299238497594,1.7721390922131406,7.33126916702982,20,1.6625693007917741,6.919416431055119,14.713119011437012,-3.50416871081727,-6.825529164524392,0.39626924905678107,-24.68836478508639,-0.39287237660925445,-1.0581830286338771,-0.37846397996109327,0.08851650062353283
5.500000000000171,3.888197841251055,0.17220521552815585,3.4856335379817383,-1.108787247452854,-7.543225933533359,7.924615042317219,8.0,4.1118021587489455,-0.2827410152616776,0.2827410152616776,1,7.082444697061734e-09,-1.1752476067544642e-08,71.30041975975956,71.30041975975956,71.30041975975956,16.08606907551964,167.40576963183995,20,15.097658560922705,158.67185934395724,13.619283519985428,-3.774832589616083,-6.539714474497309,4.030506617286257,-25.569803846658758,-0.4069795712003621,-0.7914982952167118,-0.8732236900599362,0.1307259143946422
5.550000000000188,4.067375661013915,0.14517185719062442,3.6947418241708774,0.17503853608792652,1.2813306170002003,-1.0369277929052356,8.0,3.932624338986085,-1.0273836903607987,1.0273836903607987,1,-0.0006609876246493175,0.0038219392532587164,71.30041967921098,71.30041967921098,71.30041967921098,6.580611310226413,-130.45392588009173,20,6.0771945246459715,-93.54179703028649,15.870836378416172,-2.8285365498040527,-9.895625016965306,-0.4154106944880551,-22.355306496935004,-0.4065063541708397,-0.635162516946288,-0.901116789628555,0.08568562337832508
5.600000000000205,4.254957323403447,0.15052481464650003,3.7951246672638863,0.031137091503364193,0.08542809006672708,-0.09276652474875229,8.0,3.7450426765965528,-0.9222156767904011,0.9222156767904011,1,-0.00022975437556117746,0.0013131051490927164,71.30041974861678,71.30041974861678,71.30041974861678,3.871245146495975,13.73945834429087,20,3.5541383564563924,12.61824897659525,15.99231053952573,-2.826656743622791,-9.92194520498671,-0.09190139803080177,-22.576185095972875,-0.4085511983307379,-0.534164132050792,-0.8537455076449485,0.02646932060214456
5.6500000000002215,4.439509060346078,0.15259256811355645,1.9846606814614123,0.3653665149699827,-0.4621494687091093,-2.697255337004096,8.0,3.5604909396539224,-2.3386794651969542,2.3386794651969542,1,-1.431503623530242,9.095462440920791,70.88928542659725,70.88928542659725,70.88928542659725,-34.58402894729595,-48.684318187193384,20,-31.825899745864437,-44.83749220118048,15.769292707938288,-2.7937033643065656,-9.973170111307368,-1.2418680986235375,-21.810088339871868,-0.39203464624307793,-1.3876427048330415,-1.2164671973006336,0.5231703453426478
5.700000000000238,4.461240195472927,0.18409826285417474,0.17508767156792154,0.5446755081645084,-10.908300968621358,-3.0683503060790773,8.0,3.538759804527073,-7.999999445409017,7.999999445409017,1,-0.4864023722595149,-0.0932860913327645,71.04486056316044,71.04486056316044,71.04486056316044,-34.887285958175134,-32.349666983279405,20,-34.15924947038878,-31.00582540774061,14.767441714143034,-2.863190961123068,-9.715669079925727,-1.4062672168081354,-21.293798230725756,-0.3874114379858998,-1.6639507947805725,-0.8605267675927513,0.35719485686375574
5.750000000000255,4.466066598644838,0.20033648403486187,-0.004339971799957736,0.11984182816357229,-16.26654951754352,-0.7114248045446165,8.0,3.5339334013551618,-7.500548876359699,7.500548876359699,1,-0.7688840338905567,-2.0538814490659805,70.57941650691482,70.57941650691482,70.57941650691482,-6.916545854813238,1.4613126833927268,20,-6.632784185416604,1.4084731513449853,14.818952236680436,-2.8637109051326624,-9.724667828406387,-1.4149249608543157,-21.321793493563177,-0.37435355651023966,-1.6109510364736206,-0.5662819453402755,0.22429884304710396
5.800000000000272,4.4601672264611425,0.19722995217716083,-0.23100204361079643,-0.2444019189772124,-15.153424107960577,1.4787187802814148,8.0,3.5398327735388575,-3.2184109041342337,3.2184109041342337,1,-1.1943307738110627,28.497622030174277,67.64272822638267,67.64272822638267,67.64272822638267,-7.731008053170768,22.49501636000531,20,-7.353051674600251,22.003216399820904,15.359810605518962,-2.906688488001609,-9.712970907320397,-1.51874940635455,-21.663685370372594,-0.36379656733467536,-1.5322006239443133,-0.1738370180263566,0.03579375147147154
5.850000000000288,4.445365419630672,0.17781751287795095,-0.346257383252792,-0.5420187303229226,-8.69018410344418,3.0514639130282144,8.0,3.554634580369328,0.9842178523808144,-0.9842178523808144,1,-0.6606646712913473,16.170173047725473,70.07725429138304,70.07725429138304,70.07725429138304,-3.91113065982373,42.94984898625303,20,-3.7203194948049703,41.94991584571918,16.715551620190176,-2.9173223757292246,-9.5799614870249,-1.8531323852338126,-22.280504093243724,-0.3677370281938833,-1.4769702712812294,0.031896179231905186,-0.10116150159193965
5.900000000000305,4.429434422406469,0.1472724179389877,-0.10704273719655623,-0.21268666371768472,0.8038738915347348,1.171537613788755,8.0,3.5705655775935314,-1.0770376523969094,1.0770376523969094,1,0.7561150892791235,-4.528050153020141,70.16947255659377,70.16947255659377,70.16947255659377,4.740795150163343,-0.37914864773080126,20,4.476009251468842,-0.3627902120069777,16.698815501942892,-2.917989037355168,-9.5814060485733,-1.8491260898683288,-22.273867167876247,-0.3532309084503101,-1.5517059461492304,-0.18144978130891812,0.0912346811685548
5.950000000000322,4.428135497800593,0.14965591312424986,-0.021516209316261005,0.04519796595001254,0.08571203056227542,-0.2271929485367205,8.0,3.571864502199407,-4.403360858274193,4.403360858274193,1,-0.2855787611345335,-11.95384567287391,69.56105214287139,69.56105214287139,69.56105214287139,1.0752997378255267,-14.513658046631887,20,1.0463686950817972,-14.15984101937359,16.040404432837203,-2.941081207704199,-9.583841760478208,-1.7185953817883801,-21.97738317290106,-0.3514212305428173,-1.5631378663488742,-0.21019049555760227,0.12129433719469439
6.000000000000338,4.42686202122064,0.15050238093672352,-0.02844270726321918,0.0029182056834959644,-0.1183025264148103,-0.004035144315069223,8.0,3.57313797877936,-5.046601858011638,5.046601858011638,1,0.041356390260465226,-11.030240918241724,67.99031408523702,67.99031408523702,67.99031408523702,-1.8405771531394808,-4.764848024041386,20,-1.803285861787984,-4.678777558397995,15.845090509395385,-2.941814895844627,-9.579076913460275,-1.6854257412845777,-21.8695744027163,-0.3512471745992774,-1.5484371561564592,-0.16521073748833306,0.08501849276450213
6.050000000000355,4.425540353901684,0.15059195990630017,-0.024748208532803864,0.0013335340222312786,-0.10065645869948633,0.00759006845481762,8.0,3.5744596460983162,-5.288453554098581,5.288453554098581,1,-0.04187836438546855,-10.190306007933057,67.82070383379244,67.82070383379244,67.82070383379244,-1.8281160285589586,-8.675737623368859,20,-1.7907115858390794,-8.52022317058278,15.511783792495025,-2.9371362228840727,-9.581299753939524,-1.633162679946271,-21.66669391596196,-0.3504855792059235,-1.5346034401827628,-0.12150999504782212,0.05194121896222469
6.100000000000372,4.424418906435691,0.1506720340516464,-0.020373074439203227,0.00169513122343527,-0.07462751413997841,0.009147789646148433,8.0,3.575581093564309,-5.427797950414679,5.427797950414679,1,-0.09529795016038467,-9.876274477002607,67.7414686498218,67.7414686498218,67.7414686498218,-1.856157397078292,-9.314515142045222,20,-1.8186322950732687,-9.147929721941358,15.165416374607382,-2.930327336418702,-9.5860226072104,-1.5805017947195579,-21.449564863498807,-0.3494931210301924,-1.521143802692152,-0.07839904317189009,0.02007352454370836
6.1500000000003885,4.4235084412994325,0.15076659110015406,-0.01626478772051949,0.001936279069707702,-0.04530088823130157,0.010278990361642561,8.0,3.5764915587005675,-5.536289216255331,5.536289216255331,1,-0.13679253638011568,-9.700267831457136,67.68000642908363,67.68000642908363,67.68000642908363,-1.8659783265049945,-9.542948105789632,20,-1.8288484843353157,-9.373600577330427,14.819894221419258,-2.922390253138743,-9.592061575390943,-1.5290626609415394,-21.229206430986846,-0.3483762870165044,-1.5080952656098292,-0.03620300421359928,-0.010673569288792626
6.200000000000405,4.422791661642811,0.15086844017959447,-0.012632426845652574,0.0019897031014463034,-0.01405257288409386,0.010529742889537478,8.0,3.577208338357189,-5.636668832602946,5.636668832602946,1,-0.17650074048488285,-9.582050709324513,67.62703600824244,67.62703600824244,67.62703600824244,-1.8699485674696414,-9.691138922969245,20,-1.8333466997145302,-9.520690751388365,14.47764296563359,-2.9136070441980495,-9.599111403292717,-1.4790297421346033,-21.00789082889832,-0.3471694040332319,-1.495453956424783,0.005004333783088892,-0.040355595023803106
6.250000000000422,4.422248508610994,0.15097017696081436,-0.00865089981226379,0.0021491607550675755,0.017140301982539956,0.011434568218601266,8.0,3.577751491389006,-5.7320295308154545,5.7320295308154545,1,-0.21153287799380383,-9.468757719668663,67.57576475752545,67.57576475752545,67.57576475752545,-1.8557828089802233,-9.792300771166904,20,-1.8200267310876734,-9.621513813075339,14.140134193249004,-2.9040865064890165,-9.607043729892156,-1.4305381101697061,-20.786808814229442,-0.345894078924665,-1.4833132068431425,0.044872819268605334,-0.06875994220373845
6.300000000000439,4.421237023562159,0.15279138267350184,-0.04586227847102473,0.12020301492962887,0.5673748586899949,0.634345795257706,8.0,3.578762976437841,-4.601900813313908,4.601900813313908,1,-0.1668063641272226,1.6574347411098898,68.2055135434027,68.2055135434027,68.2055135434027,-2.6709881237592628,2.5560671342899433,20,-2.6203162115281406,2.511845140382185,14.226118496269823,-2.906729981480963,-9.604770456586706,-1.442668993322148,-20.843854533166265,-0.34395471642453107,-1.4664067206018212,0.10082150448821606,-0.10818585230662278
6.350000000000455,4.418371508421143,0.1620291771189726,-0.06654705061411831,0.25166963622830846,3.3731118192175837,1.34730816788371,8.0,3.581628491578857,-2.904520870131131,2.904520870131131,1,0.18583183838764694,10.305452517233006,68.8057247216772,68.8057247216772,68.8057247216772,-1.9566062078020974,13.527779595735998,20,-1.9217789576990614,13.296586373932405,14.686610962849391,-2.9156913703533087,-9.581614401411963,-1.5129068866359807,-21.13228083882133,-0.3437227608001852,-1.452511265339157,0.14172185679753094,-0.14171339994252086
6.400000000000472,4.4149836229237875,0.17479637971855608,-0.055657256330971815,0.2632092172108905,7.338628419602759,1.4526516881497127,8.0,3.5850163770762125,-2.221670836629527,2.221670836629527,1,0.7678330292733929,4.770394841510797,69.03151050154528,69.03151050154528,69.03151050154528,-0.7438396046305671,12.918005521767615,20,-0.7312172401638359,12.676338359861026,15.134146849719482,-2.915134099045829,-9.551736111249916,-1.5887885288953751,-21.38106058783897,-0.3442685682508656,-1.4467410088379455,0.15515547092066842,-0.15632748571177466
6.450000000000489,4.413094923814488,0.1871830111572218,-0.00033087942091335155,0.2363902159749661,11.324142037895207,1.3549209080704419,8.0,3.586905076185512,-2.21226883170502,2.21226883170502,1,1.2049345634981126,1.4604871109271889,68.40625664812217,68.40625664812217,68.40625664812217,0.3976634291226826,11.726718290936683,20,0.3914466632844549,11.508642347075332,15.520617684407764,-2.9098354379330527,-9.528061239133104,-1.6604538043992907,-21.57289787725581,-0.3438628066448613,-1.449692810404438,0.1500770849246321,-0.14872486128036314
6.500000000000505,4.415691796289337,0.19532074348066217,0.10455904428570005,0.08801263966695591,14.037860636643927,0.522514142837587,8.0,3.5843082037106626,-3.8096959722180395,3.8096959722180395,1,1.4442640722710114,-7.831203109325668,66.98104526079395,66.98104526079395,66.98104526079395,1.4558576585215084,-3.8218181195495617,20,1.4364077273006775,-3.7583515753677936,15.411638075321731,-2.9116024137347676,-9.53491946460697,-1.6390664606341272,-21.524116022281714,-0.34250254171038275,-1.458966711975062,0.14015664370501832,-0.12432075582590404
6.550000000000522,4.427255712667733,0.20555962011290074,0.35446831778034354,0.3010055712373918,17.58135346449455,1.8385323800856297,8.0,3.5727442873322666,-1.5290798278071094,1.5290798278071094,1,2.4615138021538803,2.995345911091345,68.17688662152098,68.17688662152098,68.17688662152098,3.9362270201723066,26.954290685996703,20,3.8958397083233383,26.625557168778386,16.03115882705669,-2.915936391393399,-9.511924932832729,-1.7533171035946666,-21.8129818420976,-0.3424591672451053,-1.4755524218053724,0.135217607147965,-0.08083598692299568
6.600000000000539,4.446665049509305,0.21638940388635988,0.4225472162271189,0.1352455498515069,21.464349152447276,0.8784251646985906,8.0,3.5533349504906946,-2.7299811747797778,2.7299811747797778,1,3.2862615816740077,-3.2768125009513214,65.76136336369244,65.76136336369244,65.76136336369244,1.4009593510004212,0.9792876557869263,20,1.3857678133162574,0.9645003850000577,16.046385873189855,-2.915775579919239,-9.508789792819128,-1.7555236070597422,-21.817446374499482,-0.3410473535386061,-1.4797065975150658,0.14047622583940503,-0.06360156630482064
6.6500000000005555,4.471136152622681,0.22101391646678303,0.5564801205881786,0.05211387848487938,23.228862755626004,0.35233583698561577,8.0,3.528863847377319,-4.065696509585083,4.065696509585083,1,2.843993650375688,-6.853792975323734,64.51876812608778,64.51876812608778,64.51876812608778,2.3850493288635075,-2.5032965142510513,20,2.361715970366165,-2.4794785541130917,16.026791673246848,-2.9157131067118534,-9.512554616586245,-1.7512721148250008,-21.821347871519187,-0.34033745064110593,-1.4826601600737424,0.16450680506999205,-0.045875489693584834
6.700000000000572,4.5040725641919295,0.2234937916951937,0.7608607055119929,0.04792498261708479,24.202996932446894,0.32635360931698904,8.0,3.4959274358080705,-4.395033136290033,4.395033136290033,1,2.251395105800413,-6.279916971813786,64.80373498599978,64.80373498599978,64.80373498599978,3.5099670219405605,-0.9541475159506356,20,3.4728484974358222,-0.9458859769908778,16.025379672844334,-2.9150003901172314,-9.513817133955504,-1.7513112087928184,-21.824947596882655,-0.3420502354825052,-1.4797713638790602,0.21407729148285087,-0.03687902764878374
6.750000000000589,4.547638276112209,0.22626826562179886,0.981564938007738,0.06338370165749102,25.291034051398253,0.43562928147002267,8.0,3.4523617238877913,-4.118685088129057,4.118685088129057,1,1.2496038593170253,-2.9550862134783307,67.11483050130217,67.11483050130217,67.11483050130217,3.985776016022966,1.0195826354657895,20,3.9376204804843042,1.0098204407897788,16.022042570233797,-2.916204931611614,-9.511939190611375,-1.7492001334368057,-21.819654742997795,-0.34514302867525937,-1.4686956716902952,0.28150565188377275,-0.038387134657840015
6.800000000000606,4.610536084080309,0.24210275539762352,1.5669462783305148,0.6001345749096862,31.763860728338503,4.520362108433415,8.0,3.3894639159196913,-2.113844986812382,2.113844986812382,1,0.08804351202158785,-0.10765503826506477,71.29845694744408,71.29845694744408,71.29845694744408,11.645834845319342,82.87769387389062,20,11.485983774160038,81.99640492348766,15.391911127521556,-3.022014042390281,-9.325761488971656,-1.430492703471096,-21.198363721914323,-0.3539613742883457,-1.4161461861128493,0.5083750650559244,-0.06335911462669756
6.850000000000622,4.690603147475963,0.2673377326122889,1.637198068945657,0.4207207501510395,44.78056828480735,4.614953451628221,8.0,3.3093968525240367,-1.219053691617054,1.219053691617054,1,0.047270864736248044,-0.07589350220934428,71.2998785446947,71.2998785446947,71.2998785446947,2.6715818369370745,48.012859324230064,20,2.6068686036736946,44.50881022030188,13.594197742224042,-3.2030516841756853,-8.703746000400589,-0.845185237764563,-20.277420045117392,-0.3542367407397076,-1.3928171207394626,0.5873924116784212,-0.07737963722116543
6.900000000000639,4.726730659148574,0.28062232504575213,0.3833949811849467,0.07663419554952218,39.062664379858205,-4.353190796757094,8.0,3.273269340851426,-7.999999746536999,7.999999746536999,1,-0.6410421998482755,-3.431956811182222,71.15627798637858,71.15627798637858,71.15627798637858,-23.56395363272825,-131.08833163816806,20,-22.687373441502924,-120.51535921029705,23.665583276778968,-2.7791101379312853,-10.266028707547969,-2.445642155573309,-27.652224867651473,-0.35894451761055046,-1.6214490510541144,-0.3968143463083782,0.10788575661782783
6.950000000000656,4.744625001540471,0.28040671687051427,0.36430057062864085,-0.19113400520383697,28.52281005180026,-2.437934371286231,8.0,3.255374998459529,-7.99999964094065,7.99999964094065,1,-2.177718736554487,-19.366703788691932,67.68988244577429,67.68988244577429,67.68988244577429,-2.489614101012995,-18.403174528720406,20,-2.4122148922488034,-17.490403158786258,24.383593035192433,-2.7802710837216575,-10.115736511326196,-2.403134252552981,-28.49383436809762,-0.35271633517944756,-1.6284135992747168,-0.47455001228051996,0.13196886153830964
7.000000000000672,4.772396390138726,0.2776873876972015,0.5899878713586206,0.6304865301300785,21.11419056538231,-4.550047113146534,8.0,3.2276036098612737,-7.999999837119587,7.999999837119587,1,-1.2062589338178544,-13.577866394837592,66.38894479656378,66.38894479656378,66.38894479656378,2.3798803083686813,-81.200711868384,20,2.325797074931253,-79.39672221611436,25.148934223574344,-2.6780473185399476,-9.85263827511789,-2.3099103183366574,-29.545028729372373,-0.35830674518925354,-1.6246082925389749,-0.4288908323346192,0.11813989090927624
7.050000000000689,4.809876726484332,0.30962536209374447,0.919853803637747,0.431229231919161,8.902387552785957,-3.2535213827814107,8.0,3.1901232735156677,-7.9999997334195285,7.9999997334195285,1,0.0457250568683326,0.5202113467956655,67.02864837521595,67.02864837521595,67.02864837521595,4.72572246808807,-32.87652809747259,20,4.632840792530997,-31.40351221410494,24.791404265622763,-2.689570476393671,-9.578501422189143,-2.246903576398326,-29.566540540914342,-0.3694776807135306,-1.612339442618667,-0.3737645813920233,0.09455759983634651
7.100000000000706,4.857109410277017,0.3192807074286379,0.9693149032431326,-0.04731636016258939,3.817771994503169,-0.3302863856810804,8.0,3.142890589722983,-6.44701571620213,6.44701571620213,1,-3.2489710811985884,5.1682775005272115,66.52504759677443,66.52504759677443,66.52504759677443,-0.5201997356809331,12.924888415881526,20,-0.5101359531303338,12.552510236516568,25.08850388708199,-2.7006786690789415,-9.638283089064515,-2.2256306764273894,-29.790617376015845,-0.36823305931728584,-1.614334382533807,-0.37298342938034085,0.09616495670430472
7.1500000000007224,4.929937925298195,0.34869094396283457,1.5845213736574357,1.0813779479849905,15.892017760170077,2.864750353256586,8.0,3.070062074701805,-2.1888546281359527,2.1888546281359527,1,-0.06741083752906539,0.38560872515981504,71.25797964027842,71.25797964027842,71.25797964027842,11.423593009784597,50.22114855740135,20,11.26177447235112,49.42102786101498,26.210385510680425,-2.804108484744393,-9.557790075250693,-2.0397871296844556,-30.93025751477352,-0.3862667951195898,-1.5824865546177342,-0.4694680073564893,0.11727341253855626
7.200000000000739,4.99086116184713,0.404367502435666,1.2119749314292445,0.965587247018741,15.291737641696535,-0.47267183625417336,8.0,3.00913883815287,-4.540181659301948,4.540181659301948,1,-2.0561942586385302,18.495401742215442,66.67388956384865,66.67388956384865,66.67388956384865,-5.777648165012895,-36.551813923008794,20,-5.698550553983789,-35.3931125096355,25.95674609660873,-2.732201340194267,-9.80728310278286,-2.348284174785328,-30.484064061040332,-0.3868250016548989,-1.6215284233383804,-0.5199703963488415,0.11264547227428037
7.250000000000756,5.052105683577366,0.44060942051065594,1.2374212237351188,0.4842313181669365,16.22600009760974,1.1064077906474465,8.0,2.9478943164226337,-2.4713410797260935,2.4713410797260935,1,0.7092436652115803,3.5890840753753146,69.44397001444933,69.44397001444933,69.44397001444933,0.7424102436638396,22.83364177377968,20,0.7343429727990676,22.587022709931496,26.259925436515665,-2.7491539814666917,-9.808650498237064,-2.2566110825683707,-30.71861030208955,-0.38746182110045024,-1.6178863902506322,-0.5149803318080917,0.11209136492384869
7.3000000000007725,5.114235734367212,0.45270598850096655,1.2474531903448947,2.1926913391812075e-05,20.41023155395333,1.8064392973113383,8.0,2.8857642656327878,-0.45339572718412613,0.45339572718412613,1,2.131091510270307,-2.064860662522804,69.83273893958537,69.83273893958537,69.83273893958537,1.2769039389172046,26.355975629453503,20,1.2644580567516859,26.04628932944921,26.577509542370056,-2.761709135289254,-9.748973546524994,-2.149119477484075,-30.94392528043345,-0.38727749898996205,-1.6126711524590616,-0.5061472980590453,0.1160711371982815
7.350000000000789,5.176522518119181,0.440488767443361,1.2440349540969349,-0.48874922888925837,25.439538073223797,1.7057365689531498,8.0,2.8234774818808193,-0.04722562052548429,0.04722562052548429,1,2.3566038887530256,-5.011219332246838,69.6148876338303,69.6148876338303,69.6148876338303,1.8282194619358108,23.060612184624297,20,1.8036946977560866,22.728443483639793,26.73188803459243,-2.751976185751716,-9.692863408272773,-2.0724794804687314,-30.94899463778954,-0.38528672024672683,-1.6062655501196137,-0.4861062567988303,0.12651872184956028
7.400000000000806,5.232769947514743,0.4191008026415158,0.8854969462441151,-0.1507931352853305,23.741175727655413,-4.622347054109165,8.0,2.7672300524852567,-7.999999676136234,7.999999676136234,1,-0.2911242286317888,-1.1346910414171414,71.17736690631816,71.17736690631816,71.17736690631816,-5.108412769769524,-100.77087276810116,20,-5.025061474498487,-99.34874015094397,27.077141080435975,-2.8261211798471275,-9.88433558074151,-2.3836700976336584,-31.97267270047191,-0.39156372464131717,-1.6252753235910067,-0.5703249759895115,0.10269667169794669
7.450000000000823,5.2814651220188376,0.41274277807137416,1.090647474570136,-0.14076817443312264,11.666477099400918,-3.6067891479635894,8.0,2.7185348779811624,-7.99999962155147,7.99999962155147,1,0.15888690817655907,-2.1640799887966495,67.43939539979864,67.43939539979864,67.43939539979864,2.5365966554201558,-38.68893186272416,20,2.4811675066696615,-37.0633178228523,27.001722205203365,-2.8321552530776417,-9.590092658359646,-2.4036616581165315,-32.19972751350011,-0.39774088551382236,-1.6129585809374671,-0.5290955883584414,0.08120291035160312
7.500000000000839,5.342980721821647,0.4042844537435716,1.379113540429933,-0.19415224148711543,2.864209814037587,-2.638629297085854,8.0,2.6570192781783533,1.5428574957873047,-1.5428574957873047,1,-0.23471347680339746,7.848091250382034,69.0862147980669,69.0862147980669,69.0862147980669,4.372351387166696,-29.506112511317287,20,4.286065084711229,-28.614312906582985,26.454935698175692,-2.811912541207482,-9.445266152906719,-2.479271321739741,-31.789272670454142,-0.4082023822608656,-1.5905756131172875,-0.5175433925457773,0.05704929590272592
7.550000000000856,5.410200054876109,0.3827898726674662,1.330563221953422,-0.6696674059503389,-6.304676562164148,-3.6496441912909194,8.0,2.5897999451238913,-3.4087638957104867,3.4087638957104867,1,-1.0813575506177213,5.473860286260171,71.04523752939225,71.04523752939225,71.04523752939225,1.821187968849753,-32.01789149262487,20,1.784413774316394,-30.12023673404,25.28297448059948,-2.977785944566038,-9.143632785899419,-2.412008480921462,-31.557375697445764,-0.40438705492934895,-1.5877954511907533,-0.5384044997814778,0.08514523530963486
7.600000000000873,5.477193348516826,0.3372494373165014,1.349013971506789,-1.1533288145790386,-15.250807884828617,-2.607902229444898,8.0,2.522806651483174,-6.796488665924089,6.796488665924089,1,-1.5990505898406637,13.110948299629015,69.7389048044552,69.7389048044552,69.7389048044552,0.9589468677409947,-13.050093727770388,20,0.9441488242269408,-12.55737730752601,24.92315608202322,-3.007848581435108,-9.042156279132689,-2.419622618051487,-31.414442099279842,-0.40454620541445685,-1.5852578206608818,-0.5584258668806206,0.09382563932038678
7.650000000000889,5.5456117766630895,0.26719136814957917,1.386964947688293,-1.6502640870293237,-19.482470637765385,-0.37242345393305876,8.0,2.4543882233369105,1.188716120634615,-1.188716120634615,1,-4.650370806011181,12.526886862301403,68.71302811913729,68.71302811913729,68.71302811913729,-0.09265589773788785,11.318801394959785,20,-0.08997409399184231,11.084754700195056,25.043009954736515,-3.018495528690627,-9.07386792445266,-2.3669117292688218,-31.52219890939094,-0.40439136947847587,-1.5855784203484198,-0.5556899986459213,0.09334832567840863
7.700000000000906,5.633601932777225,0.18211846482115004,2.718766603745656,-1.407605852940703,-13.158894558579565,9.664100320193057,8.0,2.366398067222775,0.9548914376411806,-0.9548914376411806,1,5.26577883727996e-09,6.508158563561364e-09,71.30041975975956,71.30041975975956,71.30041975975956,29.037200160839756,212.13517435975754,20,27.983716982314625,207.34550155333494,27.771139978935956,-2.3816075391250027,-9.817771007716011,-2.1890344274730453,-30.58528870954602,-0.34437871477162457,-1.6070125674375797,-1.6396390724823897,0.7437048929847734
7.750000000000923,5.774327208210112,0.14351286455431964,2.821171468131134,0.22176311111109384,2.241743322510103,-1.2830117081188839,8.0,2.225672791789888,-0.715655722377308,0.715655722377308,1,-0.08063779350844781,0.8915461667302519,71.29690913254048,71.29690913254048,71.29690913254048,5.6290611072188925,-112.29331620682228,20,5.3997779920093265,-91.75442570981126,27.95802713634843,-1.8750453418411883,-11.70070175543349,-4.150093872833023,-28.261376505031677,-0.3377276397698943,-1.5498286543399442,-1.7534772532078162,0.7852517120541401
7.8000000000009395,5.917311739772296,0.15033875128121593,2.892273449942876,0.04138722704907431,0.20046839778947,-0.2054119127634748,8.0,2.0826882602277044,-0.5633280527730073,0.5633280527730073,1,-0.04480420889762361,0.500684907986271,71.29923318928843,71.29923318928843,71.29923318928843,4.836012287330684,17.23084416677282,20,4.670364895929376,16.55304721621528,28.257544496808052,-1.8537734495877736,-11.750223868921045,-3.9476463641175332,-28.5023209247211,-0.33666610758320636,-1.4862475176289232,-1.7529067246429495,0.7722631895460731
7.850000000000956,6.062749862450592,0.15099918044631916,2.9235787351106297,0.0015130651483467661,0.009557904702996747,-0.008499008844591488,8.0,1.937250137549408,-0.42958492989049185,0.42958492989049185,1,-0.03297547435017579,0.3710570721214991,71.29970555521805,71.29970555521805,71.29970555521805,3.968956402681823,12.142961688981687,20,3.8299365167817236,11.70555105317891,28.443506444729113,-1.8466901052285722,-11.760518009738508,-3.7967222101481752,-28.685509314633915,-0.3356340474777519,-1.435008790513908,-1.7605831776447562,0.7636949123888939
7.900000000000973,6.209298579805702,0.15101668375756813,2.938265414383209,4.4054871643936103e-07,0.002024692214621792,-0.0003551095256614903,8.0,1.7907014201942983,-0.2973526152069775,0.2973526152069775,1,-0.029987295613536885,0.3394865413063471,71.29980634710046,71.29980634710046,71.29980634710046,3.5815102239896333,10.611634582790256,20,3.4572344155613774,10.235950390875605,28.597240867585146,-1.8412961441606877,-11.76602043716527,-3.6667425455404845,-28.841294927672287,-0.33456919503175814,-1.3898685422831027,-1.767567478863536,0.7564582606548284
7.95000000000099,6.356259453164758,0.15101635866783192,2.940161113155125,-3.290364334441367e-06,0.0006214978178249008,-0.00020027052717015465,8.0,1.6437405468352422,-0.16580906061068404,0.16580906061068404,1,-0.029216344811352973,0.332755905621343,71.29981501212382,71.29981501212382,71.29981501212382,3.2658358194989225,10.469321213148245,20,3.154866725730861,10.106339254864633,28.744467775890325,-1.835406758848965,-11.771850773416213,-3.542781874302743,-28.98802007692705,-0.3334588525293454,-1.3499725672126262,-1.773621578574833,0.7505327678841057
8.000000000001005,6.444978781172156,0.1626135420880225,0.13160521223706945,0.5192985064110605,-4.0693395771379235,-3.1061111136766106,8.0,1.5550212188278438,-7.165887396043368,7.165887396043368,1,-0.7744898180533925,-1.188675873061335,71.18204865812736,71.18204865812736,71.18204865812736,-53.00778520059245,-51.76499968632868,20,-51.25786234335563,-50.01968212720766,28.031201883523323,-1.8679791388103788,-11.739893345964552,-4.131003662100767,-28.295999312921115,-0.3540173901882333,-1.9735253405084672,-1.6761952652626104,0.8305456780739295
8.050000000000978,6.4480821277408324,0.17871149980782747,-0.010123730519794481,0.1126640479701025,-9.155414739006837,-0.5643625201370736,8.0,1.5519178722591676,-5.930679164153515,5.930679164153515,1,-0.6458384599205713,-4.203979939426515,69.56640810985617,69.56640810985617,69.56640810985617,-6.061196047810519,1.8629590089380912,20,-5.934222536052699,1.817177768864731,28.087285869764255,-1.8680480005005082,-11.747298463800114,-4.139460158200472,-28.328542320723223,-0.34597454839073855,-1.9462808713348898,-1.540200818096064,0.7672714170317798
8.10000000000095,6.442915029013135,0.17497918951431424,-0.1934207618030686,-0.2618700271566776,-7.878572390235253,1.4599855392436916,8.0,1.5570849709868648,-2.1071295004082318,2.1071295004082318,1,-1.22991593337942,24.98778157314083,67.94689954731413,67.94689954731413,67.94689954731413,-6.749845668281617,23.335603908700833,20,-6.586644552813663,23.010525023459024,28.70920429147212,-1.8844105792794072,-11.74856545611675,-4.245512653980465,-28.71628874727284,-0.34182970721456346,-1.9017936330732428,-1.341273889879986,0.6607542598778954
8.150000000000922,6.431188805405899,0.15451824484057095,-0.26266286585823406,-0.564026116226226,-1.4721024073553663,3.016146731875781,8.0,1.568811194594101,1.5736236542819853,-1.5736236542819853,1,-0.6359954888511816,9.301423243227834,70.22313680252994,70.22313680252994,70.22313680252994,-3.3175760903205544,43.76216860862688,20,-3.226030052394676,42.949037353125476,30.127650457129015,-1.8511405420059688,-11.696708831416638,-4.562003000235527,-29.37503610346113,-0.34592731057328147,-1.8700569257483242,-1.241322177755489,0.5804133704631605
8.200000000000895,6.426930353422906,0.14895874084440625,-0.020589380977849975,0.06515160934846276,0.23819385118270212,-0.3428607443607005,8.0,1.5730696465770944,-1.6931793718025128,1.6931793718025128,1,-0.5111789665578009,-6.125407197944522,70.70435312049489,70.70435312049489,70.70435312049489,4.282331390304905,-30.92910043466894,20,4.124140861410239,-29.842977379141857,28.93893632831597,-1.921392696549151,-11.748061712004533,-4.278299333853152,-28.9328806695277,-0.33377924552271815,-1.9168498586772569,-1.3424862756552154,0.7045977243362752
8.250000000000867,6.425759204137469,0.15040109778905933,-0.0305581679007113,0.005421909638357121,-0.13539544598032863,-0.022619968877560133,8.0,1.574240795862531,-2.655068647421305,2.655068647421305,1,-0.18845092461942525,-7.453789513105138,69.07039452130438,69.07039452130438,69.07039452130438,-1.5030072903025953,-0.9702892727931598,20,-1.4763784183899498,-0.9516762855098584,28.90461954109182,-1.9233207001233876,-11.745775486627526,-4.271121714121511,-28.919509982331647,-0.3355539235758451,-1.9058323963537516,-1.3145368806650302,0.675074654119987
8.30000000000084,6.4244261636037585,0.15053222133822033,-0.023480887571555684,0.0016461169620495073,-0.13093770732755464,0.008386515132523937,8.0,1.5755738363962415,-3.063256896307017,3.063256896307017,1,-0.08554854627124908,-7.133042287587735,68.44143405268649,68.44143405268649,68.44143405268649,-1.4857928702807834,-4.867654393906332,20,-1.462025250343498,-4.794789984054302,28.742839503886355,-1.9288006627360572,-11.740253868342334,-4.239757711206136,-28.844061158307063,-0.3366469269182687,-1.895660961497401,-1.2870992519399773,0.6487806933900878
8.350000000000811,6.423362066221432,0.15061043479073763,-0.019537846175812515,0.0013426177588499156,-0.10532482526427807,0.007448866632270771,8.0,1.576637933778568,-3.2811281923621087,3.2811281923621087,1,-0.08607804524085694,-7.012266836441425,68.16725364342369,68.16725364342369,68.16725364342369,-1.6486090856653188,-5.826961649032159,20,-1.623631976160155,-5.746338402393255,28.555463973422228,-1.9335504058446666,-11.73558307024137,-4.204799428404471,-28.751077367316395,-0.3375325254755986,-1.8849457358188766,-1.2574000237797491,0.6214102424183305
8.400000000000784,6.422572969154469,0.15070566544290184,-0.01147241007063172,0.0024258229589276996,-0.07506457346043659,0.012988764682615539,8.0,1.5774270308455307,-3.399435793320288,3.399435793320288,1,-0.040911824487019466,-6.782013037637969,67.98155367488496,67.98155367488496,67.98155367488496,-1.606728218462048,-6.032503076801664,20,-1.583171887809599,-5.952295529551208,28.36585921234817,-1.9375181749848798,-11.731637297544014,-4.170152269148169,-28.65405169370397,-0.3382220710547329,-1.8748655732746815,-1.22906161447723,0.5958404624676915
8.450000000000756,6.422145953074355,0.15083153397909177,-0.005860374044814261,0.0024975536878480576,-0.036542466253576135,0.013186337665355203,8.0,1.577854046925645,-3.4835400013936173,3.4835400013936173,1,-0.02819759965860702,-6.675258389693546,67.86086103163328,67.86086103163328,67.86086103163328,-1.6564834056765854,-6.189762570002223,20,-1.6328804752029495,-6.109971765716956,28.175062646078647,-1.9409955631786655,-11.728194408035831,-4.1359033283034385,-28.554519054344674,-0.3388279531580992,-1.8648019451325035,-1.2004395011643432,0.5703308272598523
8.500000000000728,6.421928767297778,0.15094140800917852,-0.003402442015379666,0.0017145673528450643,-0.003138419284255264,0.009021115879620796,8.0,1.5780712327022224,-3.561361951466279,3.561361951466279,1,-0.05098579397217584,-6.671931633783794,67.77885910322411,67.77885910322411,67.77885910322411,-1.713186975885143,-6.334963992751747,20,-1.6893553503094587,-6.255234657643965,27.98308005387196,-1.9441315133108745,-11.725073100846732,-4.1018778037512105,-28.453031800329814,-0.33937607406904075,-1.8546707325775853,-1.1714063824916292,0.544667690186019
8.5500000000007,6.42178663769883,0.15100927186606286,-0.002412488248835334,0.0009901522699064433,0.017656195524281663,0.005261887655429899,8.0,1.5782133623011703,-3.636007899726209,3.636007899726209,1,-0.08576469155814936,-6.682313191299796,67.71421656635059,67.71421656635059,67.71421656635059,-1.7398842265707437,-6.437171934439563,20,-1.71616333822854,-6.357722587225689,27.791024883533392,-1.9469528390147315,-11.722213500305784,-4.0681469372789305,-28.350384768978206,-0.33986184061928876,-1.8446144007066982,-1.1424386113830998,0.5192526141519272
8.600000000000673,6.421689871719433,0.15105057320946588,-0.0016334573098037977,0.0006020217804696178,0.030501028357991414,0.003220554621108664,8.0,1.5783101282805667,-3.705788722934368,3.705788722934368,1,-0.11866204402203118,-6.674267457803024,67.65653768882993,67.65653768882993,67.65653768882993,-1.7435103908003922,-6.508734744919658,20,-1.720154408042402,-6.429780433640993,27.59972179886779,-1.9494598960997982,-11.719618931953786,-4.034802103789712,-28.247084892349104,-0.3402824449301439,-1.834743581780804,-1.1138745630143463,0.49438232177050734
8.650000000000645,6.421488043421914,0.15131065463807053,-0.012121389898925574,0.022861002308635997,0.10920027492391643,0.12046434452617709,8.0,1.5785119565780859,-3.589497863954047,3.589497863954047,1,-0.09022756426836476,-5.408630972160271,67.7641445343605,67.7641445343605,67.7641445343605,-1.9675598321921535,-4.20089070054277,20,-1.9416291815708955,-4.150751189149441,27.478040553123922,-1.9508674528807748,-11.718133441869288,-4.013746247489645,-28.18072967354557,-0.3406880649567666,-1.8238230638999269,-1.0821262426502136,0.4669494662214948
8.700000000000617,6.420710094542155,0.1536631688006899,-0.02072597135070476,0.07104082440963726,0.819001740740197,0.37457091729522685,8.0,1.5792899054578449,-3.1848053315743985,3.1848053315743985,1,0.12198925737824884,-2.6600271232846953,68.01681919069482,68.01681919069482,68.01681919069482,-1.8819850193029088,0.1452010083360653,20,-1.8572579324765257,0.14347075426822808,27.482211425833324,-1.9508177256470682,-11.718164127922018,-4.014475746136929,-28.182996934774984,-0.3411788868469148,-1.8132932123900105,-1.0521495942991692,0.4405310791149251
8.75000000000059,6.419411814467707,0.15766922142352136,-0.02672846317638851,0.09082699995308145,2.032122766214232,0.4827412331259689,8.0,1.5805881855322932,-2.9071215184310493,2.9071215184310493,1,0.20764847097902184,-2.2754496914320015,68.20713054193787,68.20713054193787,68.20713054193787,-1.6697123111133998,0.960104331314541,20,-1.6480516454177438,0.9484603571812413,27.50972046302446,-1.9503813287294076,-11.718159679876305,-4.019402217244787,-28.1975731202476,-0.3419158826560519,-1.803755760959208,-1.0269617400327165,0.41636086827818786
8.800000000000562,6.4180553355127525,0.162293852339662,-0.02610067886671845,0.09530771103454233,3.44574754070726,0.5114155435349715,8.0,1.5819446644872475,-2.8137493691298503,2.8137493691298503,1,0.23871554925480964,-2.7163405950947705,68.20945542188167,68.20945542188167,68.20945542188167,-1.4095919659446698,1.1580505088389466,20,-1.3918925021697888,1.1438029856487397,27.542626304596457,-1.9497215090988176,-11.718126890365859,-4.025453428694656,-28.214470136849435,-0.3427034995987632,-1.795704323948166,-1.0077332531582652,0.39590507062404723
8.850000000000534,6.416790266153141,0.16711062744363894,-0.024262560793984506,0.09846458318446229,4.93436744439387,0.5342037599453007,8.0,1.583209733846859,-2.8115844737764633,2.8115844737764633,1,0.24778161463166715,-2.95962443440412,68.1117380370893,68.1117380370893,68.1117380370893,-1.3097253777023938,1.579138408368428,20,-1.2941569561422848,1.5598772357375652,27.586522949954905,-1.9487654225307367,-11.718088349980167,-4.033662855408467,-28.236570045111943,-0.3434730950451819,-1.788406645133681,-0.9921253866770101,0.3774235889784987
8.900000000000507,6.415624592580899,0.1722462013297793,-0.02183113058153646,0.10827296161805686,6.5407003810325675,0.5947787050484937,8.0,1.5843754074191008,-2.791967158503653,2.791967158503653,1,0.29536631059665164,-2.6296976571199635,68.00500066118178,68.00500066118178,68.00500066118178,-1.2525527215052341,2.6466461741674494,20,-1.238555607757604,2.6150443324631696,27.657622425666467,-1.9472247096850273,-11.717907324741443,-4.047169117139342,-28.271896732598368,-0.34419259428676835,-1.7816644719157944,-0.9794625137602987,0.3604779335251451
8.950000000000479,6.414534047341736,0.17801211761028551,-0.013937540379355597,0.12516256120463864,8.36899367024214,0.6984806652187385,8.0,1.5854659526582644,-2.69641029726264,2.69641029726264,1,0.43144486832198414,-1.7523798972633329,67.90808840097472,67.90808840097472,67.90808840097472,-1.0909067281320652,4.312951734388344,20,-1.0793963092591707,4.2626079997014426,27.768248034397132,-1.9448711998274968,-11.717162133768845,-4.068683698549823,-28.325800554753034,-0.3448133407039491,-1.7759964731299864,-0.9705139611707082,0.34633882941430605
9.000000000000451,6.415107302959783,0.18497395517403226,0.046234818730706284,0.15676036051290185,10.616034931411553,0.892165023970003,8.0,1.5848926970402166,-2.365099428036305,2.365099428036305,1,1.087824926420971,0.13120646228819355,67.55987305521013,67.55987305521013,67.55987305521013,0.0438531141262406,7.610270055813768,20,0.04341317734384087,7.523394405193006,27.95134739151316,-1.9408529661194924,-11.71477338805738,-4.105656904939176,-28.41142348214796,-0.3447872449903842,-1.7762156827268951,-0.9707802897537193,0.3468848392042711
9.050000000000423,6.419574013684129,0.19314550370387498,0.14186095698842544,0.17051864614702272,13.312912789438355,0.9965809205274038,8.0,1.5804259863158707,-2.028189328743924,2.028189328743924,1,1.8953726713228871,0.7091036038839574,66.88822237988309,66.88822237988309,66.88822237988309,1.0111482072428595,9.07783918990205,20,1.0016070097813552,8.978309427905952,28.148158925291682,-1.935650737968041,-11.71013598591649,-4.146485351406163,-28.49528243952677,-0.3440768285170385,-1.7808286691640562,-0.9741555138917564,0.3589413283456845
9.100000000000396,6.429417990736657,0.20126279949966652,0.2557265379820218,0.1544935943480567,16.07082466578967,0.9317978706810854,8.0,1.570582009263343,-1.9206874234870341,1.9206874234870341,1,2.633246072685476,0.36198838585060533,66.0011304864802,66.0011304864802,66.0011304864802,1.6974652707856488,8.140344256741434,20,1.682352986606758,8.057423147579287,28.29669585041239,-1.9303553025833806,-11.705550744995529,-4.178826260765176,-28.546148128661475,-0.3427287154696941,-1.7874214614477582,-0.9741450860305467,0.3777206996299609
9.150000000000368,6.445233553852445,0.20843526714328764,0.38034542881617545,0.1321832504817916,18.58820515185179,0.8232374642944618,8.0,1.5547664461475552,-1.9473670464001478,1.9473670464001478,1,3.1864870618407903,0.3388389791807499,65.2824960524577,65.2824960524577,65.2824960524577,2.183141572570758,7.4523071187431675,20,2.1648383308792805,7.385528646248062,28.40060355148929,-1.925384915771096,-11.702128869263692,-4.203365603039449,-28.56658324523617,-0.3410410635742679,-1.793959019940333,-0.9665056663100473,0.3988224350007799
9.20000000000034,6.467926478432209,0.2141146968109872,0.5310501627199968,0.08879806878925475,20.64399561373377,0.5696758545169632,8.0,1.5320735215677912,-2.2036231700449855,2.2036231700449855,1,3.4201384662828174,0.5930099716722101,64.80376134258667,64.80376134258667,64.80376134258667,2.941551628717865,4.05922260072633,20,2.9177548855771995,4.027755149070736,28.438205689129585,-1.9228918146872658,-11.700636214658294,-4.2134789809103035,-28.56328362926489,-0.33901793841991584,-1.7998620341002407,-0.9466403193157632,0.4224717684879188
9.250000000000313,6.498517427439641,0.21668914735202327,0.6901409044298884,0.006259460234908561,21.6012621110919,0.042348535833261765,8.0,1.5014825725603593,-2.9506397767789094,2.9506397767789094,1,2.787049149936098,3.4164825853123273,64.514574418533,64.514574418533,64.514574418533,3.3018401168622775,-3.9296157411928103,20,3.2758825793817,-3.903976642859332,28.419691689401414,-1.9247962696370062,-11.70129388381602,-4.2076337577044995,-28.578523678156785,-0.33740181714958534,-1.8025009408922696,-0.9148170948464354,0.44217241408136154
9.300000000000285,6.54101269202587,0.2165055436551796,1.0036407798107758,-0.005156919284374632,21.543655898945374,-0.031700463558393135,8.0,1.4589873079741302,-2.9595437801346245,2.9595437801346245,1,1.707321548935855,10.246567212286868,65.95342056758777,65.95342056758777,65.95342056758777,6.413038870897783,-1.6061745206929596,20,6.363754140683816,-1.5970355451507774,28.416884713327303,-1.9251215739846408,-11.70091537934069,-4.2071121532746645,-28.586388681722323,-0.33694677135362117,-1.7987114722555273,-0.8410879027201856,0.4630415172884304
9.350000000000257,6.598001889402621,0.21641767016638497,1.2753417863890086,0.00033189827348132847,21.512717818277274,0.0021216819308971873,8.0,1.401998110597379,-1.7435691449403536,1.7435691449403536,1,0.48383283665828025,13.651861745503664,68.22628262843725,68.22628262843725,68.22628262843725,6.087886001517664,0.9852292630165324,20,6.035707580407693,0.9792454478224969,28.417185940710347,-1.9250911258307863,-11.701067280102356,-4.205574952717036,-28.582142549424418,-0.33740315310875013,-1.78343568529529,-0.7633952271131864,0.47000832321455005
9.40000000000023,6.665618064205603,0.21630340490780323,1.429137245074808,-0.001183407948624681,21.457614753550068,-0.009737331197698491,8.0,1.3343819357943971,5.330442764574555,-5.330442764574555,1,0.09022586983395359,14.611366312276004,68.81142841429434,68.81142841429434,68.81142841429434,4.572048114924883,3.939267614045915,20,4.5242022399020865,3.908170606600405,28.41828417610036,-1.9225701519123872,-11.703733016237887,-4.196046491133802,-28.559818167144908,-0.33578390071747855,-1.7669915794309894,-0.7017038608243603,0.4770829198598465
9.450000000000202,6.726563547977012,0.21519353334081404,1.0454487566960506,-0.11968130822347386,20.907135233645242,-0.6197329748193634,8.0,1.2734364520229882,0.1794880073001972,-0.1794880073001972,1,0.6781455027408788,-5.173443373075323,69.92314458868847,69.92314458868847,69.92314458868847,-3.5790100641397764,6.04225016359516,20,-3.4459003064060463,5.753131071943603,28.461518664459742,-1.8919837135169886,-11.733207460111059,-4.204493045327108,-28.462191890363528,-0.34792277797937404,-1.7715097683639973,-0.7436750633458589,0.43048946942542476
9.500000000000174,6.773264785981926,0.2012267021550542,0.8958005882373513,-0.4208820353334701,15.986174836373575,-2.537106241899772,8.0,1.226735214018074,-5.401433023970312,5.401433023970312,1,-1.103119823942049,14.255565056374367,69.61091424591935,69.61091424591935,69.61091424591935,-1.2435985166419465,-39.009172052640764,20,-1.2288539587226515,-38.41942721839901,28.258167049656237,-1.9828038566373276,-11.61327282484703,-4.176501224050074,-28.800609211664355,-0.3494904473648338,-1.773023088406815,-0.7572839048095875,0.4224647620036222
9.550000000000146,6.794426812816233,0.19432850630316634,-0.006167393224835095,0.35242444275038776,8.405260076498339,-0.8326190833833851,8.0,1.2055731871837674,-5.501948715631818,5.501948715631818,1,-1.7321750564923017,-20.366222810564064,65.76358268645845,65.76358268645845,65.76358268645845,-18.5527384325453,-0.7077968056908333,20,-18.385669088053348,-0.697511007809652,28.250892931246028,-1.982829002505743,-11.610911199330854,-4.17696932198154,-28.79762700103298,-0.32882232182106563,-1.81929720086683,-0.883637192873751,0.4432836684348412
9.600000000000119,6.794377703712447,0.21055126266387955,0.023233322534814697,0.2634689203276403,6.367675988708678,-0.6773806520868622,8.0,1.2056222962875527,-5.246789596479826,5.246789596479826,1,-1.0948859769780046,-17.062997559556894,65.73886331352313,65.73886331352313,65.73886331352313,-1.5464885763147636,-16.647702869896076,20,-1.5311471111702089,-16.460903575712713,27.891397517731512,-1.9758034851663113,-11.598322113754177,-4.113777984353293,-28.579266576756783,-0.3277480672114079,-1.8137833843445907,-0.8752164494918288,0.43265581046542934
9.650000000000091,6.794867371773242,0.2161256074835962,0.01949225369961227,-0.1095370627926052,5.2197111642710405,0.4072353504548539,8.0,1.2051326282267576,-3.31750418779481,3.31750418779481,1,0.1699798367877734,-1.7675980915296332,66.67322470637505,66.67322470637505,66.67322470637505,-2.087893379845014,4.424733540031578,20,-2.0675298037426906,4.37747349222116,27.99206594817966,-1.9774120646167035,-11.60098659054289,-4.130001156713832,-28.64192172510249,-0.3265407835057438,-1.8062159213992721,-0.8593419517299807,0.4166901675592606
9.700000000000063,6.797617396634536,0.21165540230765367,-0.015098640551922997,0.009183393824211366,5.330063351266183,-0.042979959734997686,8.0,1.2023826033654643,-3.287671400494634,3.287671400494634,1,-0.6650498645080425,-9.005005610590212,66.96568959421525,66.96568959421525,66.96568959421525,-2.0784224584815756,-9.993609738739964,20,-2.058731203691419,-9.89336779581856,27.750047933401902,-1.9796103215321237,-11.603242342789644,-4.087725325817635,-28.508347418957424,-0.3271275954494397,-1.7966717901611917,-0.8396790231580445,0.3930772865225885
9.750000000000036,6.794838880650266,0.20984258645683476,-0.05095306828168274,-0.10699247686576653,6.050794152321636,0.559362815569523,8.0,1.205161119349734,-2.3555918359233083,2.3555918359233083,1,-0.08781447059715863,-1.6868784209602032,67.91915861060251,67.91915861060251,67.91915861060251,-2.134780848895433,5.856409372051859,20,-2.1140932144421383,5.795256983773742,27.8938498537366,-1.9764988564117383,-11.607011914048055,-4.1153769988915645,-28.580725208810886,-0.32778540272732193,-1.7864985953062191,-0.8195907879603948,0.3685145421537413
9.800000000000008,6.791077363815301,0.20061846203783057,-0.11239038498667682,-0.25385663025326427,8.672314035392283,1.2743303958679615,8.0,1.208922636184699,-0.9608225850348907,0.9608225850348907,1,0.04174009138112744,4.102231928607214,68.91245253980603,68.91245253980603,68.91245253980603,-2.374023940389188,16.76864334212633,20,-2.3486600900573613,16.577822819721128,28.304606611004896,-1.963441946240116,-11.608968106349145,-4.2009065216441694,-28.77088007038888,-0.32950985739224825,-1.7738972390321617,-0.7982933196044613,0.3374856901853166
9.84999999999998,6.78444176305805,0.18710191868592324,0.043959949432522155,-0.022956673275064905,12.544406554491555,0.02704454370791018,8.0,1.2155582369419502,-2.3352786376800942,2.3352786376800942,1,-0.38454395038000877,-6.533321486883302,68.09077466679537,68.09077466679537,68.09077466679537,2.3939206739553955,-11.72083306479575,20,2.3618309781054245,-11.549976034135003,28.03001582392828,-1.9781806571199285,-11.612705751240343,-4.1327172637638725,-28.672020223092996,-0.32630096189281366,-1.7883822052976899,-0.8142699571502172,0.3734396021246009
9.899999999999952,6.787857191804007,0.188666518087235,0.006155605342273129,0.012870511142549583,12.112971850739473,-0.04998689843632118,8.0,1.2121428081959928,-3.0899625788395157,3.0899625788395157,1,-0.895128243262854,-9.496085891372646,66.90168050063336,66.90168050063336,66.90168050063336,-1.6360566033511406,-4.353359568714688,20,-1.622186898310841,-4.309507485036886,27.949488311588947,-1.982575201641161,-11.60822729708771,-4.11225914752659,-28.648550091517745,-0.32734360657332046,-1.7815612092106607,-0.8121383048038877,0.35637219376468965
9.949999999999925,6.787028118428654,0.18881286926568003,-0.01811607286531637,0.0010990163141224366,12.096727603180534,-0.0005959434676924512,8.0,1.2129718815713462,-3.3747031942987653,3.3747031942987653,1,-1.0051941003300584,-10.249777372245847,66.42717724011939,66.42717724011939,66.42717724011939,-1.671899620632445,-4.371873847480815,20,-1.6584813200676087,-4.331130795799494,27.869424088437846,-1.9851706098706745,-11.605025369984986,-4.0928038506297915,-28.61899090865934,-0.32788054329370514,-1.7747755482375451,-0.8093155215996726,0.3406606763482109
9.999999999999897,6.786356781253792,0.18888676342718136,-0.010386564194726867,0.0015934946172596112,12.076950926754327,-0.00900322682294189,8.0,1.213643218746208,-3.5174181119262835,3.5174181119262835,1,-0.9039249165819876,-10.489301526421931,66.1264653637371,66.1264653637371,66.1264653637371,-1.1551196229868077,-5.580167133624544,20,-1.1458632995492475,-5.529307352037373,27.769240143954857,-1.9873668013387857,-11.60234960532639,-4.068591888187505,-28.578862583561147,-0.32811723090500033,-1.7700998627828435,-0.8073435207345467,0.3302770496712355
10.04999999999987,6.786012050631707,0.18899438298638013,-0.003991771163661192,0.00208789403533132,12.048243138127349,-0.011740912839020802,8.0,1.2139879493682928,-3.590339165929028,3.590339165929028,1,-0.8248783059364737,-10.495867840751446,65.9521757417278,65.9521757417278,65.9521757417278,-1.2059753252080216,-5.767645371969323,20,-1.196513721406893,-5.7164061164023146,27.667383252607227,-1.989094842016383,-11.600044403202158,-4.044544637065245,-28.536307016115547,-0.3282830770904657,-1.765384603687063,-0.805365801934902,0.3198672822211878
10.099999999999842,6.785878482945991,0.18909054126357647,-0.002013095260840446,0.0014031403614670817,12.020023790776467,-0.008215388088727873,8.0,1.214121517054009,-3.6272437862057565,3.6272437862057565,1,-0.795266822152968,-10.401346165186903,65.87424736477686,65.87424736477686,65.87424736477686,-1.2978801577741919,-5.744979059420943,20,-1.2878554676135288,-5.694857594416487,27.567126145154578,-1.9905215256438842,-11.598015221476333,-4.021267510931526,-28.493385354675425,-0.32841528007395,-1.7604354902271193,-0.8032758867605343,0.30895145533813106
10.149999999999814,6.785756685790572,0.1891417968071999,-0.0014889267540490535,0.0010001528480311284,12.005671834373974,-0.004396661273247143,8.0,1.214243314209428,-3.650011806298967,3.650011806298967,1,-0.7875454039676508,-10.287421230692868,65.83512363816077,65.83512363816077,65.83512363816077,-1.3259692607784304,-5.716437925726858,20,-1.3158276793961319,-5.667152676965603,27.468268378481874,-1.9917762954774163,-11.596184195199191,-3.998509492684445,-28.450470804612674,-0.328526939960876,-1.7554500858116133,-0.8011411537861477,0.29797032675795915
10.199999999999786,6.785706184281472,0.18917996547029775,-0.0009542984879466944,0.0005258795689418864,11.994320825244175,-0.0028263696674533955,8.0,1.214293815718528,-3.6702241105805373,3.6702241105805373,1,-0.7860371145929343,-10.19011539437351,65.80376754885916,65.80376754885916,65.80376754885916,-1.322374522856518,-5.71252367627443,20,-1.3123410130158146,-5.663749453645189,27.3703394933879,-1.9929224116040634,-11.594489754960872,-3.9760653647755877,-28.40760060910173,-0.3286240824006476,-1.750529579425545,-0.7990187232777505,0.2871480885125616
10.249999999999758,6.785664090229863,0.1892011915064765,-0.0006956686029450964,0.0003071906777984877,11.988610966947414,-0.0015711299803510088,8.0,1.2143359097701367,-3.6901533585016684,3.6901533585016684,1,-0.7886745654811034,-10.103319758514731,65.77642179872909,65.77642179872909,65.77642179872909,-1.3237221844383507,-5.6911269805839035,20,-1.3137571363836191,-5.642987345647563,27.273613889894474,-1.9939746667037797,-11.5929030125405,-3.9539809510387456,-28.36496278636317,-0.32870865301564434,-1.7456536916503023,-0.7969038265696898,0.27643779369992755
10.29999999999973,6.785638996339988,0.18921429318848423,-0.0003962579994026713,0.0001920460919826267,11.984977042378201,-0.0009967495595939915,8.0,1.214361003660012,-3.7109218937635005,3.7109218937635005,1,-0.792023839880003,-10.028496427976984,65.7484962453592,65.7484962453592,65.7484962453592,-1.319118643174932,-5.68133315955398,20,-1.3092627039839242,-5.633706553808758,27.177901421160847,-1.9949394618165446,-11.591414083685917,-3.9321947429032824,-28.322507263356332,-0.3287806764282203,-1.7408418031726556,-0.7948122651675686,0.26588497115915327
10.349999999999703,6.7856238579402985,0.18922255658140094,-0.00024344967773824573,0.00011169914525287741,11.982825586192273,-0.0006156097769786518,8.0,1.2143761420597015,-3.732410950266689,3.732410950266689,1,-0.7971208827231866,-9.962824440176005,65.72147991812955,65.72147991812955,65.72147991812955,-1.3185511271625667,-5.671526109984341,20,-1.3087729106794472,-5.624403278909393,27.083200300765807,-1.9958169073411056,-11.590017768493839,-3.9107042498512485,-28.28023948558512,-0.3288399792379882,-1.736079412073823,-0.7927409078074856,0.2554584455620438
10.399999999999675,6.78561222036491,0.18922696469036746,-0.00039666272752141214,2.0539014686409926e-05,11.98163607603455,-0.00015899152529300336,8.0,1.2143877796350901,-3.754306731384752,3.754306731384752,1,-0.8052489475573357,-9.904415838567463,65.69725140538246,65.69725140538246,65.69725140538246,-1.3217236302863047,-5.660978088092195,20,-1.3119927455527334,-5.614348685578568,26.989515168676366,-1.9966064536485464,-11.588713093693206,-3.889504904474076,-28.238166113575193,-0.32888644585164883,-1.7313519371372588,-0.7906853060413098,0.24512849831545805
10.449999999999648,6.78560123002067,0.18923039073184528,-9.964587047770566e-05,5.242879064395068e-05,11.981083382394171,-0.0003451640318292017,8.0,1.2143987699793302,-3.776836404113219,3.776836404113219,1,-0.8090568595357377,-9.85127651008742,65.66839683139467,65.66839683139467,65.66839683139467,-1.3104706964153408,-5.666342391925787,20,-1.3008886358724583,-5.620053418542276,26.89657084107333,-1.9973104510256958,-11.587496635182063,-3.8685251177315063,-28.196170133746218,-0.3289196691648868,-1.726708107026629,-0.7886674065939517,0.23500463705951316
10.49999999999962,6.785597366105825,0.18923313196645597,-8.685961936433519e-05,3.148288790601448e-05,11.980433396051243,-0.00016151666444099637,8.0,1.2144026338941751,-3.7991974696812068,3.7991974696812068,1,-0.8150538591759215,-9.800338372867273,65.6426577511865,65.6426577511865,65.6426577511865,-1.313478281084285,-5.658717888734841,20,-1.3039430771190919,-5.612883800160961,26.80458073756717,-1.9979262389138617,-11.586367555423355,-3.847824535522077,-28.154341291328805,-0.32893954026725647,-1.722100484048889,-0.7866685107864163,0.22497989406610203
10.549999999999592,6.785596319588649,0.1892354094528998,5.817320581531023e-06,2.396146458867934e-05,11.980059494174963,-0.00016535716498819087,8.0,1.2144036804113512,-3.8215935061006077,3.8215935061006077,1,-0.8202318068898702,-9.752814985866157,65.616542102565,65.616542102565,65.616542102565,-1.309687412650299,-5.659195434295361,20,-1.300244223673309,-5.613728998867932,26.713393953941964,-1.9984558516347377,-11.585325676860087,-3.8273612328957007,-28.112617281468268,-0.3289463120649391,-1.7175500578501628,-0.7846969445911907,0.2151021198835224
10.599999999999564,6.785596218450037,0.18923686208488125,-1.3006501992096756e-05,8.261473811560098e-06,11.97986021560222,-7.62340318624205e-05,8.0,1.2144037815499633,-3.8438625037875154,3.8438625037875154,1,-0.8262349722117859,-9.707777923726926,65.59199585898976,65.59199585898976,65.59199585898976,-1.3096871644804708,-5.656353187335536,20,-1.3003077373883776,-5.61127441455072,26.623054129754806,-1.9988998730698009,-11.584369350050995,-3.807146093241386,-28.07102066932295,-0.32894005407886695,-1.7130436800395576,-0.7827475473035261,0.20534194321190022
10.649999999999537,6.785597652019624,0.18923809212980577,1.005488927117103e-05,2.1489196138163697e-06,11.979739962663732,-5.7315246292312516e-05,8.0,1.2144023479803758,-3.866036960198569,3.866036960198569,1,-0.8316318432713203,-9.664877031813262,65.56751920751283,65.56751920751283,65.56751920751283,-1.3068301075997169,-5.656250448173119,20,-1.2975323367966458,-5.61152368299246,26.53350400852022,-1.9992597283893871,-11.583497540221124,-3.7871623811950155,-28.02953056716197,-0.32892102452252503,-1.7085896772737883,-0.7808238848719258,0.19571808685579525
10.699999999999509,6.785599661808825,0.1892390613782703,2.3865139711954858e-05,-1.8121144628459362e-07,11.979698266725457,-3.551300998904298e-05,8.0,1.214400338191175,-3.8880707834134203,3.8880707834134203,1,-0.8368818176523327,-9.623803621948646,65.54363154282508,65.54363154282508,65.54363154282508,-1.3049732051880427,-5.655503587882286,20,-1.2957487387474564,-5.61112636719691,26.44474279618988,-1.9995364188085976,-11.582708793013955,-3.767410210313828,-27.9881495495927,-0.32888936115236367,-1.7041842815395811,-0.778924483849499,0.1862217371849432
10.749999999999481,6.785601018935936,0.18923976451347088,2.197088230444147e-05,-1.1759708944297971e-06,11.979742716958626,-2.8530986538029833e-05,8.0,1.2143989810640639,-3.909986360782734,3.909986360782734,1,-0.8421130940625647,-9.5847346181428,65.52037706692458,65.52037706692458,65.52037706692458,-1.3032865382360819,-5.655179640113448,20,-1.2941325785705957,-5.611139395324048,26.356752276615914,-1.9997310954332836,-11.582001932723822,-3.7478844283397876,-27.946872959313467,-0.32884525472252774,-1.699826192376655,-0.7770488231099831,0.17684984074650598
10.799999999999454,6.785602553036994,0.18924037781719968,5.634991978252093e-06,-4.45028778568461e-06,11.979773202204402,1.0695572988134388e-06,8.0,1.214397446963006,-3.931729252973283,3.931729252973283,1,-0.8472374685847182,-9.547047608721115,65.49777933573239,65.49777933573239,65.49777933573239,-1.3016308750520853,-5.654434275879758,20,-1.292545607436524,-5.61072505971061,26.269527741923454,-1.99984485937766,-11.581375781764041,-3.7285827125899216,-27.905702521419137,-0.3287888853122074,-1.695514567514322,-0.7751965799043893,0.16760041959533575
10.849999999999426,6.785604023434493,0.1892410974716719,3.919300817925732e-05,1.1621392021361698e-06,11.979830296195395,-3.791950535349963e-05,8.0,1.2143959765655072,-3.953359614645825,3.953359614645825,1,-0.8517188034488148,-9.510947064642655,65.47513172321776,65.47513172321776,65.47513172321776,-1.2987238448584786,-5.6552944565250645,20,-1.2897144109685261,-5.611894996168752,26.183032951008634,-1.9998788905419584,-11.580829176228812,-3.7094959155828717,-27.864624875768264,-0.3287205284212735,-1.691252760329903,-0.7733690857202637,0.15848039614738071
10.899999999999398,6.785606691257294,0.18924180103097313,3.404779518391241e-05,-7.466286277351729e-07,11.97982876582022,9.069848913752924e-07,8.0,1.2143933087427063,-3.974757849753085,3.974757849753085,1,-0.8562857470587746,-9.475659756126374,65.45341429147307,65.45341429147307,65.45341429147307,-1.2975413105224995,-5.653918415575423,20,-1.288594754259557,-5.61083959607543,26.097292169564707,-1.9998341743238424,-11.580360842805288,-3.6906299678558123,-27.823654227747635,-0.32864023529741115,-1.687034872301273,-0.7715639062346119,0.14947640585672034
10.94999999999937,6.7856087717719955,0.18924240269218331,4.326224048759101e-05,1.385688678438348e-06,11.97990343861409,-6.772901799678649e-06,8.0,1.2143912282280045,-3.9960288621313147,3.9960288621313147,1,-0.8606065144692914,-9.441957466853612,65.43200277679897,65.43200277679897,65.43200277679897,-1.2953485824276236,-5.654132154448913,20,-1.286470209965649,-5.61135254290485,26.012269482237667,-1.9997119472293505,-11.579969966106953,-3.6719751869408825,-27.782777695893454,-0.3285483222970959,-1.6828632362249862,-0.7697818106226088,0.1405933184749033
10.999999999999343,6.785609656727739,0.18924278266889077,-9.632018791229982e-07,-3.862063545880395e-06,11.980009433251713,2.224814594139413e-05,8.0,1.2143903432722611,-4.01715841864001,4.01715841864001,1,-0.8652852885564251,-9.40968784492116,65.41157114085222,65.41157114085222,65.41157114085222,-1.2945110751023898,-5.653202482590943,20,-1.285690430002841,-5.610723641499516,25.927972398740103,-1.9995133107631262,-11.57965521550187,-3.6535327382413825,-27.74200244337547,-0.32844484935356094,-1.678733034060846,-0.7680208302877946,0.13182045135439327
11.049999999999315,6.785612025824389,0.18924359967640575,3.634716257949416e-05,-3.4221917910147693e-06,11.98002652487465,-3.8143086999027805e-05,8.0,1.2143879741756107,-4.038192445496228,4.038192445496228,1,-0.8690332003452395,-9.378583441896987,65.39069031443702,65.39069031443702,65.39069031443702,-1.291072460722221,-5.654576285783537,20,-1.2823255317000215,-5.612371659458055,25.844356175772575,-1.9992392454332393,-11.579415659387964,-3.635290654681829,-27.70131102513844,-0.32833023717312326,-1.674651567540729,-0.7662839546152461,0.12317341756865308
11.099999999999287,6.785614164749798,0.1892441592739079,2.0281023672647746e-05,-3.247851477413725e-06,11.98007487919525,1.1220238026110323e-05,8.0,1.2143858352502024,-4.058980862336489,4.058980862336489,1,-0.8730076158376363,-9.34784573163831,65.37086237769903,65.37086237769903,65.37086237769903,-1.290236463325605,-5.652790681182576,20,-1.2815450000159871,-5.610879529825026,25.761458531701628,-1.998890737469804,-11.579249961132124,-3.6172588168310322,-27.660723348322563,-0.32820436147770754,-1.6706106488412351,-0.7645677053855371,0.11463387462326696
11.14999999999926,6.785615845431615,0.18924471547939928,4.028840512726914e-05,1.977862989901534e-06,11.980156177033114,-1.1767063271766047e-05,8.0,1.2143841545683847,-4.079662889801116,4.079662889801116,1,-0.8765761145007986,-9.318477341099195,65.35105225745059,65.35105225745059,65.35105225745059,-1.287672587749423,-5.653362328482719,20,-1.2790466295611824,-5.611718383783985,25.679234619700622,-1.9984688253443068,-11.579157666542521,-3.5994252113916243,-27.62022206006617,-0.32806765131188187,-1.6666146809419429,-0.7628738149152641,0.10621113592212444
11.199999999999232,6.785618547347641,0.18924537938764074,2.2815879450084308e-05,-7.510446239025888e-06,11.980170848768207,-2.9302642529790253e-06,8.0,1.2143814526523586,-4.100205814714265,4.100205814714265,1,-0.8803572369210575,-9.290137105224453,65.33202133976741,65.33202133976741,65.33202133976741,-1.2865469284059448,-5.652600884187442,20,-1.277975947778092,-5.611228494558779,25.597695332254002,-1.9979745581617994,-11.579137330774437,-3.581792408663993,-27.579815391280277,-0.3279200829689125,-1.6626589433020336,-0.7612003605024447,0.09789466121978609
11.249999999999204,6.785620159616451,0.18924582281800872,1.2038099962168165e-05,-4.200521178790526e-06,11.980275851694346,1.817810090176521e-05,8.0,1.2143798403835486,-4.120588447564828,4.120588447564828,1,-0.8839001624454024,-9.262471964570636,65.31332378250674,65.31332378250674,65.31332378250674,-1.2846073506721538,-5.651986204412641,20,-1.2760953523280993,-5.610876354068819,25.516828635494875,-1.9974089079199295,-11.579188196819157,-3.5643561997512605,-27.53950097775226,-0.3277619337368211,-1.6587451348969318,-0.759547839074401,0.0896879988896684
11.299999999999176,6.785621932954152,0.1892463815266973,3.423748255920838e-05,1.3022830915821854e-06,11.980346804270821,-6.262202034444064e-06,8.0,1.214378067045848,-4.140863707612431,4.140863707612431,1,-0.8870299067467937,-9.235791890989221,65.29463229567335,65.29463229567335,65.29463229567335,-1.2821329761688856,-5.652284071110911,20,-1.2736824364439592,-5.61142409789773,25.436613419581146,-1.9967727218240958,-11.579309428629326,-3.547111415993897,-27.499271637626194,-0.32759344806485147,-1.6548743853473054,-0.7579168124573584,0.08159311241346479
11.349999999999149,6.785609470659291,0.18927299869677436,-0.00012913926812737448,0.00014344170544879276,11.988960548567848,0.0010233627926815704,8.0,1.214390529340709,-4.159748667237984,4.159748667237984,1,-0.8903309796629644,-9.201855750213436,65.27892149755115,65.27892149755115,65.27892149755115,-1.283998346141544,-5.631025597738628,20,-1.2755799309735547,-5.590565350279849,25.357345046148115,-1.9960695203455312,-11.57949914703355,-3.5301216500167483,-27.45927878861639,-0.3274141564432868,-1.651033420024042,-0.7563016743299837,0.07358172373689797
11.399999999999121,6.785612700772192,0.1892696937081718,2.4128815786693413e-05,-9.467807009272073e-06,11.98784414635433,-5.1859797252191015e-05,8.0,1.2143872992278082,-4.180785213899525,4.180785213899525,1,-0.8939264663960109,-9.187187136160066,65.25876772537005,65.25876772537005,65.25876772537005,-1.2755887551633602,-5.658220594828736,20,-1.267268213274428,-5.617806203708467,25.278382228909884,-1.9952955177537242,-11.57976441775333,-3.5132322499589934,-27.419230618940716,-0.32722643672912355,-1.6472510736769084,-0.7547256353909925,0.06571515724087396
11.449999999999093,6.785614812386678,0.18927100900287736,1.221493585725075e-05,-6.78158961741637e-06,11.988082592495262,8.857191155284222e-06,8.0,1.2143851876133223,-4.201022737312296,4.201022737312296,1,-0.8967923755010545,-9.163411566015014,65.24096448042894,65.24096448042894,65.24096448042894,-1.2772174807526506,-5.649076205992043,20,-1.2689292162573291,-5.608964864274697,25.200172927407227,-1.9944543101784782,-11.580089569663508,-3.4965602301394103,-27.37932178285641,-0.3270275700544066,-1.6434997845830084,-0.7531646909174987,0.05793400641974437
11.499999999999066,6.785616343346843,0.18927141434915762,1.753555379763706e-05,-1.4515630239259125e-06,11.988145339327007,6.713178979936752e-06,8.0,1.2143836566531574,-4.220933501367804,4.220933501367804,1,-0.8995546905294183,-9.140070604480524,65.22362703406921,65.22362703406921,65.22362703406921,-1.2752192687993693,-5.649901666370843,20,-1.2669849961313864,-5.610012141703136,25.1225781498903,-1.993544459323367,-11.580483375117153,-3.480070063886788,-27.339486701913838,-0.3268187171242646,-1.6397883290740451,-0.7516238543493517,0.05025703988304963
11.549999999999038,6.785625459662694,0.18925725889886064,0.0005785144947363572,-0.000967702767400524,11.983463585964476,-0.005576448358423027,8.0,1.2143745403373059,-4.249098992269205,4.249098992269205,1,-0.9068967810112434,-9.183308253540911,65.19235779053062,65.19235779053062,65.19235779053062,-1.2623695101692833,-5.7613260835143745,20,-1.2542581697235737,-5.720877283431944,25.044081407068386,-1.9925485549378548,-11.580952729821444,-3.4634398921641534,-27.298947368531042,-0.32660199891196906,-1.6361475177930982,-0.7501156025539244,0.042747110824391726
11.59999999999901,6.785634909076437,0.18924958908195483,-8.014374374349302e-05,0.00011961218927419879,11.980416037771485,0.0007955524754368492,8.0,1.2143650909235628,-4.262417502506853,4.262417502506853,1,-0.9032380508765456,-9.091902391769825,65.18877337580305,65.18877337580305,65.18877337580305,-1.2869919318397052,-5.601035532211019,20,-1.2787621990070563,-5.561931205517877,24.96837006583155,-1.9915018441796524,-11.581446394875462,-3.4474779632187635,-27.259554697841107,-0.32636591207849486,-1.6324777877846028,-0.7485946869201623,0.035202624564667384
11.649999999998983,6.785634920533802,0.18925024999648749,2.3648373321243434e-05,-1.5980941317621543e-05,11.980793529140534,-6.869556608033215e-05,8.0,1.214365079466198,-4.280521220578248,4.280521220578248,1,-0.9070866469797332,-9.073298529498386,65.17349797241995,65.17349797241995,65.17349797241995,-1.2689740946439934,-5.661929454402236,20,-1.2608960485200407,-5.622596256541618,24.892405571167213,-1.9903821390436203,-11.582053588489057,-3.431498692396532,-27.219803598952787,-0.32612736587501145,-1.6288833259567093,-0.7471014708258624,0.027831692197386175
11.699999999998955,6.7856362955830845,0.18925075898373195,5.516690592450269e-05,1.3255954608547391e-05,11.980849497582321,2.9692427061309504e-06,8.0,1.2143637044169155,-4.299124434365488,4.299124434365488,1,-0.9092259673363314,-9.049167468347578,65.15817989896797,65.15817989896797,65.15817989896797,-1.268071757810882,-5.649530877457761,20,-1.2600385730200891,-5.610498699105663,24.817193546158336,-1.9892084495520634,-11.582709681442811,-3.4157242099272627,-27.180238493037248,-0.3258800819891317,-1.625323657140458,-0.745626340736573,0.020550714055112225
11.749999999998927,6.785638052301194,0.18925104081737723,-6.148883356377169e-06,9.254889085003175e-06,11.980796937344337,8.592169254223888e-05,8.0,1.214361947698806,-4.317964401236513,4.317964401236513,1,-0.9122188743514459,-9.027287162266708,65.1437278179816,65.1437278179816,65.1437278179816,-1.2679057359880963,-5.646335852736189,20,-1.2599111391592006,-5.607530748628476,24.742608002549467,-1.987974507797062,-11.583426699224125,-3.4001298075652877,-27.14077873658804,-0.3256237259493644,-1.6217961494778543,-0.7441676634790455,0.013355229994173112
11.7999999999989,6.785641673121654,0.18925319829949935,0.0003198443263994963,-7.591840684315814e-06,11.981090129304045,-0.0005302521655552555,8.0,1.2143583268783464,-4.337559436769618,4.337559436769618,1,-0.9121626970968453,-9.011122074507647,65.12436576615248,65.12436576615248,65.12436576615248,-1.2583998088900197,-5.658218968342859,20,-1.2505008525371988,-5.619529124655721,24.668444067440166,-1.9866766815432626,-11.584206909506516,-3.3846705005857705,-27.101316011539424,-0.32536021760282857,-1.6183257438128211,-0.7427353984853531,0.006296799563709964
11.849999999998872,6.785651954527203,0.1892533457159521,5.433626158420238e-05,-1.2220585539576205e-05,11.980628085704433,0.0001395540570598804,8.0,1.2143480454727973,-4.355950626720815,4.355950626720815,1,-0.9159827812610999,-8.986094591169259,65.11287073452277,65.11287073452277,65.11287073452277,-1.2681750419421278,-5.638746824929338,20,-1.26025220932401,-5.600392579102124,24.595114375654738,-1.9853207682571914,-11.58504225682569,-3.369442857098442,-27.062061926326052,-0.3250849026314889,-1.6148622791716634,-0.7413102838836502,-0.0007287836762550079
11.899999999998844,6.78565459346067,0.1892532827160657,9.825773438683031e-05,-8.861437221853319e-07,11.981010273778205,2.013144638270158e-05,8.0,1.21434540653933,-4.374753485789323,4.374753485789323,1,-0.9179702490118073,-8.967485193252784,65.09773638399997,65.09773638399997,65.09773638399997,-1.2604769235659377,-5.645865620273574,20,-1.25263522740543,-5.607643535783171,24.522252905330145,-1.9839029960777468,-11.585943456782507,-3.3543544764691013,-27.022834569123905,-0.3248026278605888,-1.6114482588414856,-0.7399072597290642,-0.007632331482660003
11.949999999998816,6.785657095731652,0.1892532505992815,2.374542280669891e-05,-1.0100038640660594e-05,11.98118243282293,4.829778454917617e-05,8.0,1.2143429042683476,-4.393568096028244,4.393568096028244,1,-0.9208433571732502,-8.949298069912983,65.08401798373927,65.08401798373927,65.08401798373927,-1.2610355159512108,-5.643197145244536,20,-1.2532245947235299,-5.605179009882439,24.449988799469097,-1.9824261367975844,-11.586902896691509,-3.3394387945228843,-26.98370331794733,-0.3245112133617645,-1.6080634567454044,-0.738519901652787,-0.014456716877863346
11.999999999998789,6.785659667551077,0.1892536248588486,4.413730525727561e-05,-6.2053452965062476e-06,11.981301551689276,-2.099802592312343e-06,8.0,1.2143403324489226,-4.41235471172735,4.41235471172735,1,-0.922730182301928,-8.931536076153652,65.06943774326828,65.06943774326828,65.06943774326828,-1.257549712643641,-5.643956081446349,20,-1.2497929927110432,-5.606110207520606,24.37827050018499,-1.980889503179251,-11.587921989790981,-3.3246821001285833,-26.94464221280499,-0.32421171758672324,-1.6047175572711827,-0.7371516039311926,-0.021181706687877153
12.04999999999876,6.785661362657779,0.1892539474646364,4.175403392812983e-05,-5.96720633248724e-07,11.98143092452064,-1.2111775868464885e-06,8.0,1.2143386373422214,-4.431023415332449,4.431023415332449,1,-0.9246971342509605,-8.913856178487224,65.0553764306611,65.0553764306611,65.0553764306611,-1.2563051143536677,-5.642804378577185,20,-1.2485885790215208,-5.605142076034109,24.307117383429173,-1.9792939333288213,-11.588999504440592,-3.3100906655957214,-26.905661866884405,-0.32390363961458796,-1.601404909551132,-0.735800161954588,-0.02781958810631749
12.099999999998733,6.785663361894228,0.18925436805751372,3.236813250886653e-05,-1.3738476226510507e-06,11.981503075576889,4.154329173235547e-06,8.0,1.214336638105772,-4.449592507415873,4.449592507415873,1,-0.9266697883689321,-8.896541689042078,65.04164522991464,65.04164522991464,65.04164522991464,-1.2547776840207159,-5.641989586977943,20,-1.247102213585037,-5.604503723772901,24.236519229769808,-1.9776399812808014,-11.590135232112411,-3.295661254922408,-26.86675946563312,-0.3235871858966177,-1.5981257319519804,-0.7344655847204727,-0.0343700327479671
12.149999999998705,6.785664178053857,0.1892547209279496,2.9446440526872202e-05,2.996483292745909e-06,11.981621167625342,-1.18211243080101e-06,8.0,1.2143358219461433,-4.468085574344888,4.468085574344888,1,-0.9285332716805366,-8.879683350062011,65.02805955889811,65.02805955889811,65.02805955889811,-1.252995744754736,-5.641403151570704,20,-1.2453621371360242,-5.6040879330298,24.166467061469,-1.9759282560046234,-11.591328580476038,-3.2813913658258302,-26.827932602420358,-0.32326254131027027,-1.5948802741721637,-0.7331478389787811,-0.04083276791350163
12.199999999998678,6.785666993722101,0.18925541140824903,1.252466033545392e-06,-1.4073262744150791e-05,11.981608321741097,-4.456776081146789e-06,8.0,1.214333006277899,-4.48652074770064,4.48652074770064,1,-0.9306046643353041,-8.863416759893461,65.01495576508796,65.01495576508796,65.01495576508796,-1.2518488801797212,-5.640648774344233,20,-1.2442526114175263,-5.603501535603159,24.0969578441686,-1.9741593915427103,-11.592578855864355,-3.267280004953123,-26.789181914036647,-0.32292963658362966,-1.5916666091369882,-0.7318461836494609,-0.047211905437070684
12.24999999999865,6.785668323691209,0.18925581903464142,3.1801809062829024e-05,1.7349721230459686e-06,11.981717649753035,4.774996623194186e-06,8.0,1.2143316763087908,-4.504802770520236,4.504802770520236,1,-0.9319539519495137,-8.84669972392266,65.00149315458029,65.00149315458029,65.00149315458029,-1.2490760448144262,-5.639776578466684,20,-1.2415260973192042,-5.602793338863833,24.027986684387784,-1.972334018933756,-11.593885452023185,-3.2533251676259205,-26.750507030830196,-0.32258901483677116,-1.5884883822301636,-0.7305618248243523,-0.05350028031566979
12.299999999998622,6.785670322423788,0.18925628095007685,2.9042823794170795e-05,2.176349797532331e-06,11.981758424539422,2.3967108692826806e-05,8.0,1.2143296775762122,-4.522995896764582,4.522995896764582,1,-0.9336033091227667,-8.830470361706316,64.98862744838434,64.98862744838434,64.98862744838434,-1.2480399526993504,-5.63843645044741,20,-1.2405255715911232,-5.601618381652534,23.959555121258287,-1.97045287378649,-11.595247782600948,-3.2395280946955416,-26.711910638254707,-0.32224031401652115,-1.585341214506423,-0.7292932419899892,-0.059707290334041346
12.349999999998595,6.7856712417849145,0.18925674725341626,4.345565267223965e-05,8.068150230171347e-06,11.981879864364963,-1.1901054406185381e-05,8.0,1.2143287582150855,-4.541183590934673,4.541183590934673,1,-0.9351236574353536,-8.815135680433041,64.97568911840669,64.97568911840669,64.97568911840669,-1.2460485602576417,-5.638351145793127,20,-1.2385746404402518,-5.601685397220365,23.891641963071272,-1.9685162353349939,-11.596665528896352,-3.225883129717346,-26.673383756551228,-0.321883925411475,-1.5822269463228482,-0.7280409699788616,-0.06582932839790492
12.399999999998567,6.785673583662874,0.18925739180306728,3.170266357702012e-05,-2.9139508915235822e-06,11.981867973661863,-1.4022221288828557e-05,8.0,1.2143264163371263,-4.559298226978541,4.559298226978541,1,-0.9368035263440813,-8.799971150632487,64.96325373945096,64.96325373945096,64.96325373945096,-1.2449279693449846,-5.637172172835096,20,-1.2374887074301115,-5.600662619958864,23.824256244992913,-1.9665248958910329,-11.598137594621047,-3.212392055476015,-26.63493326920233,-0.3215196468687019,-1.5791432550253621,-0.7268041992431745,-0.07187122506864743
12.44999999999854,6.7856743073615515,0.18925773838270915,-5.130867918091934e-06,-5.7029594089243175e-06,11.981983661813421,1.7812790511531273e-05,8.0,1.2143256926384485,-4.577322612771853,4.577322612771853,1,-0.9386455482110776,-8.784987844664041,64.95131151980533,64.95131151980533,64.95131151980533,-1.2438332368644214,-5.6356697623860414,20,-1.236427704207942,-5.599314045814247,23.757395890668487,-1.9644795049704074,-11.599663606528251,-3.1990534610558146,-26.596560191776007,-0.32114757599790955,-1.5760895914374287,-0.7255824353823365,-0.07783411325560863
12.499999999998511,6.785675681446957,0.1892582492502073,-9.110066973088065e-06,-7.628527706752381e-06,11.982027452901578,1.1584773715715118e-05,8.0,1.214324318553043,-4.595291349138207,4.595291349138207,1,-0.9401553599620098,-8.770354848431495,64.93918162048199,64.93918162048199,64.93918162048199,-1.2416157251780988,-5.63522244126003,20,-1.2342498591557751,-5.599009650292647,23.69104415582858,-1.9623802570519202,-11.60124352244278,-3.1858626972394624,-26.558257827068438,-0.3207681673618664,-1.5730682300230712,-0.7243766665945846,-0.08371361059950358
12.549999999998484,6.785677426489617,0.18925885649455682,-2.558412508454057e-05,-1.6646586140547668e-05,11.982063123354632,4.118160353365539e-06,8.0,1.2143225735103833,-4.61321581772359,4.61321581772359,1,-0.9417563558931308,-8.756161001544335,64.92735368417073,64.92735368417073,64.92735368417073,-1.2402692729446791,-5.634377086533517,20,-1.2329374832333628,-5.598307288060797,23.625200926448787,-1.9602277745332475,-11.602876483636292,-3.1728202781119776,-26.520027515687108,-0.32038122235729405,-1.570076978155626,-0.7231859619019055,-0.08951444410344435
12.599999999998456,6.785678287414505,0.1892593053304872,1.616908667013229e-05,3.470327395267771e-07,11.982146923156845,2.328946012104734e-06,8.0,1.2143217125854946,-4.63100909232512,4.63100909232512,1,-0.9426773373850597,-8.74150456751191,64.91512830995626,64.91512830995626,64.91512830995626,-1.237541026108629,-5.633465631151316,20,-1.2302507811769015,-5.597535496192626,23.559862355932996,-1.9580225594616425,-11.604561984553674,-3.1599246912648713,-26.48186916510082,-0.31998726212943285,-1.5671187823517088,-0.7220114221942908,-0.0952310306587454
12.649999999998428,6.785680097970901,0.1892599468329653,3.50045236176919e-05,4.850586705911526e-07,11.98216836854561,-2.0195066408117594e-05,8.0,1.2143199020290991,-4.64876926500102,4.64876926500102,1,-0.9438535300029738,-8.72754623278167,64.90330197570901,64.90330197570901,64.90330197570901,-1.2363362926611354,-5.632671497530791,20,-1.2290784195342788,-5.596878797436003,23.495023211696513,-1.9557650612128008,-11.606299620806709,-3.1471759658170004,-26.443781121523582,-0.3195858964966487,-1.5641900691592832,-0.7208517804578896,-0.10087097286548766
12.6999999999984,6.7856816596218605,0.1892604678943991,9.544011654317128e-07,-8.461113721224345e-06,11.982225793182565,-2.1778820732940356e-06,8.0,1.2143183403781395,-4.666479795664779,4.666479795664779,1,-0.9454811554971692,-8.713925931941866,64.89223534352428,64.89223534352428,64.89223534352428,-1.2357823052944272,-5.6310030150042545,20,-1.2285522811358718,-5.595349401935242,23.430688556876564,-1.953456174559228,-11.608088427444123,-3.134574067032026,-26.405768782456065,-0.319176988502945,-1.5612888958147788,-0.7197061047690474,-0.10643803025663696
12.749999999998373,6.785683259885978,0.189260989463183,-1.454465643044246e-05,-1.6060374819223577e-05,11.98227197994591,-5.6857723150329524e-06,8.0,1.2143167401140218,-4.684149778211469,4.684149778211469,1,-0.946908611874965,-8.70060839389558,64.88110953552473,64.88110953552473,64.88110953552473,-1.2338865101502738,-5.6302693611359445,20,-1.2266913313190486,-5.594744267684909,23.366843328357604,-1.9510960173148537,-11.609928493151212,-3.122114146573781,-26.367826093729736,-0.31876108645364676,-1.5584177931592575,-0.7185752921080754,-0.11192717934592254
12.799999999998345,6.7856847191592875,0.18926157470222388,4.659121815543546e-05,7.926657610627701e-07,11.98234441371645,-4.332775615891921e-05,8.0,1.2143152808407125,-4.701735478130887,4.701735478130887,1,-0.9475460095257227,-8.687118581197302,64.86930942157649,64.86930942157649,64.86930942157649,-1.2308147228859858,-5.629987987739025,20,-1.2236607616499335,-5.594585970330495,23.30347844710886,-1.9486847947745987,-11.61181941525981,-3.109794570969042,-26.329949135290562,-0.3183386591617619,-1.5555793302589225,-0.717460348413206,-0.11733385897085723
12.849999999998317,6.785686645763668,0.18926196848689622,3.894009580938599e-06,-4.2537315571233784e-06,11.982377081138196,3.224369616198021e-05,8.0,1.2143133542363316,-4.7191910590048405,4.7191910590048405,1,-0.9490516233304318,-8.673411783738402,64.85894731224346,64.85894731224346,64.85894731224346,-1.2312396424864613,-5.626831543282232,20,-1.2241065045210522,-5.591569777112205,23.24062269395646,-1.9462241311925172,-11.613759597647075,-3.097622573600939,-26.292155935132726,-0.3179085538570423,-1.55276570540548,-0.7163583863227418,-0.12267366529934398
12.89999999999829,6.785687930735835,0.18926243376397264,-2.4219118338176355e-05,-1.6727860469322515e-05,11.982462278861286,4.663083139321085e-06,8.0,1.2143120692641647,-4.736716144978787,4.736716144978787,1,-0.950565425902409,-8.661096605818386,64.84841741518653,64.84841741518653,64.84841741518653,-1.229430000606014,-5.626857131304921,20,-1.222329620682519,-5.591710087486708,23.178235226420185,-1.9437133758642142,-11.61575022862458,-3.085586906303328,-26.254426089116645,-0.3174717225321712,-1.5499810327261643,-0.7152706815341575,-0.1279383848715591
12.949999999998262,6.7856880878253945,0.18926280239932086,-7.726022512507578e-06,-6.145029435295043e-06,11.982564457557173,-3.950024005389103e-06,8.0,1.2143119121746055,-4.754159996024675,4.754159996024675,1,-0.9515258732535092,-8.648325055389495,64.83758398442326,64.83758398442326,64.83758398442326,-1.2270437498348565,-5.625794440946607,20,-1.2199789064014201,-5.590766233970897,23.116324990357256,-1.9411532950681898,-11.617789878958027,-3.073689311477329,-26.21676633640339,-0.3170283766636997,-1.5472265222865678,-0.7141977991033253,-0.13312590162666924
12.999999999998234,6.785689273176105,0.18926341395259264,1.690995393122058e-05,-2.666486667016834e-07,11.982595500895886,-1.833279611141805e-05,8.0,1.2143107268238946,-4.771537144492783,4.771537144492783,1,-0.952384313075054,-8.635646985090174,64.82683072290553,64.82683072290553,64.82683072290553,-1.225319480097564,-5.624783628052816,20,-1.2182861120604032,-5.589872236593466,23.0548880806563,-1.9385441644985495,-11.619878413327342,-3.0619299173692585,-26.179175170983857,-0.3165783488191644,-1.5445007103311228,-0.7131392568176622,-0.1382395124514504
13.049999999998207,6.785692453376121,0.1892641745479107,1.4610257715310048e-05,-1.0621219781353497e-05,11.982545731660494,-5.212613332190031e-07,8.0,1.2143075466238793,-4.788833177850167,4.788833177850167,1,-0.9534409986215215,-8.622932661321606,64.81657868825943,64.81657868825943,64.81657868825943,-1.2242876262338376,-5.623003819264712,20,-1.2172813242424998,-5.588211474141547,22.99392859854524,-1.935886820746625,-11.62201503119273,-3.0503093649744644,-26.141656918959043,-0.3161214619310779,-1.5418018568716316,-0.7120942686008712,-0.14328276208490573
13.099999999998179,6.785693002714763,0.18926450054222776,3.557148809816514e-05,3.927881711607135e-06,11.982698750891991,-6.4289925716000306e-06,8.0,1.2143069972852372,-4.80608836263177,4.80608836263177,1,-0.954278987740498,-8.610508845435959,64.80617909617308,64.80617909617308,64.80617909617308,-1.2222879038106715,-5.621973178105022,20,-1.2153136035089636,-5.587291870097029,22.933433901018383,-1.933181444508696,-11.624199723892875,-3.0388241389012327,-26.10420622836739,-0.31565818427221615,-1.5391316433839906,-0.7110632776047151,-0.14825258983501843
13.149999999998151,6.785693946903307,0.18926488705581493,1.2755626010765756e-05,1.075923126294324e-06,11.98275841083145,9.200537513890243e-06,8.0,1.214306053096693,-4.823315864570043,4.823315864570043,1,-0.9555090306562057,-8.598382147666703,64.79641515663666,64.79641515663666,64.79641515663666,-1.2216017659123577,-5.620210787046342,20,-1.2146516271534027,-5.585643026896181,22.87340961866724,-1.9304287648542324,-11.626431659625212,-3.027475323932279,-26.066828411384538,-0.3151880685526037,-1.5364871520563574,-0.7100454569909782,-0.15315472113973652
13.199999999998123,6.785695438121475,0.18926544570764228,-1.4647718344184877e-05,-1.033450410098196e-05,11.982789107870065,8.178038357374772e-06,8.0,1.2143045618785253,-4.8405392748391805,4.8405392748391805,1,-0.9567866135279832,-8.586675960668861,64.7868010905446,64.7868010905446,64.7868010905446,-1.220207612906133,-5.619114946709517,20,-1.2132849622841049,-5.584652769181997,22.81384428927465,-1.9276288933480767,-11.628710820872435,-3.016259277386451,-26.029518638238596,-0.3147114685880617,-1.5338694048853545,-0.7090409460641156,-0.1579871668641403
13.249999999998096,6.785697618821166,0.18926607579593527,-2.587852499562328e-05,-1.926105013216228e-05,11.982804291609035,1.0395580779290789e-05,8.0,1.2143023811788343,-4.857711749009461,4.857711749009461,1,-0.9578578664940713,-8.574903430911725,64.77715719768241,64.77715719768241,64.77715719768241,-1.21842357782007,-5.617880319888051,20,-1.2115301067527777,-5.583521743233308,22.754735889733322,-1.9247822232438345,-11.631036702770412,-3.0051751994324483,-25.992277186936704,-0.3142285873074635,-1.5312789996109568,-0.7080499017055296,-0.16274895269186862
13.299999999998068,6.7856982757152045,0.1892664216968537,4.096361906745553e-05,1.109722680868593e-05,11.98292591938727,1.2996696243630805e-05,8.0,1.2143017242847955,-4.874748314411191,4.874748314411191,1,-0.958096537350273,-8.56242947314378,64.7668551036328,64.7668551036328,64.7668551036328,-1.215381743986949,-5.616574051041869,20,-1.2085241838012852,-5.582317364573431,22.696081820736367,-1.9218891361071346,-11.63340895810343,-2.9942227142648927,-25.95510378771195,-0.3137399962068538,-1.5287184581288933,-0.7070732715002439,-0.16743577800991263
13.34999999999804,6.785700077975149,0.18926704640377648,4.154633882269561e-05,3.7812028101526363e-06,11.982949348077364,-2.1091591768223008e-05,8.0,1.2142999220248507,-4.891841214435751,4.891841214435751,1,-0.9590808454351685,-8.55117510761388,64.75732232531456,64.75732232531456,64.75732232531456,-1.2150907731604628,-5.615553139541006,20,-1.2082536472818846,-5.581396391088211,22.637876584473556,-1.918949901719781,-11.635827311484896,-2.983402371268117,-25.917996004177912,-0.3132446622308232,-1.526182244248158,-0.7061092255287031,-0.1720585347285352
13.399999999998013,6.785701365502369,0.18926754170625404,2.3050755393544064e-05,-4.340411569737298e-07,11.983016716326157,-1.1669813103986456e-05,8.0,1.2142986344976308,-4.908892339510948,4.908892339510948,1,-0.9601551127597574,-8.53974917699954,64.74816251549373,64.74816251549373,64.74816251549373,-1.213988301261867,-5.6137195936207975,20,-1.2071753287566624,-5.579663397596794,22.580124502039162,-1.9159653603932112,-11.638290720731149,-2.972712888472838,-25.880959162368907,-0.31274295970520233,-1.5236714623725776,-0.7051578851404847,-0.17661488031243794
13.449999999997985,6.785702394310115,0.1892679974468069,5.267690997935274e-05,1.1423803482702527e-05,11.9830892358559,-1.569597687514043e-05,8.0,1.214297605689885,-4.925868880594492,4.925868880594492,1,-0.9607346780204808,-8.528084117547527,64.7386190343798,64.7386190343798,64.7386190343798,-1.2115728834554433,-5.612541537833954,20,-1.2047909084154023,-5.578578926071939,22.522815936487046,-1.9129354704400294,-11.640799485455215,-2.9621516138416117,-25.843988878027503,-0.31223551116386045,-1.5211884789714665,-0.7042201299317027,-0.18110060070250544
13.499999999997957,6.785703548674864,0.18926845212939794,1.1399749862760072e-06,-4.9873146550937504e-06,11.98312742649185,5.682614909768393e-06,8.0,1.2142964513251364,-4.942851585344228,4.942851585344228,1,-0.9620916152644545,-8.51698831684198,64.7300924396166,64.7300924396166,64.7300924396166,-1.2116689103133533,-5.610499050429769,20,-1.204903740403865,-5.5766341840683635,22.46595670182774,-1.9098610604714776,-11.643352768744103,-2.9517205418294483,-25.80708998285543,-0.3117213156272018,-1.518728257369649,-0.703294146526105,-0.18552529585313596
13.54999999999793,6.78570569676598,0.18926910034519706,4.6840139402641325e-06,-1.018403202715478e-05,11.983139729371642,-3.2695638495029237e-06,8.0,1.2142943032340199,-4.959798747167396,4.959798747167396,1,-0.9629069964201791,-8.505830999930522,64.72105896283082,64.72105896283082,64.72105896283082,-1.2091738040248377,-5.609575501021835,20,-1.2024390618481433,-5.575797212674262,22.409531850719013,-1.9067419562789967,-11.645950821641094,-2.941414374653087,-25.77025571406316,-0.3112015571908102,-1.516295336884141,-0.702381383001976,-0.1898804632727441
13.599999999997902,6.7857055807179,0.1892694314391879,3.718311755671004e-05,8.291022317724933e-06,11.983287977197934,-1.921435560446902e-05,8.0,1.2142944192821004,-4.97669563247008,4.97669563247008,1,-0.963424651146187,-8.494613092810994,64.71182202730684,64.71182202730684,64.71182202730684,-1.2071284223616536,-5.608343762503259,20,-1.200421446642312,-5.574652926034569,22.353541695179473,-1.9035785682998645,-11.648593044930003,-2.931234408108419,-25.733486779616502,-0.31067607965620186,-1.5138889557280826,-0.7014816204115947,-0.1941679996144225
13.649999999997874,6.785707800583546,0.18927004213363174,4.9362165835898954e-05,8.428186830846263e-06,11.983251476082469,2.9368831820203745e-06,8.0,1.2142921994164544,-4.99350784829682,4.99350784829682,1,-0.9640660107162504,-8.483044744070698,64.70302334496314,64.70302334496314,64.70302334496314,-1.2060263303289351,-5.6061340174692065,20,-1.1993416375107242,-5.572535025916687,22.297993946149333,-1.9003717680685537,-11.65127861286119,-2.9211823359762628,-25.69678966408585,-0.31014452414849575,-1.5115072294034302,-0.7005943743770031,-0.19839160669786163
13.699999999997846,6.785708787487493,0.18927046283955298,-3.594852599177322e-05,-1.6373580013882315e-05,11.983341550771366,2.5043335144084028e-05,8.0,1.2142912125125074,-5.010394039185383,5.010394039185383,1,-0.965695574927605,-8.472606095004673,64.69532983446035,64.69532983446035,64.69532983446035,-1.2064876768685424,-5.604194663876543,20,-1.1998161910089893,-5.570683307460799,22.242881478995415,-1.8971218973936268,-11.65400744753134,-2.9112560654839656,-25.660161773013744,-0.3096062899092871,-1.5091467332118431,-0.6997180410490571,-0.2025574815458947
13.749999999997819,6.785709272938978,0.18927087859569944,1.7415300856183745e-05,4.801676829517945e-06,11.983431028312259,6.379931337766044e-06,8.0,1.2142907270610221,-5.027192786570611,5.027192786570611,1,-0.96595036405636,-8.46142085502152,64.68622643288133,64.68622643288133,64.68622643288133,-1.2023984418439984,-5.603517339296877,20,-1.1957643701246257,-5.570081360607377,22.188189721169053,-1.8938285596525462,-11.65677981367625,-2.9014498721624333,-25.623596494456987,-0.3090634690745074,-1.506815585100447,-0.698855556925636,-0.2066507984308366
13.799999999997791,6.785711631807443,0.18927169850803385,5.713638999338114e-05,4.0755753616475985e-06,11.983418111850868,-4.680204608784661e-05,8.0,1.2142883681925571,-5.044006394979611,5.044006394979611,1,-0.966397482037791,-8.450823170947498,64.6773326122286,64.6773326122286,64.6773326122286,-1.2011476269723909,-5.602641207886055,20,-1.1945356091270025,-5.569282992782057,22.133918508810677,-1.890491992552488,-11.659595206676636,-2.8917672740985325,-25.587092777197288,-0.3085147978532206,-1.504508953972502,-0.6980054285881374,-0.21068109158322035
13.849999999997763,6.78571292628893,0.1892720804872599,5.6160058266688e-06,-4.2703223548879065e-06,11.98349072057479,1.3687102121046677e-05,8.0,1.2142870737110698,-5.060744684757378,5.060744684757378,1,-0.9675592025154425,-8.439731106172351,64.66969862901398,64.66969862901398,64.66969862901398,-1.2014880787838784,-5.599301814532296,20,-1.194888888021983,-5.566033484521537,22.080088214324576,-1.8871140170255827,-11.662451782419874,-2.882211271607951,-25.550666046498833,-0.3079595799707173,-1.5022235597773588,-0.6971662626502375,-0.21465412522137842
13.899999999997736,6.785713423515169,0.18927248971227292,1.628509458156097e-05,-3.532429202937196e-07,11.98359393723154,-1.8325883949440627e-05,8.0,1.214286576484831,-5.077512862861604,5.077512862861604,1,-0.9682391847849035,-8.429304840128088,64.66135416424174,64.66135416424174,64.66135416424174,-1.1988763461494285,-5.598907819602163,20,-1.1923054787704106,-5.5657077645874775,22.026667898680103,-1.8836933264479332,-11.665351410564183,-2.872773405314654,-25.51429872146007,-0.3073993116707241,-1.4999642134180513,-0.6963396820765946,-0.21856125325784434
13.949999999997708,6.785715023153846,0.18927303083201558,4.469913739332571e-05,9.387103452092443e-06,11.983608961484634,-2.897197737837147e-06,8.0,1.2142849768461543,-5.094177829351247,5.094177829351247,1,-0.9686390629846005,-8.418074143729001,64.65303810208664,64.65303810208664,64.65303810208664,-1.197087875747323,-5.596679590322837,20,-1.190540661550181,-5.563557994344934,21.973673024322864,-1.8802312219319217,-11.668292281528027,-2.8634578005552327,-25.478001680781528,-0.3068336019352673,-1.4977296150326793,-0.6955253853413367,-0.22240517912097438
13.99999999999768,6.785715912081624,0.1892736201273691,5.0828433242619414e-05,5.287730457174303e-06,11.983689036170333,-5.381093434319469e-05,8.0,1.2142840879183758,-5.110924903157814,5.110924903157814,1,-0.9693767521354877,-8.40801860367021,64.64492391501584,64.64492391501584,64.64492391501584,-1.1960569932222933,-5.5959562479017,20,-1.1895290964901,-5.562902744197906,21.92108611728164,-1.8767271353666348,-11.671275184197464,-2.8542616013458995,-25.441764281438942,-0.306262177675879,-1.495518240438177,-0.6947227023920038,-0.22618890045708978
14.049999999997652,6.785718411438164,0.1892742540085721,4.938616201514383e-05,1.6365627255261147e-06,11.9836648374024,-2.2547518054841456e-05,8.0,1.2142815885618363,-5.127567292130922,5.127567292130922,1,-0.970025603495061,-8.396955942910028,64.6371574936842,64.6371574936842,64.6371574936842,-1.1947994068895207,-5.593259261538765,20,-1.1882915019048121,-5.560282786871226,21.86892372994975,-1.87318254340217,-11.674298330614958,-2.84518673770248,-25.40559963735022,-0.3056851521873342,-1.4933302668674733,-0.6939317237705855,-0.22991201615464532
14.099999999997625,6.785719062573433,0.18927452199089234,1.2168881475384303e-05,-9.48347057988018e-07,11.983782612438787,1.5474994445761063e-05,8.0,1.214280937426567,-5.1441938255529225,5.1441938255529225,1,-0.9710204260929232,-8.386198711933394,64.62987994369118,64.62987994369118,64.62987994369118,-1.1940967737779669,-5.590962880295135,20,-1.1876055605832982,-5.5580590088787725,21.817178738099056,-1.8695975561943479,-11.677362187854774,-2.836231525170632,-25.369504452149204,-0.3051023538008589,-1.49116441600644,-0.6931517909668379,-0.23357693800776508
14.149999999997597,6.785720626909429,0.18927502845842237,-7.786623824747758e-06,-1.0517390520023665e-05,11.983821410307131,6.5870659243411845e-06,8.0,1.2142793730905712,-5.160855386088128,5.160855386088128,1,-0.9719055072614025,-8.37591217584055,64.6224354201505,64.6224354201505,64.6224354201505,-1.1923872228804784,-5.589734386463716,20,-1.1859176852133408,-5.556894250435244,21.765839481739935,-1.8659718868845898,-11.680466993886574,-2.827392440576123,-25.33347311234576,-0.30451433972969094,-1.489022133227175,-0.6923835010451039,-0.23718116713017343
14.19999999999757,6.7857214344760886,0.18927550130575624,9.864996788451814e-06,-2.7051781326287164e-06,11.983916622013687,-1.1239713740449281e-05,8.0,1.2142785655239114,-5.177493378179552,5.177493378179552,1,-0.9724158859401646,-8.365468052575673,64.6146659391016,64.6146659391016,64.6146659391016,-1.190268482359436,-5.5883202079263885,20,-1.1838225051831865,-5.555543188476138,21.71490508567411,-1.8623058387839304,-11.683612115259246,-2.818669645277765,-25.297505753497305,-0.3039213266141398,-1.4869041178116367,-0.6916270254370189,-0.2407237440613316
14.249999999997542,6.785722985205605,0.18927608739544116,-1.1292088574573668e-05,-1.4896363999530634e-05,11.983935246162533,-1.9443753858221748e-05,8.0,1.214277014794395,-5.194143085589082,5.194143085589082,1,-0.9732852407798,-8.355255643724334,64.60742567234071,64.60742567234071,64.60742567234071,-1.1896279493954693,-5.586486798056845,20,-1.1831973631520232,-5.553774248330821,21.66437759277238,-1.858599870054732,-11.686797071209789,-2.8100642102265936,-25.261604502444566,-0.30332260562637137,-1.4848078335448036,-0.6908816017559527,-0.2442092546530874
14.299999999997514,6.7857239661054285,0.1892766118465364,-2.9379649484990676e-06,-1.1385223893344315e-05,11.984013790883301,-3.1524852719390526e-05,8.0,1.2142760338945715,-5.210762001713442,5.210762001713442,1,-0.9738564490914441,-8.3448695894367,64.59995883174373,64.59995883174373,64.59995883174373,-1.1876885661341234,-5.584950803058791,20,-1.181279868745019,-5.552298161946221,21.61425150834431,-1.8548540874989783,-11.690021797365537,-2.8015739132889594,-25.22576735043877,-0.3027188855290149,-1.482735169090502,-0.6901476830522596,-0.24763450905930992
14.349999999997486,6.7857251457825285,0.18927711046885937,3.5685796269001156e-05,1.2118809444591066e-06,11.984055204193721,-2.9447133841069993e-05,8.0,1.2142748542174715,-5.227297230526327,5.227297230526327,1,-0.9740973888591828,-8.333956087050773,64.59232391628021,64.59232391628021,64.59232391628021,-1.1856920233290873,-5.582952321350565,20,-1.1793053319088445,-5.550361124025518,21.56452919559798,-1.8510690276669568,-11.693285777170349,-2.7931996222629993,-25.189996936703313,-0.30211023743306165,-1.4806862435244288,-0.6894254351624116,-0.25099964075098585
14.399999999997458,6.785726957885851,0.1892776508628706,3.582534975187701e-05,1.4427081078186142e-06,11.984086511177907,-1.1503000229746296e-05,8.0,1.214273042114149,-5.2438100976738875,5.2438100976738875,1,-0.9746918222074097,-8.323150137074855,64.58523388882476,64.58523388882476,64.58523388882476,-1.18501280083909,-5.580516229983986,20,-1.1786409070728,-5.547988129300504,21.5152118642074,-1.8472453487819969,-11.696588510415971,-2.7849420200457264,-25.154295442290024,-0.30149604908320876,-1.4786587858443947,-0.6887140472607617,-0.2543087740188385
14.44999999999743,6.785727276121014,0.1892779575467327,-1.5581715444429925e-05,-9.224196478606434e-06,11.984195732156394,5.386694942228931e-06,8.0,1.2142727238789863,-5.26037877259492,5.26037877259492,1,-0.9757886672549296,-8.312912825909512,64.57875207696337,64.57875207696337,64.57875207696337,-1.1846498291799767,-5.578299820268346,20,-1.1782905883986465,-5.545831066196173,21.466294999649637,-1.8433833123578192,-11.699929835964443,-2.7767989117534873,-25.118662004319635,-0.3008762210675862,-1.4766518728731126,-0.688013062505327,-0.2575633787725738
14.499999999997403,6.785729133853002,0.18927853895747804,-1.1798336752168303e-05,-1.2166766306527268e-05,11.984193968942384,1.0432747462115461e-05,8.0,1.2142708661469976,-5.276910898216327,5.276910898216327,1,-0.9763429933223169,-8.302286248003345,64.57177437313325,64.57177437313325,64.57177437313325,-1.1822465272073954,-5.576546999977583,20,-1.1759102970484758,-5.544131820940815,21.417772964866824,-1.8394828300938146,-11.703309783543393,-2.768767625312055,-25.08309453308308,-0.3002518595294699,-1.4746685226451894,-0.6873234957502806,-0.2607583827792916
14.549999999997375,6.785729192753631,0.18927893379470587,-6.602571659124911e-06,-5.473881322571254e-06,11.984326331646633,-4.8529622665761206e-06,8.0,1.2142708072463693,-5.293459496555534,5.293459496555534,1,-0.9769158419179391,-8.291986269588435,64.56481492870084,64.56481492870084,64.56481492870084,-1.180840292241412,-5.574879623457504,20,-1.174521664297654,-5.542516923172587,21.36964241201522,-1.8355440139795074,-11.706728152598652,-2.760848983065503,-25.04759077901862,-0.299622466998121,-1.4727072436117972,-0.6866447915778536,-0.2638966666611734
14.599999999997348,6.78573086891175,0.1892795986934303,-1.616185993070965e-05,-1.5851369227969977e-05,11.984317246773719,-2.057655632672533e-05,8.0,1.2142691310882503,-5.310024879307241,5.310024879307241,1,-0.97762061362757,-8.28177462161876,64.55811108482958,64.55811108482958,64.55811108482958,-1.179765893694155,-5.573055711612411,20,-1.1734627676857312,-5.540744683725175,21.32190355261643,-1.8315671965644278,-11.710184475711683,-2.7530426546156788,-25.012152286007886,-0.29898789205076565,-1.4707673842894506,-0.6859768876681338,-0.2669793693889426
14.64999999999732,6.785732494824132,0.18928013173357636,5.408022802378434e-06,-6.086803485890204e-06,11.984363887855118,5.63398426628448e-06,8.0,1.2142675051758678,-5.326487612569062,5.326487612569062,1,-0.9779458257470395,-8.270701464424501,64.55126416369237,64.55126416369237,64.55126416369237,-1.177807199023452,-5.570457758001418,20,-1.1715239063025595,-5.538200713056043,21.274560158522558,-1.827553162773289,-11.713678037599482,-2.7453487292340566,-24.97678313933399,-0.29834865017224554,-1.4688501615565783,-0.6853199580887392,-0.27000464829699433
14.699999999997292,6.785732635239557,0.18928044412161169,1.359226314563361e-05,2.5352958773030827e-06,11.984479616594456,5.6228089135521115e-06,8.0,1.2142673647604427,-5.342964766005814,5.342964766005814,1,-0.9784490333183289,-8.260085109266837,64.54459568637941,64.54459568637941,64.54459568637941,-1.176671024752567,-5.568441832873702,20,-1.1704031210565486,-5.536234683093284,21.227605382499366,-1.8235018208269216,-11.717209198246467,-2.7377665351676836,-24.941479523545453,-0.29770436885579515,-1.4669542455887103,-0.6846736587511864,-0.27297500645622363
14.749999999997264,6.785735140363978,0.18928112942508002,6.6919414926645266e-06,-7.859546765463155e-06,11.984447524928447,1.0414132263244213e-05,8.0,1.214264859636022,-5.359449685697854,5.359449685697854,1,-0.9790794705004879,-8.249465962100317,64.53819848157129,64.53819848157129,64.53819848157129,-1.1755967741607287,-5.566153573690037,20,-1.1693435657150375,-5.533996068196802,21.18103985519047,-1.8194136866802249,-11.720777275771152,-2.730295394860581,-24.906243774131482,-0.29705504862037274,-1.4650793404236413,-0.6840379270520475,-0.27589095284904935
14.799999999997237,6.785736222135416,0.1892815136840871,-2.1507151586855304e-05,-1.1076146724457735e-05,11.984550427879704,3.548021021272544e-05,8.0,1.2142637778645842,-5.37593619980255,5.37593619980255,1,-0.9798780198725434,-8.238829758337781,64.53212969288259,64.53212969288259,64.53212969288259,-1.174676954065316,-5.56354860693565,20,-1.1684372609389058,-5.531440519794784,21.13486335646106,-1.8152892448125524,-11.724381852132254,-2.722934723484069,-24.871077098526893,-0.29640064368736024,-1.4632249760353815,-0.6834123503595435,-0.27875330667827186
14.849999999997209,6.785737306532255,0.18928205788010286,3.674243023790517e-05,4.395039880662127e-06,11.984635315644947,-2.095196820115034e-05,8.0,1.2142626934677452,-5.392442337606356,5.392442337606356,1,-0.9799690466167661,-8.228500778145937,64.52507788561924,64.52507788561924,64.52507788561924,-1.171634961798288,-5.562773294790306,20,-1.165419682136375,-5.530702000365308,21.089059721476353,-1.811127368156832,-11.728024032838807,-2.715680979572589,-24.835968842442313,-0.29574239028984867,-1.4613942281632244,-0.6827980637649379,-0.28155737403734354
14.899999999997181,6.7857380235868225,0.18928249299813607,1.0565166607517179e-05,-3.7735313393432256e-07,11.984701358676814,-5.2239063257856655e-06,8.0,1.2142619764131775,-5.4089481818146155,5.4089481818146155,1,-0.9807507807596045,-8.21793414197662,64.519139102748,64.519139102748,64.519139102748,-1.1719036685272155,-5.559650676172202,20,-1.165695242432851,-5.527629749155084,21.04364657114466,-1.8069298908512206,-11.731701606483416,-2.708539123534619,-24.80093216015812,-0.29507840192636053,-1.4595823751359547,-0.6821936678401708,-0.2843108501791177
14.949999999997154,6.785739573845869,0.18928316977857623,3.053591955858967e-05,-2.091997278290319e-06,11.984724321860117,-4.200524032752871e-05,8.0,1.214260426154131,-5.425476810662086,5.425476810662086,1,-0.981167249091069,-8.20762855314656,64.51269863211147,64.51269863211147,64.51269863211147,-1.169680238901974,-5.5583861887314345,20,-1.1634912871326004,-5.526401582220247,20.998606669142436,-1.8026957406730384,-11.735416003937438,-2.701503856793738,-24.765956390600447,-0.2944101761807892,-1.4577926011628253,-0.6815999560283899,-0.28700870698468833
14.999999999997126,6.785740512753809,0.189283572868204,8.262958873751501e-06,-1.420197005098662e-06,11.98479477755378,4.825792211973017e-06,8.0,1.2142594872461911,-5.441937185737284,5.441937185737284,1,-0.981848820044851,-8.19654083727041,64.5069587950064,64.5069587950064,64.5069587950064,-1.1691729775010145,-5.554901369336471,20,-1.1629942768214256,-5.52296511294372,20.9539560749404,-1.7984267493769772,-11.739165216743432,-2.694578755519017,-24.73105435757438,-0.29373672932201594,-1.4560224702231823,-0.6810161681839683,-0.2896549154718746
15.049999999997098,6.785741254579999,0.18928398434097424,2.7417756683532517e-06,-1.1043097192486213e-06,11.984861427027331,1.0801669534108248e-05,8.0,1.2142587454200013,-5.4584118798950465,5.4584118798950465,1,-0.9824347359122658,-8.185793747684285,64.50105141110133,64.50105141110133,64.50105141110133,-1.1675258687601744,-5.552889903404095,20,-1.1613631182610635,-5.520991359072545,20.909681143406907,-1.7941221547474389,-11.74295049394792,-2.6877601542597342,-24.696217746962564,-0.29305881374326476,-1.4542732799876956,-0.6804426474984663,-0.2922475992032858
15.09999999999707,6.785743381364623,0.18928473693152562,4.509492480431334e-05,1.9917920162755106e-06,11.984871644240798,-3.281763988290783e-05,8.0,1.2142566186353774,-5.474908530462132,5.474908530462132,1,-0.9826390905895415,-8.175254184800973,64.49462818291305,64.49462818291305,64.49462818291305,-1.1652409409765252,-5.551480490986502,20,-1.1590972731255573,-5.519615099050578,20.865775328606208,-1.7897817330508015,-11.746771704785012,-2.681047209925325,-24.66144252884727,-0.29237682413926097,-1.4525459649210752,-0.6798797170174241,-0.2947855859716599
15.149999999997043,6.785744475704118,0.18928513747288142,1.756315280251279e-06,-5.1572664573489745e-06,11.984959521048618,5.236059738354222e-06,8.0,1.214255524295882,-5.491399369009848,5.491399369009848,1,-0.9835240236404259,-8.164365509633981,64.48933778350134,64.48933778350134,64.48933778350134,-1.1655727081084437,-5.54790510533784,20,-1.1594342001068167,-5.516084600644039,20.82225381697511,-1.7854073052814199,-11.750626868393208,-2.6744433762548225,-24.62674101605195,-0.2916892213603582,-1.4508368598738766,-0.6793262205052475,-0.29727454416577626
15.199999999997015,6.785745637321155,0.18928566955227,8.774250502164101e-06,-8.449602410514079e-06,11.985017267612122,-2.9418628137669173e-05,8.0,1.2142543626788447,-5.507941025659916,5.507941025659916,1,-0.9840411482319757,-8.153987827084617,64.48344981239663,64.48344981239663,64.48344981239663,-1.1632991271212925,-5.546643752213339,20,-1.1571789631398302,-5.514851704580367,20.779097142321827,-1.7809973760728837,-11.75451786668847,-2.6679429916936024,-24.592100420534976,-0.29099763111102966,-1.4491491221400963,-0.6787830295182932,-0.2997097091304314
15.249999999996987,6.785746349727027,0.1892860630061123,-2.8741767122896213e-05,-1.4721214172019536e-05,11.985082137140061,7.897770424887353e-06,8.0,1.2142536502729726,-5.524451152463487,5.524451152463487,1,-0.9848571418037544,-8.142980614913418,64.47825910574565,64.47825910574565,64.47825910574565,-1.1628723858509538,-5.543257206797973,20,-1.1567606950196763,-5.511505113517016,20.736320215454036,-1.7765537262388489,-11.758442581443733,-2.661549507123386,-24.557532851480207,-0.29030093444832666,-1.4474803139922936,-0.6782494441578865,-0.3020948526215816
15.29999999999696,6.785748073275887,0.1892867500279656,-1.694990199077686e-05,-1.9654712334863166e-05,11.985107780313,-2.9390869925398164e-05,8.0,1.2142519267241134,-5.541003771224858,5.541003771224858,1,-0.9853226931186889,-8.132498844656382,64.47248215653325,64.47248215653325,64.47248215653325,-1.1606209951342772,-5.541984534365864,20,-1.1545270134899583,-5.510258014743681,20.69390505573567,-1.7720749485268308,-11.762402757584443,-2.655258733031097,-24.523025788954072,-0.2896003052973017,-1.445832629718551,-0.6777260246465348,-0.3044268871171427
15.349999999996932,6.78574828711635,0.1892870585279083,-2.003846157213245e-05,-8.644570107410666e-06,11.985218782754409,1.1408151836933466e-05,8.0,1.2142517128836499,-5.557477244360226,5.557477244360226,1,-0.9858029234957018,-8.121057317628425,64.46710564635605,64.46710564635605,64.46710564635605,-1.1596009196579584,-5.538434112831387,20,-1.1535180351799392,-5.506745622158261,20.651867358940834,-1.7675630180657684,-11.76639608483223,-2.6490741435528538,-24.48859232587577,-0.2888949871311538,-1.4442045425727226,-0.677212353586049,-0.30670824100088584
15.399999999996904,6.785749812732351,0.1892876121236478,-2.5593695466527277e-06,-6.092790284268007e-06,11.985234924970985,1.1563788467702362e-05,8.0,1.2142501872676492,-5.57395233432669,5.57395233432669,1,-0.986155261236348,-8.10985273832412,64.46153387994609,64.46153387994609,64.46153387994609,-1.157868963066018,-5.5361962077022735,20,-1.1518007308965712,-5.504536782150092,20.610195810817267,-1.7630171855023953,-11.770423776275756,-2.642993262091526,-24.454225063993697,-0.28818549980724356,-1.442596798074208,-0.6767086969777881,-0.3089380702949208
15.449999999996876,6.785750958034803,0.18928820795262924,1.9153539471865005e-05,-1.1041398224364608e-06,11.985315873256237,-2.02333219863831e-05,8.0,1.2142490419651972,-5.590480330741895,5.590480330741895,1,-0.9865187928487582,-8.09905702655887,64.45591070209416,64.45591070209416,64.45591070209416,-1.156438534814466,-5.534172469006213,20,-1.1503831951956465,-5.502540058018605,20.56888650856087,-1.7584375579227736,-11.774485411505102,-2.6370158255461247,-24.419921980031276,-0.2874716841589688,-1.4410089841457454,-0.6762148332494711,-0.31111718700318
15.499999999996849,6.7857525204736735,0.18928872526491516,-1.617143659682023e-05,-1.4718515785489872e-05,11.985332448836049,5.193360598783783e-06,8.0,1.2142474795263265,-5.6070176024957705,5.6070176024957705,1,-0.9873167747739002,-8.087888540563103,64.45108779899502,64.45108779899502,64.45108779899502,-1.1562430608258434,-5.530770134528791,20,-1.1501938543274663,-5.499171120165802,20.527948740580868,-1.753825416907195,-11.778579601299217,-2.6311430199815717,-24.38569174650809,-0.2867527791228265,-1.4394393748382823,-0.675730313092451,-0.31324801504031446
15.549999999996821,6.785752893796893,0.18928906804720982,-1.665922600006416e-05,-6.454341129415795e-06,11.985441558302004,2.681962254150367e-05,8.0,1.214247106203107,-5.623528978166696,5.623528978166696,1,-0.9877954663939852,-8.07645979104046,64.44596632653055,64.44596632653055,64.44596632653055,-1.1542898761639035,-5.528042837728324,20,-1.1482555773936611,-5.4964708109489875,20.48737557292675,-1.7491804595691145,-11.78270700887918,-2.6253720900028172,-24.351530596178026,-0.28602994310388247,-1.4378898846676569,-0.6752554642068855,-0.3153279421990419
15.599999999996793,6.785755185255666,0.1892897901710707,4.482450215630282e-05,4.766960020510221e-06,11.98544272118498,-6.177267385075167e-06,8.0,1.214244814744334,-5.640034411815046,5.640034411815046,1,-0.9877855114666432,-8.06512879313302,64.44018611353265,64.44018611353265,64.44018611353265,-1.151738338403441,-5.526183012552175,20,-1.1457219886056242,-5.4946324354283265,20.44715966657874,-1.7445021516115606,-11.78686806585919,-2.619702599349129,-24.317433151290576,-0.2853035865607364,-1.436361397516676,-0.6747907413748082,-0.31735608526893555
15.649999999996766,6.785755535291739,0.18929017071101145,1.9918177887837667e-05,2.878429513196537e-06,11.985573231022961,-1.130203751710261e-06,8.0,1.214244464708261,-5.656601561203668,5.656601561203668,1,-0.9885175751961799,-8.054023222674093,64.43543235673638,64.43543235673638,64.43543235673638,-1.1520705228209505,-5.5228930955957685,20,-1.146057029574569,-5.491372030315413,20.40730917086514,-1.7397918946479274,-11.791061110019847,-2.6141371848728463,-24.283406709976113,-0.2845718904703608,-1.434850372152011,-0.6743350765306095,-0.319337479920727
15.699999999996738,6.785756908568865,0.1892907745117486,3.361403464484401e-07,-8.73485566437568e-06,11.98560336923401,-1.99719449919592e-05,8.0,1.2142430914311353,-5.67323103185504,5.67323103185504,1,-0.9892270726075358,-8.0431255695569,64.43065237978287,64.43065237978287,64.43065237978287,-1.1506993231766278,-5.520669143819236,20,-1.1446970136931227,-5.489168432370916,20.36781585833352,-1.73504903512984,-11.795286972129798,-2.6086719814659998,-24.24944671331342,-0.28383598740633376,-1.4333584495237472,-0.6738888838329657,-0.32126976748117375
15.74999999999671,6.785757577488764,0.18929120889077403,1.508933514478527e-05,7.170151358491489e-07,11.985672967794425,2.565154082337078e-06,8.0,1.2142424225112363,-5.68978685487188,5.68978685487188,1,-0.9895552475468248,-8.031319149368503,64.42569209753323,64.42569209753323,64.42569209753323,-1.1487580726022575,-5.517464904564146,20,-1.1427696259383346,-5.485988563388701,20.328684969510608,-1.730274501182115,-11.799544637627088,-2.603307786617519,-24.215558279099152,-0.28309624691473906,-1.4318863185319148,-0.6734522405234953,-0.3231521718561701
15.799999999996682,6.78575829656744,0.18929183582351075,5.891235207415097e-05,1.1675458016160378e-05,11.985755914499157,-5.082819583213391e-05,8.0,1.2142417034325597,-5.706399397174281,5.706399397174281,1,-0.9897389129422776,-8.020253250051463,64.42033732971797,64.42033732971797,64.42033732971797,-1.1468531957338925,-5.51584382810414,20,-1.1408784153211546,-5.484382348870264,20.28990395004855,-1.7254671420028118,-11.803835426224328,-2.5980435052149926,-24.181731401549786,-0.28235270382160893,-1.4304339876718484,-0.6730252542395722,-0.3249850434673575
15.849999999996655,6.7857596230515105,0.1892922373435394,-2.6441682052034066e-05,-8.331021005790061e-06,11.985766614949279,4.356446757306684e-05,8.0,1.2142403769484895,-5.722976905338216,5.722976905338216,1,-0.9908690271277074,-8.008079532128717,64.41673908312612,64.41673908312612,64.41673908312612,-1.1480889135528816,-5.510601316761119,20,-1.1421112317769018,-5.479174572558009,20.251496860352404,-1.7206303028148582,-11.808155774213086,-2.5928828949062064,-24.147987946478434,-0.281603302600892,-1.4289976280126686,-0.6726068942700414,-0.3267733073803925
15.899999999996627,6.785760847653656,0.1892929977246559,5.8058825227127096e-05,5.4749383024193644e-06,11.98583984355633,-6.251432780856617e-05,8.0,1.2142391523463436,-5.7396443222541675,5.7396443222541675,1,-0.9907596088008188,-7.997289968981918,64.4109990020198,64.4109990020198,64.4109990020198,-1.143504269832681,-5.510813688937627,20,-1.137553466934573,-5.47938712912191,20.213423762322524,-1.7157596154083472,-11.812510634105418,-2.5878167953417917,-24.1142962762899,-0.28085198182599713,-1.427583548268406,-0.6721984967480598,-0.3285090928244613
15.9499999999966,6.7857624092920705,0.18929342209881453,1.0517851372966407e-05,3.6227433058950757e-07,11.98587543132001,2.57698580090665e-05,8.0,1.2142375907079295,-5.756224278799026,5.756224278799026,1,-0.9915511227223849,-7.984765397302027,64.40715149066797,64.40715149066797,64.40715149066797,-1.1447539017020165,-5.5051261703942105,20,-1.138799757020214,-5.473734896738375,20.175724677328414,-1.7108601818786884,-11.81689397755001,-2.582854982937732,-24.08068990067924,-0.28009479470533216,-1.426185576925261,-0.6717988476376879,-0.33020032902109964
15.999999999996572,6.785763816458599,0.18929404003327902,1.8875695524059978e-05,-6.886035457172483e-06,11.985946209634276,-3.172928393525521e-05,8.0,1.2142361835414013,-5.772932365858938,5.772932365858938,1,-0.9920574116305567,-7.973769708671701,64.40245771692847,64.40245771692847,64.40245771692847,-1.1423931342627882,-5.5040934948964315,20,-1.136453992886961,-5.472707671284721,20.138365842283434,-1.705928332584789,-11.82131048299123,-2.577989064977391,-24.047142462451177,-0.27933428768702373,-1.4248071356556833,-0.6714084507930096,-0.33184290986015563
16.049999999996633,6.78576409564765,0.18929438390933725,-2.588113104505831e-05,-1.1501436293423156e-05,11.986053910210986,3.6373277233242e-06,8.0,1.2142359043523498,-5.78963455088328,5.78963455088328,1,-0.9928956245905408,-7.961884502187541,64.39858857262557,64.39858857262557,64.39858857262557,-1.1421707082642116,-5.500006157809488,20,-1.1362352183682936,-5.468642683212811,20.10136714807094,-1.7009668550996078,-11.825756568461978,-2.5732229420720447,-24.01367182439598,-0.27856897307328965,-1.4234459875882326,-0.6710268874102676,-0.3334395558841369
16.099999999996694,6.7857642977279395,0.18929485095235057,4.08777979560175e-06,-9.470042904301052e-08,11.986128576010314,-1.1717163883662332e-05,8.0,1.2142357022720605,-5.806324778545107,5.806324778545107,1,-0.9931373163303479,-7.949999812125904,64.39392614353615,64.39392614353615,64.39392614353615,-1.1394558892259194,-5.497756053824615,20,-1.133536675936236,-5.466402114236191,20.064715298101376,-1.695974283757477,-11.830234215384033,-2.5685532321437914,-23.980267690419826,-0.2778005957696497,-1.4221046565741158,-0.6706547285394526,-0.3349873982452905
16.149999999996755,6.7857656199870995,0.18929548278487937,8.305519029114768e-06,-3.012356851819722e-07,11.986142270094923,2.2677088694972822e-06,8.0,1.2142343800129005,-5.8230033979551985,5.8230033979551985,1,-0.9935670086078743,-7.937777527084186,64.38968846664272,64.38968846664272,64.38968846664272,-1.1386447807099074,-5.494220764156623,20,-1.1327319815261148,-5.462883885960487,20.02841720864202,-1.690951938737264,-11.834741858454658,-2.5639826056938047,-23.94693655860902,-0.2770278723643318,-1.420781258079578,-0.6702915981934652,-0.3364889328321493
16.199999999996816,6.785766286307762,0.18929603027801367,4.057144731063047e-06,-2.105528497025904e-06,11.986215564664546,-5.127002271178332e-06,8.0,1.2142337136922379,-5.839734586329924,5.839734586329924,1,-0.9941049348533058,-7.925879705923846,64.38555034250439,64.38555034250439,64.38555034250439,-1.1375155970495434,-5.491336905770858,20,-1.1316106260698533,-5.46001192524291,19.992466714062097,-1.6858995394646563,-11.839279941573311,-2.5595092889719204,-23.913674731065022,-0.2762510756339925,-1.4194758943816714,-0.6699373416700245,-0.33794419491469163
16.249999999996877,6.785767342653587,0.18929662291830054,-2.005646127439238e-05,-1.136859585748511e-05,11.98625930056957,-3.0858428144835654e-06,8.0,1.2142326573464128,-5.8565112568816735,5.8565112568816735,1,-0.9948005009940254,-7.91392821240805,64.38171349135315,64.38171349135315,64.38171349135315,-1.136635131633726,-5.48812342110966,20,-1.1307364124424844,-5.456810798803578,19.956865159861575,-1.6808175704384187,-11.843847854089926,-2.55513293214898,-23.880484689645137,-0.275470048715906,-1.4181881741059266,-0.6695918935366779,-0.3393536708343301
16.29999999999694,6.785768921623112,0.18929729023192285,-1.0858670294483296e-05,-1.4499864959242713e-05,11.986283874941233,-1.3318525854333897e-05,8.0,1.214231078376888,-5.873294316822998,5.873294316822998,1,-0.9952157020292955,-7.901803125204752,64.37758972253579,64.37758972253579,64.37758972253579,-1.1347253524082963,-5.485289072874538,20,-1.128837924996296,-5.453984917887249,19.921608845030175,-1.6757058363421364,-11.848445826032979,-2.5508523621433303,-23.84736420798772,-0.274685526891314,-1.4169190626381982,-0.6692553983393097,-0.34071639424390426
16.349999999997,6.785770527585727,0.18929787194004277,3.968863908434345e-05,3.325686761972033e-06,11.986343081065396,-1.0183217900870355e-05,8.0,1.2142294724142726,-5.89001600936812,5.89001600936812,1,-0.9952510067542352,-7.889083021701304,64.37315993789711,64.37315993789711,64.37315993789711,-1.1326076849780156,-5.481937034257766,20,-1.1267325235552197,-5.450643644299341,19.88669974285335,-1.6705649604910435,-11.85307319780576,-2.546668510392064,-23.814315746159224,-0.2738976733784683,-1.4156688903352501,-0.66892799013055,-0.3420322418583342
16.39999999999706,6.785771254234245,0.18929825896674288,4.8675777468273616e-05,1.3696397623843501e-05,11.98645870193041,3.4561804832307263e-06,8.0,1.2142287457657552,-5.906761530792948,5.906761530792948,1,-0.9956438195163345,-7.876461856066091,64.36924664950578,64.36924664950578,64.36924664950578,-1.1320715252442934,-5.478198078127664,20,-1.1262004494909161,-5.446917544734194,19.852138902061135,-1.6653955676481256,-11.857729492954427,-2.5425822489873426,-23.78134136725615,-0.27310543041078217,-1.4144360409582672,-0.6686093748564367,-0.34330321233233235
16.44999999999712,6.7857730837311685,0.18929882534340356,2.8825397043363877e-05,3.988713476763458e-06,11.986490193731342,9.088992085408826e-06,8.0,1.2142269162688315,-5.923577246554297,5.923577246554297,1,-0.9962971925454085,-7.864056386847523,64.36569222677123,64.36569222677123,64.36569222677123,-1.1313364611580414,-5.474772690961559,20,-1.1254701914291585,-5.443501599561931,19.817923295786684,-1.6601976895703872,-11.862414732532496,-2.5385916903128605,-23.748440416901683,-0.2723089830068809,-1.4132204076220507,-0.6682994534106185,-0.344529480990184
16.499999999997183,6.785773661149177,0.18929931416961437,9.628451287907207e-06,-1.900104861146438e-06,11.986604719850746,-1.2937540877222091e-05,8.0,1.214226338850823,-5.94048554600829,5.94048554600829,1,-0.9969805366321924,-7.852035761072767,64.3621163366746,64.3621163366746,64.3621163366746,-1.130063886843641,-5.471953509980947,20,-1.1242048608210806,-5.440686569244752,19.78404763075061,-1.6549709244168935,-11.867129201662795,-2.5346952771207523,-23.715609219702465,-0.2715087282962988,-1.4120223349600183,-0.6679981070767396,-0.34571075487475145
16.549999999997244,6.785774239123451,0.18929982693938185,-2.1635778913869505e-05,-1.2770041942326627e-05,11.986662371700229,-1.2450028150278376e-05,8.0,1.2142257608765492,-5.957429971664524,5.957429971664524,1,-0.9977290205179357,-7.839690519980497,64.35880110997074,64.35880110997074,64.35880110997074,-1.1290627577882202,-5.468520869539595,20,-1.1232092589213718,-5.437260001899097,19.750515456925694,-1.649715890469868,-11.871872131425262,-2.5308932700880984,-23.6828516876952,-0.27070446321855696,-1.4108415153486933,-0.6677053652639403,-0.346847337540162
16.599999999997305,6.785776314014136,0.18930059541463,3.998662729839293e-05,7.254467116460771e-07,11.986668068925551,-2.8223947672486665e-05,8.0,1.2142236859858642,-5.9743022819129195,5.9743022819129195,1,-0.997694701729409,-7.826739001119664,64.35460855426182,64.35460855426182,64.35460855426182,-1.1259819095130121,-5.465607930197677,20,-1.1201444720112272,-5.434348583221389,19.717322305382375,-1.6444322128936137,-11.87664401606168,-2.527184702976845,-23.650164467517495,-0.26989770369889343,-1.40967995075258,-0.667421588297253,-0.3479374724999642
16.649999999997366,6.785778421731236,0.18930112403623459,2.020452055914256e-06,-1.0213756974813498e-05,11.986710257106479,2.0314737858113502e-05,8.0,1.2142215782687638,-5.991186277519574,5.991186277519574,1,-0.9984357778951408,-7.8135212647620325,64.35165012264667,64.35165012264667,64.35165012264667,-1.126603108643643,-5.460838904438252,20,-1.1207627103118432,-5.429592405099997,19.684477487828328,-1.6391218739720208,-11.88144294287133,-2.523572841637031,-23.617557009200457,-0.2690858124436663,-1.4085342708963393,-0.6671461330362672,-0.348984640538388
16.699999999997427,6.785778168614915,0.18930139316342592,-1.580608610737769e-05,-7.909398932718167e-06,11.986884677909458,1.1652012209385483e-05,8.0,1.2142218313850854,-6.008159468580068,6.008159468580068,1,-0.9990826780669064,-7.800966182636497,64.34839504033471,64.34839504033471,64.34839504033471,-1.1249561573804627,-5.457927450423911,20,-1.1191241533047456,-5.426680865321375,19.65196867303751,-1.6337835204282247,-11.88627057145301,-2.5200531753740494,-23.585020446771388,-0.2682705129132301,-1.4074060883247412,-0.6668790984250884,-0.34998749456564154
16.74999999999749,6.785778810799233,0.18930197414212477,-9.002612256030583e-06,-3.999547383485434e-06,11.986959241344582,9.849421350969564e-06,8.0,1.2142211892007673,-6.02514126254047,6.02514126254047,1,-0.9995027895885209,-7.787996023270164,64.34500787533004,64.34500787533004,64.34500787533004,-1.123208063055377,-5.454409648990324,20,-1.1173847276854176,-5.423165395652783,19.6197994173663,-1.628417809414399,-11.891125876792028,-2.5166263912062172,-23.552558731505894,-0.2674518618191117,-1.4062955968039104,-0.6666207576737841,-0.350945880278112
16.79999999999755,6.785780242906018,0.18930373579132065,-2.1138659985673536e-06,-1.187014407880729e-05,11.987275615238854,-1.3214493636599778e-05,8.0,1.214219757093982,-6.042179398765994,6.042179398765994,1,-0.9999567740651665,-7.775386941401954,64.34159639179893,64.34159639179893,64.34159639179893,-1.1219144183448546,-5.451243088029783,20,-1.1160972847093658,-5.4199983232490885,19.58796596858404,-1.6230245179587515,-11.896009105370583,-2.513292616842254,-23.520168758134954,-0.26662954915630654,-1.4052024021414036,-0.6663709399422781,-0.35186033852518395
16.84999999999761,6.785779516536813,0.18930484187052177,-2.019587192267167e-05,4.916129273222777e-06,11.98770110210385,7.838182998967563e-05,8.0,1.214220483463187,-6.0591180294310325,6.0591180294310325,1,-1.0004657665973693,-7.761276634166752,64.33879034486914,64.33879034486914,64.33879034486914,-1.1211262909409592,-5.445593022443796,20,-1.1153124985034142,-5.414360840449555,19.556483191820774,-1.6176062618935414,-11.900917718556801,-2.5100530117501187,-23.487866667504573,-0.2658032114101295,-1.4041259823961625,-0.6661298259253575,-0.352731325825603
16.89999999999767,6.785780511736763,0.1893064824953246,-3.375791783926468e-05,-1.3214324415288923e-05,11.988046191848834,2.5792841449346283e-05,8.0,1.214219488263237,-6.076238868307961,6.076238868307961,1,-1.0011340347901283,-7.749047418733738,64.33565736741245,64.33565736741245,64.33565736741245,-1.1197449922419205,-5.443569724356395,20,-1.113937582982271,-5.412328360288948,19.52532926469391,-1.6121597879970258,-11.905855488781246,-2.5069042046122116,-23.455632224008294,-0.26497338731051373,-1.4030666085522516,-0.6658974792489938,-0.35355897033147354
16.949999999997733,6.785781041111794,0.18930814896737436,3.548073652266698e-05,1.3472115824133732e-05,11.988450103405665,2.2165798148080948e-05,8.0,1.214218958888206,-6.093275762853925,6.093275762853925,1,-1.0010331389202682,-7.735485421421439,64.33190209212596,64.33190209212596,64.33190209212596,-1.116833240898895,-5.4395863389111625,20,-1.1110397198671993,-5.408345728132275,19.494514163850035,-1.6066871653150485,-11.91081946095262,-2.5038471746413573,-23.423476587924654,-0.2641411643395809,-1.402025752237862,-0.6656741419979629,-0.3543420595100564
16.999999999997794,6.785781730138318,0.18930966473757038,1.1760205795754042e-05,2.274048795425367e-06,11.98881019936016,2.652169575910796e-05,8.0,1.2142182698616821,-6.110398814778125,6.110398814778125,1,-1.0017088814816368,-7.7223373857691024,64.32917325449766,64.32917325449766,64.32917325449766,-1.117297383974464,-5.435400321796112,20,-1.1115004085274944,-5.404161822506377,19.464038083616305,-1.6011886574217369,-11.915809764431442,-2.500883947794524,-23.39139977540324,-0.26330405379487376,-1.4010006522118192,-0.665459518251561,-0.3550829064013165
17.049999999997855,6.785782237929414,0.18931121311646001,4.621632350209625e-05,1.9211810661150085e-05,11.989216994978975,3.9340818276737045e-05,8.0,1.2142177620705858,-6.127488052663293,6.127488052663293,1,-1.0018835864643831,-7.708590593648131,64.32596592331127,64.32596592331127,64.32596592331127,-1.1148745859241536,-5.431391802943793,20,-1.1090886611255253,-5.400152076535221,19.433898684269142,-1.595664457844032,-11.920826249466336,-2.4980114339787116,-23.359402335590705,-0.2624642724610318,-1.3999933387888701,-0.6652536562845093,-0.3557802059619649
17.099999999997916,6.7857827717385355,0.18931275979580328,4.720386184078048e-05,2.1445550958136934e-05,11.98962174583432,3.970945145415103e-05,8.0,1.2142172282614645,-6.14464079638958,6.14464079638958,1,-1.0023577160895112,-7.695154330814415,64.32313540561431,64.32313540561431,64.32313540561431,-1.1141904885424863,-5.427402227913339,20,-1.1084066306821838,-5.396161084941758,19.40409485256373,-1.5901146753507889,-11.925868877159647,-2.495230820773128,-23.32748347062266,-0.26162053122514695,-1.39900249294036,-0.6650564985523103,-0.35643505037578327
17.149999999997977,6.785782363841085,0.18931421357531666,1.3263365298051592e-05,1.333741965002927e-05,11.990058435278122,4.404332899639515e-05,8.0,1.2142176361589154,-6.161883372238083,6.161883372238083,1,-1.0031138863227178,-7.681846674341826,64.32072950119367,64.32072950119367,64.32072950119367,-1.1135867241062014,-5.423321274416468,20,-1.1078042080284578,-5.392077778854622,19.374625992191458,-1.5845396654801096,-11.930937211632857,-2.492540832421494,-23.295644454415328,-0.2607727936777839,-1.398027800061324,-0.6648678541257564,-0.3570477577023263
17.199999999998038,6.785783545358211,0.18931591006823215,-8.920356904253214e-06,-3.861463222293385e-06,11.9903982054631,3.052744863222665e-05,8.0,1.2142164546417886,-6.179192870514404,6.179192870514404,1,-1.0037879967465808,-7.668573348616196,64.31826006201233,64.31826006201233,64.31826006201233,-1.1121079601192863,-5.4197585341543775,20,-1.1063309808577884,-5.3885078098359696,19.3454887911943,-1.5789390197499367,-11.936031640014798,-2.48994004206301,-23.263882929100543,-0.2599217417340428,-1.3970697837346469,-0.6646877377489729,-0.3576180845795767
17.2499999999981,6.785783588604553,0.18931753803542098,-1.1660223361627967e-05,5.750257512646651e-07,11.990854040804303,4.000244986031881e-05,8.0,1.214216411395447,-6.196494132721509,6.196494132721509,1,-1.0042693170176624,-7.654806507644706,64.31572134175462,64.31572134175462,64.31572134175462,-1.1104683552162806,-5.415571363891881,20,-1.1046975327535606,-5.384315835432132,19.31668520423481,-1.5733134632305,-11.941151365463803,-2.4874288352255314,-23.232201717460825,-0.259067501128975,-1.3961285961220582,-0.6645160753887946,-0.3581460436620435
17.29999999999816,6.785783367249279,0.1893190850710188,3.728859940970839e-05,2.4399324260799748e-05,11.991288415364163,4.81970102072531e-05,8.0,1.2142166327507207,-6.213739680649054,6.213739680649054,1,-1.0043287926899058,-7.640568422628368,64.31276525423279,64.31276525423279,64.31276525423279,-1.1081446075149302,-5.4114234984902785,20,-1.1023834279880638,-5.380162281999747,19.288214575440946,-1.5676631226792024,-11.94629643424913,-2.485007358890316,-23.200600976042836,-0.25821063471274086,-1.3952048357115328,-0.6643531497089672,-0.35863149341104467
17.34999999999822,6.785784860336494,0.18932100966109447,4.70277889563963e-05,1.298361575044864e-05,11.991646553380557,8.316928131809909e-06,8.0,1.214215139663506,-6.231098013885896,6.231098013885896,1,-1.0047755387907547,-7.627142352754878,64.31015835809005,64.31015835809005,64.31015835809005,-1.1075473841560466,-5.407909071085566,20,-1.1017869395090776,-5.376638758297826,19.260071873253104,-1.5619876057888722,-11.95146718468662,-2.482676188898355,-23.16907633607718,-0.2573498431915129,-1.394297256622849,-0.6641988417445092,-0.35907529694838786
17.399999999998283,6.785785937912983,0.18932256477958032,-2.7092488602676633e-05,-9.826250587369757e-06,11.99204663658205,5.562837499493091e-05,8.0,1.2142140620870174,-6.248508661944082,6.248508661944082,1,-1.0057874207034847,-7.612969296475877,64.30867424809094,64.30867424809094,64.30867424809094,-1.1079136527591469,-5.402435862650808,20,-1.1021485401357096,-5.371166189907054,19.23226586089527,-1.5562892204222376,-11.956661139285023,-2.480434714941439,-23.13763964643946,-0.25648437956378706,-1.393404832258796,-0.6640527454198428,-0.35947801714764144
17.449999999998344,6.785785129908145,0.18932414796325228,-2.4246238446246568e-05,-1.442847094305744e-06,11.992589471349376,3.781793652562362e-05,8.0,1.2142148700918547,-6.265965323575772,6.265965323575772,1,-1.0062536781719151,-7.599207216882508,64.30632317313386,64.30632317313386,64.30632317313386,-1.1051735126631383,-5.399154892380999,20,-1.099419542841961,-5.367870731812808,19.20478485628548,-1.55056586486626,-11.96188083658264,-2.478279520232206,-23.10627974990056,-0.2556167383269063,-1.3925294908501114,-0.6639149059803869,-0.35983913918447424
17.499999999998405,6.785785331904113,0.1893258920600323,3.1411668113430505e-06,1.7484516181216501e-06,11.992993172863793,1.2425454012824588e-05,8.0,1.2142146680958872,-6.283435631787209,6.283435631787209,1,-1.0065275785146763,-7.58520329572641,64.30382938346898,64.30382938346898,64.30382938346898,-1.103380818341039,-5.395258262993793,20,-1.0976330081236099,-5.363963126158997,19.17763189614223,-1.5448182105612478,-11.96712518672037,-2.4762126812716674,-23.074999702962135,-0.25474615156419755,-1.3916708929608446,-0.6637857028222114,-0.36015870861896654
17.549999999998466,6.785785962628212,0.18932775379696862,2.164483846147033e-05,7.662668001704304e-06,11.9934127116164,1.6743861381813895e-05,8.0,1.2142140373717876,-6.300896177096405,6.300896177096405,1,-1.0068366036064014,-7.570729373534599,64.30158533428093,64.30158533428093,64.30158533428093,-1.1022184874241188,-5.39056533936242,20,-1.0964734593740686,-5.35926328240664,19.15080896989615,-1.539047292974718,-11.972393181879388,-2.4742347759379597,-23.043803048727078,-0.25387214313512185,-1.3908286059383161,-0.6636649447896301,-0.3604370561705354
17.599999999998527,6.785785510778098,0.18932940062318385,-5.07981680321297e-07,5.944368554953125e-06,11.99387572802973,3.286590569808067e-05,8.0,1.2142144892219022,-6.318409521941274,6.318409521941274,1,-1.0074574840804833,-7.556271529705149,64.29984019013659,64.29984019013659,64.29984019013659,-1.1016888463301278,-5.385773191669266,20,-1.0959431918071179,-5.354464020198147,19.124315357692314,-1.5332535093310478,-11.977684662806222,-2.4723451224656317,-23.012690846955422,-0.2529942593039813,-1.3900020094203704,-0.663552491928109,-0.36067464132777877
17.649999999998588,6.785786580343485,0.18933139250677786,3.166098589919325e-05,8.954351870619602e-06,11.99426835064052,8.727236980457577e-06,8.0,1.2142134196565149,-6.335950654560564,6.335950654560564,1,-1.0076910036931976,-7.541899304830099,64.2975663758318,64.2975663758318,64.2975663758318,-1.0993130790046326,-5.381951181266173,20,-1.093576162028771,-5.350627857121781,19.098145561341067,-1.5274360881671025,-11.983000401213967,-2.4705418920043396,-22.981658641253222,-0.25211401398462374,-1.3891921796234878,-0.6634483671780956,-0.3608714453509482
17.69999999999865,6.785786890743386,0.18933302202646146,4.919962078483607e-05,2.843178832464173e-05,11.994712335550524,7.860224522008452e-05,8.0,1.2142131092566144,-6.353400532721441,6.353400532721441,1,-1.0079247013134014,-7.526175553294745,64.29576955879531,64.29576955879531,64.29576955879531,-1.0982419980911933,-5.375723125072842,20,-1.092506947619441,-5.344399443535011,19.072309637613102,-1.521597754067276,-11.988337608098893,-2.468826986582749,-22.950719049712177,-0.2512303595087914,-1.3883984083158272,-0.6633525605080434,-0.3610276397516954
17.74999999999871,6.78578754461015,0.18933488194228046,-3.1700916174591663e-06,4.2374999131121545e-06,11.995173210212874,4.548901313609342e-05,8.0,1.2142124553898501,-6.371076706982782,6.371076706982782,1,-1.0088423159100426,-7.512305023097717,64.29443382703772,64.29443382703772,64.29443382703772,-1.0982596750237135,-5.372099205078147,20,-1.0925208355994598,-5.340759527949594,19.046793795187014,-1.5157360648023603,-11.993699188577441,-2.467198595606959,-22.919857976295603,-0.25034250801453584,-1.387619695704343,-0.6632648977561272,-0.3611438595292716
17.79999999999877,6.78578771263043,0.18933679169366563,-3.6092966881309865e-05,-1.0630618517824311e-05,11.995649089237714,1.984365493455621e-05,8.0,1.2142122873695698,-6.388847093280414,6.388847093280414,1,-1.0095851316745121,-7.49813841899375,64.29302612805971,64.29302612805971,64.29302612805971,-1.0966244472287447,-5.367897101359799,20,-1.0908898461669945,-5.336542565265707,19.02160048202651,-1.5098518396498426,-11.999083612418028,-2.4656547790834433,-22.889080192755173,-0.2494517701665504,-1.3868568506634824,-0.6631852554054571,-0.36122005103041005
17.849999999998833,6.7857884386676055,0.18933872773714433,-3.0202434906449727e-05,-9.825894884277786e-06,11.996085880438342,1.7705986937716767e-05,8.0,1.2142115613323945,-6.406592577496612,6.406592577496612,1,-1.0099867604741803,-7.483255286436467,64.29141667424763,64.29141667424763,64.29141667424763,-1.0945867037427615,-5.363259124206694,20,-1.0888582191005272,-5.331890715126894,18.996731522771523,-1.5039454553299898,-12.00449059546717,-2.4641961973575204,-22.85838755020499,-0.2485584618410028,-1.3861102365477143,-0.6631137513280491,-0.36125615964843816
17.899999999998894,6.785788302453196,0.18934069024284772,4.042950553090589e-05,2.340518728535603e-05,11.996567882303657,5.163394710742598e-05,8.0,1.214211697546804,-6.424202965769946,6.424202965769946,1,-1.0098396797561258,-7.467344883810169,64.28937436714601,64.28937436714601,64.28937436714601,-1.0919610714477608,-5.357838689427854,20,-1.086241797620459,-5.326460707629546,18.972189046724903,-1.4980179438662804,-12.009919362019476,-2.4628237219347184,-22.827783730893014,-0.24766310051749174,-1.3853803627511467,-0.6630504757752125,-0.36125234772137355
17.949999999998955,6.785788961374589,0.18934262152424822,-2.8184917067563917e-05,1.0647818151788537e-07,11.996946826204995,4.4046585859421934e-05,8.0,1.214211038625411,-6.442014466908034,6.442014466908034,1,-1.0108311856749816,-7.45273098498878,64.28863649527682,64.28863649527682,64.28863649527682,-1.0932848600306215,-5.3530570920949305,20,-1.0875543486094958,-5.321666766575097,18.947968334682272,-1.4920689778344631,-12.015370466206386,-2.4615382148201075,-22.797264728716907,-0.24676250738601335,-1.3846648395225696,-0.662995460167685,-0.3612087301689996
17.999999999999016,6.785788316287387,0.18934486449160656,-2.6365430105469048e-05,1.2030900859190325e-05,11.997388712025764,3.797343964572017e-05,8.0,1.2142116837126133,-6.459850439526988,6.459850439526988,1,-1.0112637553199657,-7.437611967620651,64.28732690904788,64.28732690904788,64.28732690904788,-1.0906315999157643,-5.348446484321877,20,-1.0849100435710128,-5.317040105286208,18.924067420824862,-1.4860987668792416,-12.020843373867628,-2.46033550152147,-22.76683176113286,-0.24585999099724665,-1.3839654547939566,-0.6629481659644112,-0.3611260737212103
18.049999999999077,6.785787309379205,0.18934743195935527,1.2901725121302766e-05,2.7596529672381955e-05,11.997779131216092,-5.614649277963333e-06,8.0,1.214212690620795,-6.4777234499688685,6.4777234499688685,1,-1.0114500420235952,-7.422674595442631,64.28566503863331,64.28566503863331,64.28566503863331,-1.0885387229460892,-5.344334611344454,20,-1.0828231618958581,-5.312908747268985,18.90048373033833,-1.480106686186964,-12.026338677744441,-2.459217249791214,-22.736480888242127,-0.24495508123428877,-1.3832821944420086,-0.6629089195595884,-0.3610041930637991
18.099999999999138,6.785785474486925,0.1893495934678505,-0.0001140503062265746,3.000735731563293e-06,11.998066804364997,3.339466514762437e-05,8.0,1.214214525513075,-6.495735200176083,6.495735200176083,1,-1.012809607511828,-7.4073739787530535,64.28591133219803,64.28591133219803,64.28591133219803,-1.0904668943379845,-5.338111628522246,20,-1.0847361027481666,-5.3066783728870535,18.87722506919379,-1.4740952728476335,-12.03185377057136,-2.458184511446996,-22.706223323992685,-0.24404442800227485,-1.3826127332986864,-0.6628776627173767,-0.36084253097283725
18.1499999999992,6.785778610236964,0.18935202256452183,-0.00014509031013125554,2.7563993850399832e-05,11.998544246610662,3.098125069958044e-05,8.0,1.2142213897630363,-6.513781226394257,6.513781226394257,1,-1.0134713197091303,-7.392116600756175,64.28520268990493,64.28520268990493,64.28520268990493,-1.0873857994701028,-5.333880878025931,20,-1.081665544040435,-5.302425243462808,18.8542818253822,-1.4680626310971556,-12.037390965112852,-2.4572321874582257,-22.676050181838498,-0.243132294821918,-1.3819591296224325,-0.6628536549671518,-0.36064272695151717
18.19999999999926,6.785776939676497,0.18935447527125396,1.2242260940729714e-05,-1.65315710214858e-05,11.998249997373321,-0.0004188049571818095,8.0,1.2142230603235031,-6.532262427204327,6.532262427204327,1,-1.0132148815688744,-7.3817022951713245,64.28174413730957,64.28174413730957,64.28174413730957,-1.0823231574735197,-5.337938058982064,20,-1.0766238800084014,-5.306411039231537,18.83161912760163,-1.4619992733679736,-12.042958678698415,-2.456361358208817,-22.64591393383012,-0.2422203292577223,-1.3813230508988985,-0.6628375531921662,-0.36040491530369256
18.24999999999932,6.785776188791325,0.1893567219840321,-3.116732679526783e-05,8.819436169464779e-05,11.998029092383977,0.0002489022746907074,8.0,1.214223811208675,-6.549561284300349,6.549561284300349,1,-1.0131604634253795,-7.356059104812083,64.28344081399054,64.28344081399054,64.28344081399054,-1.084901248335726,-5.316131068569035,20,-1.0791820769590528,-5.2846850678108765,18.80934169127615,-1.4559341490381494,-12.048527086292282,-2.455581331976212,-22.615952530087487,-0.24130181819721297,-1.380701307616777,-0.662829240376305,-0.3601258670856204
18.299999999999383,6.785776087572092,0.1893582554502419,-3.558352358386831e-05,-5.343696991999074e-05,11.997744448608845,-0.00039984715871256484,8.0,1.214223912427908,-6.568220909502195,6.568220909502195,1,-1.014375447039094,-7.349268815908274,64.28103765634161,64.28103765634161,64.28103765634161,-1.0826388902079838,-5.328276980413263,20,-1.0769271623986463,-5.296712436686017,18.78730326506061,-1.4498300913672721,-12.054138457834297,-2.4548800283959658,-22.58597976414457,-0.24038157204178365,-1.3800946290586982,-0.6628274223998074,-0.3598107453121801
18.349999999999444,6.78577445366402,0.18935926762850863,-0.00010616036871037683,5.63915308633464e-05,11.997508055212716,0.00023999720864059171,8.0,1.21422554633598,-6.585733640213664,6.585733640213664,1,-1.0145513516659306,-7.323974742947,64.28313273719179,64.28313273719179,64.28313273719179,-1.082745121149384,-5.305844205534646,20,-1.077025814874848,-5.2743639108908145,18.765647325185615,-1.4437265627322182,-12.059746851259918,-2.4542629396948272,-22.55619007206402,-0.2394569598842207,-1.379502722487554,-0.6628326965489809,-0.35945587726392764
18.399999999999505,6.785773791823017,0.18936048897076443,-5.5167446082396847e-05,6.268936521672742e-05,11.997181238620978,0.00018642209623976849,8.0,1.2142262081769832,-6.603556086748224,6.603556086748224,1,-1.0146367636755416,-7.307915555264859,64.2821266653675,64.2821266653675,64.2821266653675,-1.0788880007317392,-5.305988842282299,20,-1.0731840242182287,-5.274458177176856,18.74427938946373,-1.4375979897773112,-12.0653852204132,-2.4537252093845456,-22.526456989553786,-0.23853198940049763,-1.3789265120572762,-0.6628442897256409,-0.35906577351210717
18.449999999999566,6.785774595445958,0.18936163953643176,2.9058458892841043e-05,4.2829025611140175e-05,11.996764362473801,3.3294149541643944e-06,8.0,1.2142254045540417,-6.621699868895386,6.621699868895386,1,-1.0146206786632768,-7.293446626737177,64.28059927379876,64.28059927379876,64.28059927379876,-1.0767039710021094,-5.303213548239101,20,-1.0710059980788686,-5.27165368172851,18.723207482828936,-1.4314486654107752,-12.071044488507534,-2.45326883438892,-22.496796717096604,-0.2376050585919907,-1.3783659192225963,-0.6628627205263621,-0.3586388448343453
18.499999999999627,6.7857715505949034,0.18936932750240779,-0.0002599651453958197,0.0003267453841094744,11.998645262656764,0.0018734445870200358,8.0,1.2142284494050966,-6.637493273716478,6.637493273716478,1,-1.0150434427508692,-7.25230107600078,64.28798503327846,64.28798503327846,64.28798503327846,-1.0826706661257095,-5.258593224756717,20,-1.076934900205403,-5.227250815279242,18.70259610659235,-1.425326841285013,-12.076679316093326,-2.4528981424521263,-22.467441026388357,-0.23666900128580245,-1.3778171047096575,-0.6628882882956532,-0.3581710217348797
18.549999999999688,6.785767627123419,0.18937835998883182,4.5965275083758565e-05,-2.5985871035665832e-05,12.001141232250555,-0.00027586762181146403,8.0,1.2142323728765811,-6.657344683160815,6.657344683160815,1,-1.0156919435940377,-7.2670973763481355,64.27804449180516,64.27804449180516,64.27804449180516,-1.0691505648443256,-5.308146664094236,20,-1.0634841465173062,-5.276465805348673,18.682082086907272,-1.419125905351485,-12.082402746850489,-2.452593324714016,-22.437886572834465,-0.2357420214988861,-1.3772861863304748,-0.6629207482718199,-0.3576777318833025
18.59999999999975,6.785768442687733,0.18937904035034178,-6.983681285559938e-06,2.2923811979794058e-05,12.000801982500388,1.5747185132553063e-05,8.0,1.2142315573122673,-6.676056551656885,6.676056551656885,1,-1.0161183763122859,-7.246248040601282,64.27967787644273,64.27967787644273,64.27967787644273,-1.0748919440208644,-5.280868240764001,20,-1.0691858128382976,-5.2493031202981655,18.661974763180226,-1.4129325591895052,-12.088105559053034,-2.4523773901645938,-22.408554189116945,-0.23480521912738875,-1.3767697911626813,-0.662965723099356,-0.35713791884637497
18.64999999999981,6.785768105605385,0.18938256419262356,-3.699006430164981e-06,3.071328066937316e-05,12.00136753217947,6.402198466943136e-05,8.0,1.214231894394615,-6.6945179595291915,6.6945179595291915,1,-1.0164277494940552,-7.2290918303326395,64.27984358011945,64.27984358011945,64.27984358011945,-1.072531522762563,-5.277236284605518,20,-1.0668303283098695,-5.2456312377290395,18.642172060011212,-1.4067173463886467,-12.093832902484973,-2.4522428359174016,-22.379296123763776,-0.23386645181108953,-1.3762686482143187,-0.6630171479655252,-0.3565611535718344
18.69999999999987,6.785768163971157,0.18938543478035302,2.7623283155008744e-06,2.1950490726827254e-05,12.001762835913759,2.2666614008321285e-05,8.0,1.2142318360288433,-6.712996438410107,6.712996438410107,1,-1.0168107157949633,-7.213012647533229,64.27983097525022,64.27983097525022,64.27983097525022,-1.0710733770631804,-5.272763680125262,20,-1.065372801548708,-5.2411295899738555,18.622677093944446,-1.4004828756609358,-12.099580524532344,-2.452188786495087,-22.35012421194938,-0.232925053050754,-1.3757824899211164,-0.6630763245376254,-0.3559472114971427
18.749999999999932,6.78576745566144,0.189388138951808,-2.2275941917701082e-06,3.306129619933089e-05,12.002190339427374,8.354894467642455e-05,8.0,1.21423254433856,-6.7313685248652435,6.7313685248652435,1,-1.0171580972611602,-7.19541126785566,64.2803168857798,64.2803168857798,64.2803168857798,-1.0698925631756944,-5.26542145057126,20,-1.064191048875826,-5.233776193821164,18.603497345867705,-1.3942331124948042,-12.105344090387696,-2.4522144784628614,-22.32105419824831,-0.2319808163608711,-1.375311120417739,-0.6631430179969279,-0.3552962012058682
18.799999999999994,6.785766451321227,0.18939116553380186,-5.830611051922052e-05,1.1371212478247751e-05,12.00264614068913,1.8063844618716807e-05,8.0,1.2142335486787728,-6.749965290601284,6.749965290601284,1,-1.0180085562079504,-7.17985062048154,64.28097851256264,64.28097851256264,64.28097851256264,-1.0694768152839735,-5.261164884214618,20,-1.0637704174045814,-5.229489956300561,18.584620032023246,-1.3879648274222731,-12.111127306485978,-2.452318976902938,-22.292069857179946,-0.23103316401892188,-1.374853993322744,-0.6632171771015599,-0.35460817960198293
18.850000000000055,6.785766718970213,0.18939428016614424,3.382981921636954e-06,2.6032528956883354e-05,12.003038839184194,3.9244134693562e-05,8.0,1.2142332810297871,-6.768403185543912,6.768403185543912,1,-1.0179062874993292,-7.162255454554242,64.28098863458477,64.28098863458477,64.28098863458477,-1.0657834739234233,-5.254468181233663,20,-1.060089174193503,-5.222776840257329,18.566053449462842,-1.3816811765422048,-12.116926320198504,-2.452500542017672,-22.263185998764932,-0.2300849819273525,-1.3744122378593477,-0.6632984045456928,-0.3538853655629445
18.900000000000116,6.7857662074767955,0.18939727585818644,-2.6751387881436167e-06,3.0290414597640886e-05,12.003503583462688,5.1109963695830935e-05,8.0,1.2142337925232045,-6.78688767165366,6.78688767165366,1,-1.018299958149098,-7.1451025529394325,64.28164423830515,64.28164423830515,64.28164423830515,-1.065597168160368,-5.248004026468389,20,-1.059896596987648,-5.216295739845601,18.547794593133027,-1.375381981729358,-12.122741937303278,-2.45276186673487,-22.234398910894615,-0.22913319712121558,-1.3739849128561816,-0.6633872994603455,-0.3531253879637463
18.950000000000177,6.785765490291705,0.18940033756608848,-5.103276637921593e-05,1.3532470761021528e-05,12.00396496394236,2.219246155557255e-06,8.0,1.2142345097082954,-6.805564078943099,6.805564078943099,1,-1.0190521488523485,-7.128954205267268,64.28261588163286,64.28261588163286,64.28261588163286,-1.064981056996408,-5.242773824554107,20,-1.0592763095989166,-5.2110406286945805,18.529838103455493,-1.3690662916292184,-12.12857493831813,-2.453100520099396,-22.205704061285882,-0.22817825471901965,-1.3735717475772191,-0.6634835870245788,-0.35232902236988317
19.000000000000238,6.785764791285607,0.18940350958461608,-5.661062754618162e-06,2.794147638940686e-05,12.004421790719427,2.0686022957803944e-05,8.0,1.2142352087143928,-6.824130562362332,6.824130562362332,1,-1.0190576898964845,-7.111234507252052,64.28309264656234,64.28309264656234,64.28309264656234,-1.061724469716643,-5.235943286579251,20,-1.056029260006615,-5.2041931479699075,18.51218903543465,-1.3627361606752042,-12.134422972037033,-2.4535150948184237,-22.177110956671722,-0.22722251355601283,-1.3731735286310838,-0.6635868466525674,-0.3514983781565856
19.0500000000003,6.785766206798686,0.18940664659717382,-3.076855168401165e-05,5.949485648354134e-06,12.00480080563162,2.270274854072218e-05,8.0,1.2142337932013136,-6.842774082240243,6.842774082240243,1,-1.0195735369938297,-7.093968246374459,64.28425658774387,64.28425658774387,64.28425658774387,-1.0615900884992586,-5.229457265129935,20,-1.0558879199792541,-5.197688602597535,18.49484456604237,-1.3563912802092049,-12.140286819437272,-2.454007687890849,-22.148616035220403,-0.2262632012649235,-1.3727894910636205,-0.6636977006139931,-0.35063101597538854
19.10000000000036,6.785766520556073,0.18940767888281307,-3.622466675823691e-05,3.282949663843962e-05,12.004726496056133,0.00012943867634941994,8.0,1.2142334794439273,-6.861284400045131,6.861284400045131,1,-1.019825297839553,-7.074674430795093,64.28578804654751,64.28578804654751,64.28578804654751,-1.059743407904879,-5.220893810214332,20,-1.0540432352262217,-5.189118536703831,18.47780965668233,-1.3500346617791734,-12.146163549244102,-2.454575580347737,-22.120231930045076,-0.22530192032583402,-1.3724197883755116,-0.663815532771284,-0.34972884064271875
19.15000000000042,6.78576641426292,0.18940781546490582,6.400730615099004e-06,5.9839935895375705e-06,12.00432910435652,-0.00010592675054875313,8.0,1.2142335857370803,-6.880174633721121,6.880174633721121,1,-1.0200956416688554,-7.059873341988793,64.28605780535455,64.28605780535455,64.28605780535455,-1.0572603453099065,-5.219672079343742,20,-1.0515658425324395,-5.187845875390676,18.461055904117515,-1.3436577521023663,-12.152061817411285,-2.4552194822246713,-22.091916247502144,-0.22433934944351985,-1.372064534368303,-0.6639396722068085,-0.3487930379157766
19.200000000000482,6.785768194653983,0.18940955941724547,-3.387734588439759e-05,4.957118458313945e-05,12.004173109064523,0.00021360800803593794,8.0,1.2142318053460173,-6.898582527566448,6.898582527566448,1,-1.0203517366433426,-7.037377408867014,64.28881952749697,64.28881952749697,64.28881952749697,-1.0574077541912714,-5.204912032451288,20,-1.051704023566424,-5.173116596666032,18.44462413893427,-1.337277116585268,-12.157963819831798,-2.4559387173072444,-22.063739983718058,-0.22337294139513175,-1.3717232738034442,-0.6640703394931401,-0.34782053767114013
19.250000000000544,6.7857678742973455,0.18941039922107916,-6.199432138889079e-05,0.00015879949702187168,12.0040206996264,0.0007492892735529554,8.0,1.2142321257026545,-6.916415135143707,6.916415135143707,1,-1.0202936526829296,-7.011613631240207,64.29212360508798,64.29212360508798,64.29212360508798,-1.0556296457959577,-5.189634594720666,20,-1.0499279080961155,-5.157873079840425,18.42851455988279,-1.3308940178865598,-12.163872378482731,-2.4567301206008554,-22.03570862803227,-0.2224047641999514,-1.371395758938936,-0.6642069963244794,-0.34681479170477125
19.300000000000605,6.785769336427319,0.18941135280056626,-2.829464096482087e-05,9.239090923219717e-05,12.003712401303458,0.0003991134795582796,8.0,1.214230663572681,-6.9351620157601905,6.9351620157601905,1,-1.020727488857619,-6.998421703547258,64.29230133678504,64.29230133678504,64.29230133678504,-1.052697919547736,-5.192886844456274,20,-1.047005511700857,-5.1610506576638775,18.41266439029384,-1.3244870895214855,-12.169808767819191,-2.457594766487035,-22.007723869979866,-0.22143617183294026,-1.3710819449272922,-0.6643492695541793,-0.345778403156539
19.350000000000666,6.7857687468537975,0.18941309285002897,-6.458809971488737e-05,0.00017263178635611783,12.003776991202239,0.0008224660639832713,8.0,1.2142312531462025,-6.953383590292491,6.953383590292491,1,-1.0208340152448505,-6.974291839005501,64.29559695748522,64.29559695748522,64.29559695748522,-1.0525139035159554,-5.174609449172737,20,-1.0468142156014602,-5.142829348856607,18.397138432490095,-1.3180827989859714,-12.175742051986589,-2.4585305020713157,-21.97990036707152,-0.2204642393293542,-1.370781871410197,-0.6644979233182272,-0.34470665692310604
19.400000000000727,6.785761104771347,0.18943041823647333,-0.00010304113250543262,0.0001473464136096746,12.008879564090659,0.0008091560070675386,8.0,1.214238895228653,-6.972112104657697,6.972112104657697,1,-1.021454579349239,-6.959838175028387,64.2963608412598,64.2963608412598,64.2963608412598,-1.0509236303531166,-5.170510429104818,20,-1.0452252219250158,-5.138697247567675,18.38189542433142,-1.311663614444696,-12.181694059967265,-2.4595380544962477,-21.952163962998235,-0.21949058061156418,-1.3704951319445589,-0.6646526658569172,-0.3436026415197716
19.450000000000788,6.785759861718999,0.18943258481355832,4.150638097345044e-05,-1.8459048899093712e-05,12.009167673732856,-0.000275474479499793,8.0,1.214240138281001,-6.992314224511729,6.992314224511729,1,-1.0218614169396283,-6.956921487847483,64.29379600917471,64.29379600917471,64.29379600917471,-1.045670746256515,-5.184605348027941,20,-1.0399924772740807,-5.152646226842557,18.36691256727748,-1.3052067806279972,-12.187682715646922,-2.4606210574750396,-21.924445618078664,-0.21851839255111458,-1.370223286162012,-0.6648193937398135,-0.34246798839657505
19.50000000000085,6.785760877646324,0.18943534225651074,-4.1117257367912836e-05,3.0517026584674416e-05,12.009355280086965,0.00012123084433631965,8.0,1.2142391223536757,-7.011480537720371,7.011480537720371,1,-1.0222827127000045,-6.932981470000596,64.29808960577617,64.29808960577617,64.29808960577617,-1.048749102841712,-5.162231693635699,20,-1.0430429632735856,-5.130344393531096,18.352271377825943,-1.2987561260102063,-12.193659735509703,-2.461778566758116,-21.89690875553416,-0.2175392486825368,-1.3699657642289857,-0.6649946853542743,-0.3412911844431068
19.55000000000091,6.7857589700910355,0.1894391093697256,-1.6084913962086803e-05,4.5260010981943006e-05,12.010139126804576,0.00012084137589500045,8.0,1.2142410299089645,-7.030558214459755,7.030558214459755,1,-1.022380648823745,-6.914820030785902,64.30000078071402,64.30000078071402,64.30000078071402,-1.0451703308006592,-5.1585322641623,20,-1.0394744038980768,-5.126597912458877,18.337917363409257,-1.2922885681035468,-12.199657220448845,-2.463008853977184,-21.869455417067734,-0.21656000415676332,-1.369722095860192,-0.6651758355003945,-0.3400834552279955
19.60000000000097,6.785760222214107,0.18944275408596728,-1.6518452717012526e-05,1.5826969378887634e-05,12.01062954453272,4.5306638486595086e-05,8.0,1.2142397777858926,-7.0497369743167235,7.0497369743167235,1,-1.0227121853620007,-6.897601190119427,64.30208105335245,64.30208105335245,64.30208105335245,-1.0440719950467947,-5.1526455761647245,20,-1.0383729909644466,-5.1206835212841195,18.323854925254153,-1.2858081491343596,-12.20566850866139,-2.4643120649205135,-21.842101181143878,-0.21557835544966494,-1.369492231258441,-0.6653644083168946,-0.33884167809823446
19.650000000001032,6.785758268798766,0.18944568776235446,-7.881214575013501e-05,2.7487406029338935e-05,12.01125208280258,0.00015597667702396887,8.0,1.2142417312012341,-7.068810463475001,7.068810463475001,1,-1.0232576918922156,-6.877906839737404,64.3053587973582,64.3053587973582,64.3053587973582,-1.0437397428314679,-5.14251001488036,20,-1.038033249387703,-5.110546444731776,18.31009232501485,-1.2793206314368792,-12.211687696569282,-2.4656858053285973,-21.814867884569143,-0.21459360074004744,-1.3692758164825958,-0.6655600499844183,-0.3375651945885449
19.700000000001094,6.78575778688511,0.18944969825338237,-1.6741045113356028e-05,3.0532037367759635e-05,12.011910053640838,7.105327681860647e-05,8.0,1.2142422131148898,-7.087951601900194,7.087951601900194,1,-1.0231658671903472,-6.860508084539172,64.30708591873099,64.30708591873099,64.30708591873099,-1.0397172262546142,-5.137620150188976,20,-1.0340236059659287,-5.105621984802401,18.29661480754971,-1.2728198170635419,-12.217721853761265,-2.4671293052940966,-21.787729747051213,-0.21360935886070292,-1.3690730779210525,-0.6657618504165553,-0.3362593841706936
19.750000000001155,6.785757927805822,0.18945344279626444,4.967522435775507e-05,5.014501080677843e-05,12.012490305312976,8.240115698554827e-05,8.0,1.2142420721941782,-7.106996843480297,7.106996843480297,1,-1.0229466953462465,-6.841548250001697,64.30923222610679,64.30923222610679,64.30923222610679,-1.0379329709684888,-5.128900485880354,20,-1.032239904686751,-5.09689290124885,18.28343055362381,-1.2663107561407017,-12.223764886451223,-2.4686440897560344,-21.76070544260721,-0.2126234600887136,-1.3688842470075924,-0.665970795135759,-0.3349209599779086
19.800000000001216,6.785756953886832,0.18945666191133473,-5.216455602810108e-05,2.7551760259403562e-05,12.013082346190746,0.00011945649004892318,8.0,1.2142430461131681,-7.126200638456416,7.126200638456416,1,-1.0237892984225767,-6.822840876535195,64.31296679788728,64.31296679788728,64.31296679788728,-1.0395569778563454,-5.120154738633923,20,-1.0338459317167208,-5.088138206003778,18.27053718333642,-1.2597938630577366,-12.229817090154915,-2.4702295859194523,-21.73379482466724,-0.21163274561711612,-1.3687086044207788,-0.6661874152855023,-0.3335459261690497
19.850000000001277,6.785755252722531,0.18946054862625417,5.995928982409418e-06,5.0988016102904946e-05,12.013809231814266,9.219272528416354e-05,8.0,1.2142447472774691,-7.145380169569552,7.145380169569552,1,-1.0236434118091844,-6.804410918983386,64.31530548027956,64.31530548027956,64.31530548027956,-1.0348427342394162,-5.11337650572823,20,-1.0291481596544563,-5.081337142605438,18.25792895856728,-1.2532671815438545,-12.235880427722162,-2.471881469318258,-21.706991001741265,-0.21064334364450513,-1.3685462179075771,-0.6664096560261543,-0.33214355923197775
19.900000000001338,6.7857546321798266,0.18946418252332178,3.24064323736924e-05,5.6608044609281774e-05,12.014386599866931,0.00012487305706726572,8.0,1.2142453678201734,-7.16451201090513,7.16451201090513,1,-1.0236371832857567,-6.785065800893159,64.31825252644875,64.31825252644875,64.31825252644875,-1.0337353352630323,-5.104316956146395,20,-1.028037512399939,-5.072269913363147,18.245610508447296,-1.2467335780722888,-12.24195178816909,-2.4736027977303854,-21.680303748986578,-0.2096517708497914,-1.3683973522257074,-0.6666390906235339,-0.3307084621807853
19.9500000000014,6.785755153194484,0.18946793095018216,-3.035038710579171e-05,2.5897264690924015e-05,12.01498206316382,0.00011529224878925888,8.0,1.2142448468055163,-7.1838114302950276,7.1838114302950276,1,-1.0242308147439494,-6.766626886080391,64.32192353566266,64.32192353566266,64.32192353566266,-1.0337891726474255,-5.096463774022078,20,-1.0280817715564248,-5.064401755415146,18.233576048318767,-1.2401920007795548,-12.248032557355078,-2.4753923917388696,-21.65372689152347,-0.20865699727264497,-1.3682615380671992,-0.6668755837050788,-0.3292395726722943
20.00000000000146,6.785754742487908,0.18947163013891533,-5.118344146106234e-05,2.5619361871106417e-05,12.015701902629317,0.00011762158288692353,8.0,1.2142452575120917,-7.203144369752073,7.203144369752073,1,-1.0245307427548576,-6.747821505044591,64.32543195549971,64.32543195549971,64.32543195549971,-1.0313493440159667,-5.088331785603914,20,-1.02564577752452,-5.056255497875427,18.221825363256265,-1.2336431897228657,-12.254121719964118,-2.4772473560467474,-21.627263844624295,-0.20766145457254717,-1.3681385912771549,-0.6671182009796058,-0.32774083938314486
20.05000000000152,6.785753006968019,0.1894753917974651,1.370553138507511e-05,5.351952551336303e-05,12.016449376482154,0.00015490071615094762,8.0,1.2142469930319812,-7.2223425529054825,7.2223425529054825,1,-1.0242447707091462,-6.728126792139566,64.3284773773144,64.3284773773144,64.3284773773144,-1.0279663480498378,-5.079381858252977,20,-1.022271812532511,-5.047296073594507,18.21035984045512,-1.2270882707521213,-12.260218313003534,-2.479168177307307,-21.60091866291442,-0.2066660689736912,-1.368028780307695,-0.667366999439622,-0.3262136683080584
20.100000000001582,6.785751529671954,0.1894790200852125,-2.438851032726992e-05,4.652148805090175e-05,12.01710678709743,0.00016145853643902947,8.0,1.2142484703280463,-7.241659672333649,7.241659672333649,1,-1.0246259489854919,-6.709160366826955,64.33238996564398,64.33238996564398,64.33238996564398,-1.0282018002591145,-5.070800985420411,20,-1.0224965484361246,-5.038704725811328,18.199176290687387,-1.2205270836704207,-12.266322729322253,-2.481156458566128,-21.574688314667124,-0.20566738794960857,-1.3679320530862455,-0.6676231585882201,-0.32465277458509095
20.150000000001643,6.785751795077202,0.18948337727711845,-4.552392438714376e-05,2.4468129681122652e-05,12.017808103216137,6.38995446420515e-05,8.0,1.2142482049227983,-7.261175130780701,7.261175130780701,1,-1.0249815448571247,-6.691571982022807,64.33600964126353,64.33600964126353,64.33600964126353,-1.02617489500717,-5.064334731129302,20,-1.0204712252317782,-5.032214155528413,18.188268119011646,-1.2139574405217743,-12.272436754343055,-2.4832096732010065,-21.548563708989928,-0.20466766950483375,-1.367847996831268,-0.6678855396451154,-0.3230621928513641
20.200000000001705,6.785749945440601,0.18948686995827746,-9.340168774616581e-05,2.4365279113510656e-05,12.018498366556681,0.00015526830178096303,8.0,1.2142500545593986,-7.280583709983756,7.280583709983756,1,-1.0253142456407498,-6.671201621509549,64.34062395771647,64.34062395771647,64.34062395771647,-1.0250211697121674,-5.053329953152391,20,-1.0193138541795403,-5.021212837192848,18.17764459760436,-1.2073852571119286,-12.278554140268644,-2.485326216470703,-21.522568070703176,-0.20366601857746042,-1.367776675718081,-0.6681545125535415,-0.321440337951505
20.250000000001766,6.785748525854116,0.18949131485495796,1.022151536253909e-05,5.684940656336102e-05,12.019314296684136,0.0001182257763689657,8.0,1.2142514741458843,-7.299917750391173,7.299917750391173,1,-1.024815737741502,-6.6522145946943825,64.34369193084967,64.34369193084967,64.34369193084967,-1.0202943159190367,-5.046166211840649,20,-1.014603506557609,-5.014027761879721,18.167296072461436,-1.2008058216922983,-12.284680604637055,-2.487506547541599,-21.496681952869135,-0.2026660455196845,-1.367717983596866,-0.6684288896157669,-0.3197936214312913
20.300000000001827,6.785747463843856,0.18949511542665312,-6.072036289353354e-05,3.121344876939901e-05,12.019957181458048,0.00013142910362608326,8.0,1.2142525361561436,-7.319383257789902,7.319383257789902,1,-1.0253345574980575,-6.632936163753561,64.3484798916074,64.3484798916074,64.3484798916074,-1.0218621241702084,-5.036382692048225,20,-1.0161528964814421,-5.004241876698071,18.15722566002719,-1.1942228565710526,-12.290811767893945,-2.489752537809745,-21.470917273061513,-0.20166156453958634,-1.3676723281759402,-0.6687111019023572,-0.31811145276550906
20.350000000001888,6.785747840519124,0.18949963335327602,2.5945973125926726e-05,4.8620018046313635e-05,12.020726181857222,0.00012882491636530816,8.0,1.2142521594808757,-7.338736021479485,7.338736021479485,1,-1.0248906725000388,-6.6133410916908515,64.35210819771234,64.35210819771234,64.35210819771234,-1.0170158633717425,-5.027776102319864,20,-1.0113237993256134,-4.995624259424398,18.147428874821163,-1.1876354238905287,-12.296948823391102,-2.4920595745208454,-21.445270513095082,-0.200658986347489,-1.3676389313243325,-0.6689983813634264,-0.3164054341169407
20.40000000000195,6.78574700085346,0.18950345793541326,-2.1782421678504474e-05,4.0291206174354354e-05,12.02148751661205,0.00015249098741721635,8.0,1.2142529991465398,-7.358182317912319,7.358182317912319,1,-1.0252299508415266,-6.593774433959842,64.35699383796253,64.35699383796253,64.35699383796253,-1.0177676894871264,-5.017848202774931,20,-1.0120617258757365,-4.985695175621923,18.13790658915428,-1.1810453371348109,-12.303089977791034,-2.4944305137715848,-21.419746296441122,-0.1996527900670769,-1.3676183786231568,-0.669293053655289,-0.31466581929798676
20.45000000000201,6.785745481893784,0.18950756480727732,-2.5580192607096107e-05,4.6663154256751365e-05,12.022328582616574,0.00014471415108578288,8.0,1.214254518106216,-7.377673475973876,7.377673475973876,1,-1.025315314796206,-6.574481561029953,64.36158764827945,64.36158764827945,64.36158764827945,-1.0151221965609576,-5.0090686846297015,20,-1.009421200118333,-4.976906644263591,18.128655057120795,-1.174451685985434,-12.309236230539003,-2.4968617098635257,-21.394341523360104,-0.19864642533047655,-1.367609919336092,-0.6695935158864738,-0.3128992205206501
20.50000000000207,6.785744586856636,0.18951170550856614,-2.3137919009193732e-05,4.409516958210635e-05,12.023106493193248,0.00015517738044782686,8.0,1.2142554131433636,-7.39715882473096,7.39715882473096,1,-1.0253323715328349,-6.554787976072405,64.36636490122552,64.36636490122552,64.36636490122552,-1.0131638283338031,-4.999483047406169,20,-1.007463893707538,-4.967317223492007,18.11967464687899,-1.167855681342391,-12.315386225801916,-2.4993534521037373,-21.369059914090233,-0.1976392169421967,-1.3676137310414103,-0.6699002111034946,-0.3111044182076054
20.550000000002132,6.7857427824748235,0.18951581288707217,2.5376093383298506e-06,6.252385067610216e-05,12.023929422581796,0.0002071528549920547,8.0,1.2142572175251765,-7.416558575804543,7.416558575804543,1,-1.0251619393245426,-6.534396447566191,64.37121673631925,64.37121673631925,64.37121673631925,-1.0108380617977764,-4.989056846708105,20,-1.0051413095221655,-4.95689295793052,18.11096456362678,-1.1612587541993284,-12.321538745484657,-2.5019048486781768,-21.343905373314016,-0.19663158048925442,-1.3676297321242952,-0.6702129073225199,-0.30928238742933145
20.600000000002193,6.785744780548576,0.1895162867851056,4.049608777286928e-06,-3.0169961713877515e-05,12.023434928392193,-0.00024034925273907278,8.0,1.2142552194514238,-7.43660375744066,7.43660375744066,1,-1.0255407681632671,-6.520385060339935,64.37520001569256,64.37520001569256,64.37520001569256,-1.0093946542236256,-4.98865179739549,20,-1.003696319411952,-4.956426119343059,18.102505592801524,-1.1546480313163259,-12.327706076233655,-2.5045209403004223,-21.31882756688571,-0.19562270587922687,-1.3676579208453923,-0.6705319378599457,-0.30743188402533966
20.650000000002255,6.785739066581274,0.189574692623235,0.00020318344151294777,0.008935197358931446,12.007574099647274,-0.04685602202514686,8.0,1.2142609334187258,-7.520595939787596,7.520595939787596,1,-1.0646842147537945,-7.152435612295103,64.24525324091633,64.24525324091633,64.24525324091633,-1.0036687676211278,-5.908480095933455,20,-0.9979918218549292,-5.870233791832159,18.092775486425385,-1.146801436066044,-12.335024520935349,-2.5076956021814816,-21.28920694542348,-0.19461669733276749,-1.3676981938406687,-0.6708543907697974,-0.3055603719612165
20.700000000002316,6.786337947095005,0.19095101384771448,0.022972772544462877,0.04439015189001357,11.644601283428813,-0.2136115366291135,8.0,1.2136620529049953,-7.7678755918979645,7.7678755918979645,1,-1.07405566598535,-8.958325999621866,63.80259862884915,63.80259862884915,63.80259862884915,-0.5628382823518008,-8.944901736660503,20,-0.5595758641580324,-8.886355211878643,18.078743356518288,-1.1348017529951686,-12.345633614386207,-2.512760857345383,-21.244279664747896,-0.19403668626580386,-1.3677498358644926,-0.6710414343456453,-0.3044218380556429
20.750000000002377,6.7879164750447885,0.19417701977878327,0.03901542478912786,0.08358512813944184,10.752969571101346,-0.40862972244520496,8.0,1.2120835249552115,-7.999976461086621,7.999976461086621,1,-1.1331499729535057,-10.299940620815306,63.857419285202376,63.857419285202376,63.857419285202376,-0.7151136788496832,-11.757181933729237,20,-0.71060552651303,-11.676656818029587,18.05818747185229,-1.1183835285187977,-12.357446730596342,-2.5217383729522016,-21.179454422555192,-0.1932253505214016,-1.3680000177632858,-0.6710984741441955,-0.30261037495891024
20.800000000002438,6.790326381557658,0.19944958049277092,0.056217113507327596,0.12563482667556333,9.300247706560185,-0.6082130271226077,8.0,1.2096736184423422,-7.999995085240148,7.999995085240148,1,-1.1633812683189881,-10.763689321272002,64.43388619796295,64.43388619796295,64.43388619796295,-0.720570837130649,-14.451585773333424,20,-0.7156454005137314,-14.348223372217966,18.021115561954996,-1.0978872187196231,-12.36833536294758,-2.534494413840442,-21.08637761001146,-0.1923437021253757,-1.3683733967384608,-0.6704852430864261,-0.3005824911783358
20.8500000000025,6.793246350252191,0.20646423355187205,0.05894537313178114,0.14839053524521298,7.307690395945886,-0.7635157870268428,8.0,1.2067536497478093,-7.999996361424134,7.999996361424134,1,-1.2200544457565556,-10.389509463062977,65.30687579227768,65.30687579227768,65.30687579227768,-0.9983191475683426,-15.96709899092372,20,-0.9914366598376136,-15.85625549433226,17.952501294621317,-1.0769766858824945,-12.374269610389291,-2.5474869472577018,-20.965103496543936,-0.19112869922221926,-1.3688794156386113,-0.6679418819806577,-0.29812754245761824
20.90000000000256,6.796419214889723,0.2141672607607706,0.06587530062417028,0.1576381576474735,5.059351734267237,-0.805828335549552,8.0,1.2035807851102769,-7.999996493731674,7.999996493731674,1,-1.1715755969828008,-8.975149912429867,66.12159125917816,66.12159125917816,66.12159125917816,-0.9266529987758014,-15.601424599268814,20,-0.9200654960360481,-15.493981966728583,17.856531814265523,-1.0580694189708075,-12.375274969448224,-2.558323549121871,-20.826226945948775,-0.19001876763532494,-1.3692221914463212,-0.6633380525209305,-0.29640098820581984
20.95000000000262,6.7999695011140115,0.22220112236365774,0.07909791719860945,0.16014997275470041,2.6950755055422997,-0.8630670001650701,8.0,1.2000304988859885,-7.999996692636485,7.999996692636485,1,-1.1099598983495307,-7.485603240711347,66.91503475984635,66.91503475984635,66.91503475984635,-0.8106000161760445,-16.373875517611232,20,-0.8044759838868143,-16.260765922912068,17.733153272431483,-1.0387645490329394,-12.374961611931932,-2.5696658051546195,-20.66100011765562,-0.18906327805260453,-1.369415239751731,-0.6571135251447761,-0.29541731642990976
21.000000000002682,6.806128228367096,0.23033708597600144,0.16894615619719863,0.16271513492543033,0.30845403764777235,-0.8303142279967379,8.0,1.193871771632904,-7.9999956884265755,7.9999956884265755,1,-0.8120515393900637,-4.5171912541311,67.24060640697347,67.24060640697347,67.24060640697347,0.719092260977197,-15.18476216455416,20,0.7131621058848703,-15.079460258553807,17.604553074404564,-1.0213559707073103,-12.373089296241465,-2.5805612105528946,-20.496097760946157,-0.18989864612877885,-1.369318530536292,-0.6646555437753813,-0.29582312246071363
21.050000000002743,6.817127998734747,0.23894545211762627,0.2930971416325313,0.19860679519225521,-2.3060180195661957,-0.9587656380576558,8.0,1.1828720012652534,-7.999995544986168,7.999995544986168,1,-0.6878015048663583,-1.3462265192011018,67.7206494739424,67.7206494739424,67.7206494739424,1.4945737646997097,-17.685647955021132,20,1.4808203290924697,-17.560396295302116,17.452260545555895,-0.999657603243681,-12.373281610791782,-2.603020031405329,-20.29183760261603,-0.1916773269139674,-1.3686060656503864,-0.684025299209979,-0.296315216348625
21.100000000002805,6.835889529943287,0.25197588319981773,0.48759977177147773,0.7093939261324129,-4.43371131864724,1.3409856445799662,8.0,1.1641104700567126,-5.1684310914898814,5.1684310914898814,1,-1.8443413241919,14.019195420798402,68.44597894125343,68.44597894125343,68.44597894125343,3.026561634151922,29.751340117275927,20,2.9945258358658844,29.530373665302207,17.701900794761052,-1.0369451403069336,-12.377292677984165,-2.546689707917202,-20.638965295367463,-0.1954159063652332,-1.3655873797795166,-0.7309823458504819,-0.29696220378597243
21.150000000002866,6.864327774503839,0.29318753077521836,0.6727751050597435,0.7373139451294427,1.6596864688175086,2.5538156874524445,8.0,1.1356722254961609,-1.4953512736304764,1.4953512736304764,1,1.0338142444369713,4.608552746025337,70.05931623716282,70.05931623716282,70.05931623716282,3.599826249554649,39.72679697164204,20,3.5715213079891583,39.40600043877866,18.06803656375759,-1.080526992781397,-12.25967763837887,-2.4436693666438947,-21.11641142426245,-0.19625727617541344,-1.364775058099059,-0.7972474981715695,-0.27852458292612575
21.200000000002927,6.898950908553337,0.3194210163643426,0.7337363302046752,0.3703884326109696,9.086478922120598,2.3378239403271346,8.0,1.1010490914466633,0.39091147684565375,-0.39091147684565375,1,4.345379000998022,-3.560930724152119,65.88741670726915,65.88741670726915,65.88741670726915,2.145552834584972,30.073349288661326,20,2.1294343432958702,29.683937089865275,18.523870809534912,-1.077605527254026,-12.155379490351224,-2.393665689534531,-21.478273100915942,-0.19404853079867057,-1.3658135617213178,-0.8221494912720851,-0.2576833270436292
21.250000000002988,6.93464114920991,0.3313708851047699,0.6945322467574342,0.08955168805851325,12.977813458705938,0.5055638970215207,8.0,1.0653588507900897,-1.0488737766803444,1.0488737766803444,1,3.6546230998306646,-0.5329362000394382,66.41282376885576,66.41282376885576,66.41282376885576,0.6814424823617042,-2.8636393964730686,20,0.6742620753078046,-2.8245112465931186,18.48000790444646,-1.0808625940571879,-12.16140266314074,-2.39460756047562,-21.4580433495389,-0.19292209386960799,-1.366301055123171,-0.8241879682283586,-0.2502636389270752
21.30000000000305,6.9703858695619765,0.33018614050964784,0.7352456468213908,-0.13153795363404985,12.643805237878423,-0.7711434227629278,8.0,1.0296141304380235,-3.4864177464639585,3.4864177464639585,1,0.8389700346013318,13.290190270111701,65.78796819596428,65.78796819596428,65.78796819596428,1.9962118260481339,-15.406268078875325,20,1.9832174849713726,-15.297925571922232,18.30183162130893,-1.1013412138296552,-12.151472129754177,-2.3918429909422927,-21.421180801603022,-0.1907550313505473,-1.365829613118968,-0.8198739249383351,-0.2362925752860001
21.35000000000311,7.011426789645324,0.32090740348646263,0.9059258193407735,-0.23864938168533442,9.644916594018795,-1.3565966331353363,8.0,0.9885732103546756,-5.37012006026225,5.37012006026225,1,-0.14738587594105468,17.08642081330765,65.71034788022327,65.71034788022327,65.71034788022327,4.168526214588766,-19.597561267044636,20,4.153468637447852,-19.49395524265865,18.120156425326964,-1.1143403959802567,-12.116946601972868,-2.4118672101382197,-21.351491034369015,-0.19024364899583515,-1.357686479524367,-0.8074528354830115,-0.2281581528613971
21.40000000000317,7.06347460956889,0.3080319696167419,1.175339869737261,-0.2769572066271479,5.5977411678417255,-1.5165233668389249,8.0,0.9365253904311102,-6.218972802807786,6.218972802807786,1,-1.0237124559768973,16.552336930799765,67.93544149288553,67.93544149288553,67.93544149288553,5.960053149413336,-19.948049499707786,20,5.927578863429816,-19.80358143884998,17.930727317122944,-1.1112495668753744,-12.081890745635897,-2.4731857277603306,-21.189502759659927,-0.1943205569225805,-1.3345521775536133,-0.8020812699281535,-0.23943527439428208
21.450000000003232,7.12985685556341,0.2906656174037294,1.4281660132595189,-0.5292504957105462,2.302599105942439,-0.2344709950174278,8.0,0.8701431444365904,6.287031846405967,-6.287031846405967,1,-2.159641705812643,14.038350019670647,68.78436258710332,68.78436258710332,68.78436258710332,5.734274214553139,6.658863427023569,20,5.679200307786773,6.586869959725824,18.001587659122563,-1.1160347412979323,-12.091211559674255,-2.4387143447290693,-21.272441411564625,-0.20083921725933626,-1.3022588505199424,-0.816338388370368,-0.26146568219427846
21.500000000003293,7.200061003965108,0.2518718908579957,1.380449516183762,-1.0205535671205856,-2.2497312474648172,-2.912199388884501,8.0,0.7999389960348919,4.284646287117862,-4.284646287117862,1,-0.6500974758182824,0.40162789176096286,70.89337055610001,70.89337055610001,70.89337055610001,2.462458250869413,-42.60478266953173,20,2.363939592321046,-40.27079804647985,16.5858426418022,-1.3219666166976265,-11.874499302737558,-2.3405595341931758,-20.986492494314373,-0.19246617671546276,-1.30410027199174,-0.8420476832017236,-0.21192581523903406
21.550000000003354,7.25348446960426,0.19445018391228236,0.8167649059356621,-0.6838346910408365,-16.334978354680818,-4.528786703711855,8.0,0.7465155303957403,-7.999998545838296,7.999998545838296,1,-0.07198313772275207,0.3663023674037041,71.29709415308587,71.29709415308587,71.29709415308587,-8.469927000961905,-53.604038394825366,20,-8.224182412417283,-49.95062934787667,14.889366303426534,-1.5816789636655724,-11.416800015283535,-2.1840006547291217,-20.71516731330971,-0.2148063102520213,-1.302778261980288,-0.7146237812093847,-0.358773759973625
21.600000000003416,7.3118085493989255,0.2118022563897576,1.41182283160161,0.5728902104168073,-18.729920549064556,0.3000471658972523,8.0,0.6881914506010745,5.322546514045325,-5.322546514045325,1,-4.423310469953645,11.698294258982513,67.64573224858415,67.64573224858415,67.64573224858415,11.404555867699186,40.4296395642932,20,11.142676810219726,39.18224271817026,14.904804940868123,-1.5823887373962366,-11.659499214933183,-2.0986015084107645,-20.657148027930408,-0.23067306320387787,-1.2700117808064473,-1.0519567606294529,-0.3454669943916293
21.650000000003477,7.378671450540343,0.22883767474455188,1.2968468313789567,0.10431177633597878,-21.11554022248178,-1.8877808664955043,8.0,0.6213285494596574,-7.999998704023254,7.999998704023254,1,-0.5732098270465754,0.07147733709483658,70.89655985835596,70.89655985835596,70.89655985835596,0.7289554251452204,-22.33130876407297,20,0.6948652846352408,-21.529245065830228,14.64133127453745,-1.66336876359384,-11.592676663607799,-2.076870768171966,-20.829400824614904,-0.2285106470374811,-1.2713134968106323,-1.0762865497865037,-0.328861102133229
21.700000000003538,7.444793079427672,0.22139766099025682,1.3472779350629298,-0.4021233990251471,-22.10587979492144,1.1607270881261595,8.0,0.5552069205723278,2.4520142954729316,-2.4520142954729316,1,-4.025604709159617,10.228284663865978,68.2570323593403,68.2570323593403,68.2570323593403,0.770365120437803,35.64331037475243,20,0.7466294306690001,35.037267994695085,14.210125986734498,-1.720705183496913,-11.62535584432483,-1.829147515356319,-20.662747597759775,-0.2297641270162967,-1.2673172564558253,-1.1006678582901166,-0.3291191246517162
21.7500000000036,7.5173807497137926,0.21183367103190873,1.4496830286526496,0.03438146419492018,-20.139800879615144,0.05793676604872431,8.0,0.48261925028620745,6.99665827512439,-6.99665827512439,1,0.5372625077389579,-3.142051428651534,70.07097201751303,70.07097201751303,70.07097201751303,4.233831891337532,5.618830519756052,20,4.0853672473547995,5.524608316714339,14.205769748820645,-1.710241973577971,-11.62652935981298,-1.8202688922811954,-20.60074516582358,-0.2214712908093719,-1.2704563851322406,-1.2484287589539864,-0.25236463988226293
21.80000000000366,7.579050762245199,0.21733062975373463,1.0437364238789009,0.17882023741168723,-21.897143646885073,-1.1541491367984447,8.0,0.420949237754801,-1.919512857618003,1.919512857618003,1,-0.11665567053348203,-5.815617419186393,70.81609593447135,70.81609593447135,70.81609593447135,-4.905098408101326,-1.6997400231353197,20,-4.639550713487035,-1.6184215164120879,14.185979217071125,-1.7174112404160116,-11.61983196029457,-1.8166604982839183,-20.618941369979996,-0.23758942770731656,-1.2580346604542187,-1.0926197082440312,-0.36949988249318133
21.85000000000372,7.633855476394619,0.2181101412829671,1.1480061578216927,-0.1498397871449105,-22.091699782588737,0.9955581317636836,8.0,0.36614452360538063,-1.0691529257275638,1.0691529257275638,1,0.33579405863570366,4.033833041723136,69.67475044071031,69.67475044071031,69.67475044071031,2.9044119353263267,35.63905990948638,20,2.83897416240248,35.317803942101605,14.028746772739874,-1.6810796186551522,-11.708046400798828,-1.7679186674439795,-20.23474374644967,-0.23610840959371493,-1.2576052365891985,-1.1891178040396937,-0.3376556287768896
21.900000000003782,7.6927403894872874,0.2033029608418542,1.2081471326416413,-0.44679115179513634,-16.71402209565249,2.735808875313878,8.0,0.30725961051271256,2.919252005216376,-2.919252005216376,1,1.827171001871858,-1.8593800149273638,69.655362831227,69.655362831227,69.655362831227,2.284562325561498,53.92924974225738,20,2.231340034718804,53.52844245415167,13.688371418994315,-1.6600944006863825,-11.655260061863228,-1.6058163043860003,-19.734760372749204,-0.23446464481713686,-1.2570520143020547,-1.262975857326337,-0.3110882825688419
21.950000000003843,7.749445523333825,0.17786605637684336,1.0608145651403196,-0.5752689515354089,-8.259890947377848,3.204127398225982,8.0,0.25055447666617514,5.973796219157411,-5.973796219157411,1,2.354505775459272,-5.515694815981107,69.46089556298658,69.46089556298658,69.46089556298658,-0.7956233379286628,54.66392400546981,20,-0.7732694710772079,53.55371745939424,14.11276837869888,-1.5833484286583965,-11.532380175020585,-1.5183858233439138,-19.696866525740646,-0.23602416479365523,-1.2560257575302625,-1.2421170467171259,-0.324130498792625
22.000000000003904,7.794263222320275,0.14921354235736353,0.5117364689012803,-0.3333434049671594,0.5415855450608964,1.6806969093583954,8.0,0.20573677767972498,4.5805765590124645,-4.5805765590124645,1,2.0566175688192696,-13.352976916027295,69.41320122625605,69.41320122625605,69.41320122625605,-8.093507581283923,23.282427686254447,20,-7.799334797323362,22.48060723469278,14.619165920223983,-1.5219204758181624,-11.496977504753497,-1.5473248008582985,-19.84588440130633,-0.2598353814388984,-1.2304837100509167,-1.1009323052331799,-0.4828722138933349
22.050000000003966,7.796149869337464,0.15133625619501442,-0.20883733758131787,0.1228811221423061,-0.15338071460249372,-0.6332705400197617,8.0,0.203850130662536,-1.0486540424543331,1.0486540424543331,1,-1.0083184873912086,-3.279737207084524,71.1776972331487,71.1776972331487,71.1776972331487,-12.098318315876824,-13.96594706341638,20,-11.762783784551964,-13.569041417918811,14.273519204671569,-1.5644615179234767,-11.483989545012752,-1.4848236503383945,-19.756109214302022,-0.2927940152640656,-1.1730062572356779,-0.9795847484469649,-0.6979975231932722
22.100000000004027,7.787620295933303,0.15037421805989193,-0.1249925256319596,-0.02138959159372579,0.1980640085779577,0.1139898063102632,8.0,0.21237970406669682,-2.356208637606653,2.356208637606653,1,-1.4992619923494592,-3.5924794511372977,69.3566993439143,69.3566993439143,69.3566993439143,1.8202642869905872,11.204710306808927,20,1.7973040562081677,11.028613098861086,14.494614383429955,-1.540439344778283,-11.517644353805977,-1.5538200427513869,-19.81163706574929,-0.29037744312725416,-1.183537430571822,-1.0047517030999924,-0.6747698182906866
22.150000000004088,7.787044752386677,0.15091727365639387,0.10097900438256319,0.006118003529597889,0.05089691531330404,-0.02894728093368235,8.0,0.21295524761332274,-2.841265382043231,2.841265382043231,1,0.34090444727659075,-1.5142678948481616,67.28224876831894,67.28224876831894,67.28224876831894,4.365550534468734,-0.05255079008787966,20,4.327844575344891,-0.05216342746404301,14.49373625991509,-1.5405021058702733,-11.51758768446244,-1.5536046025712653,-19.811273719647335,-0.28661076977574723,-1.2032618051743218,-1.0615457707783846,-0.6304578610136286
22.20000000000415,7.798808232419494,0.15102201614055785,0.36910168773631874,0.0002986812302635515,0.030189749846165143,-0.0002878840003720304,8.0,0.2011917675805064,-2.614960037719958,2.614960037719958,1,2.3403395117945136,3.069874555558602,64.39374258666872,64.39374258666872,64.39374258666872,5.301021439791768,1.337234412193117,20,5.267772480436111,1.3303754031871207,14.51511873121556,-1.539327056586605,-11.518845672446083,-1.5569831990268626,-19.822153794678638,-0.2835178102784058,-1.218869889394105,-1.1259674293759785,-0.5867876671454837
22.25000000000421,7.823378413862081,0.15101981409990706,0.6133141781917828,-5.972517279591776e-05,0.026449820573803882,-0.000655880922280271,8.0,0.17662158613791856,-2.1491034775081563,2.1491034775081563,1,2.845803605281893,8.064485953295533,63.458219566964985,63.458219566964985,63.458219566964985,5.180129949774551,1.845767437186267,20,5.152655846861724,1.8375397989042408,14.544765562817672,-1.537920377278191,-11.520288993937482,-1.5590340169525447,-19.839138028857395,-0.28089638318944393,-1.2267312135286075,-1.182834575245205,-0.5495270452504609
22.30000000000427,7.859000279989944,0.1510181837401371,0.8112494923064024,-1.3974758470002525e-05,0.021729716928501182,-0.0007674129633733915,8.0,0.1409997200100559,-1.6361277378463057,1.6361277378463057,1,2.38524798821901,11.886786193579887,64.29942653461906,64.29942653461906,64.29942653461906,4.657475619239915,2.935615073193153,20,4.632802109802846,2.9213040431197133,14.59324066955954,-1.53564001579259,-11.522619131832377,-1.5591406321566528,-19.868337507238625,-0.27848867819178114,-1.2284217334308531,-1.2288584928074968,-0.5186210624881171
22.350000000004332,7.903259374618643,0.15101748279596025,0.9588765596075814,-9.296038600758007e-06,0.016531047985850818,-0.0008271392690851959,8.0,0.09674062538135697,-1.1612847538108155,1.1612847538108155,1,1.7609917145382876,13.64929455105005,65.18837571478893,65.18837571478893,65.18837571478893,4.01254191587659,4.017409574862694,20,3.9890599910822764,3.9940434416355477,14.661655230597521,-1.5322492600661568,-11.526069919314986,-1.5562010780977682,-19.910225580549923,-0.2762127656263875,-1.2264336419495407,-1.264876170104054,-0.4930146323338322
22.400000000004393,7.953741627122974,0.1510169727127004,1.0602459225038505,-6.623221047501144e-06,0.011612748532654087,-0.0007650543869267215,8.0,0.046258372877026055,-0.7534231937397753,0.7534231937397753,1,1.3306869403185182,13.719135126184268,65.6462550525338,65.6462550525338,65.6462550525338,3.3760036315147666,4.953106023869366,20,3.3536617586081454,4.9188895931408565,14.748284787681284,-1.527641852541085,-11.530745598921527,-1.5501012849843592,-19.963141007259114,-0.2740796210477531,-1.2227846857702145,-1.2928271947115086,-0.4716864052342593
22.450000000004454,8.008303098743848,0.15101663059120504,1.1221065212683359,-4.092104587276984e-06,0.0073436262368824215,-0.000654330122873065,8.0,-0.00830309874384838,-0.41574946842652355,0.41574946842652355,1,1.1226909471541122,12.87440235732108,65.83068294457328,65.83068294457328,65.83068294457328,2.7991149453984643,5.700777123720331,20,2.7784881893898765,5.655592599545932,14.850066121082017,-1.521826905027148,-11.536635636475076,-1.5415034351196564,-20.024477039527927,-0.272121501030538,-1.2187747373533457,-1.3145908893149123,-0.45383147656624795
22.500000000004515,8.06514347122612,0.1510164260783594,1.1514529121916914,-2.2023459408524835e-06,0.0037990545866017087,-0.0005370650736071362,8.0,-0.0651434712261203,-0.14137016016539597,0.14137016016539597,1,1.0722400158301966,11.704483630328047,65.88294955561342,65.88294955561342,65.88294955561342,2.2953884980881964,6.266239903496723,20,2.2770383496693003,6.211300550324781,14.963608471040466,-1.5148880355396512,-11.543656232389832,-1.5314496568978644,-20.091481207974354,-0.2703639976416587,-1.21511976837008,-1.3316618887592593,-0.43884972358103147
22.550000000004577,8.12279429296525,0.15101631681258873,1.1545658711514644,-9.79373762394982e-07,0.0009250348394907064,-0.00043073799459675906,8.0,-0.12279429296524924,0.07943049490533444,-0.07943049490533444,1,1.121465484247032,10.500594649061698,65.86925170744736,65.86925170744736,65.86925170744736,1.8621289942661328,6.673031819916738,20,1.8463742086491952,6.610244217670169,15.085725733680341,-1.5069456613061742,-11.551687545480593,-1.521057286321851,-20.16165869208382,-0.2688208177145268,-1.2121441239033794,-1.345137689636405,-0.4263021993308603
22.600000000004638,8.180076737644518,0.1510162671127686,1.1367509649765433,-2.6013920690788896e-07,-0.0013744345205398663,-0.0003405173920485891,8.0,-0.1800767376445176,0.2561028852358921,-0.2561028852358921,1,1.234313541877711,9.36193590246691,65.83006396282157,65.83006396282157,65.83006396282157,1.490878599918381,6.948619892219464,20,1.477790967331178,6.88003525580998,15.213660941198997,-1.4981315793441903,-11.560598613180622,-1.511343911441978,-20.232927939534125,-0.26749615162592677,-1.2099348369131384,-1.3557953474145148,-0.4158703809183123
22.6500000000047,8.236053679587044,0.15101625197599633,1.1023720546562417,1.2562302357562606e-07,-0.003198240519682196,-0.00026620043171304424,8.0,-0.23605367958704448,0.3967389193276509,-0.3967389193276509,1,1.388822968555636,8.301334776480154,65.80263669641556,65.80263669641556,65.80263669641556,1.1721607807813266,7.118514226705003,20,1.1616366314907627,7.045988837126375,15.345134337001406,-1.4885753574116927,-11.570260634951477,-1.5031492893623288,-20.30364185637206,-0.2663881127433147,-1.2084455278975486,-1.3641768214600527,-0.4073231781013757
22.70000000000476,8.289986033605391,0.15101625535787316,1.0549881420255076,3.055806170800767e-07,-0.004633247117321824,-0.00020562579628946362,8.0,-0.2899860336053912,0.5078605058247132,-0.5078605058247132,1,1.5691070669241085,7.3041999196690135,65.82226210269745,65.82226210269745,65.82226210269745,0.8974118888721827,7.204244576816369,20,0.889248310890848,7.129286480695039,15.478305612006926,-1.4783987692192437,-11.58055236491861,-1.4971148685378366,-20.37254740019661,-0.2654912802846079,-1.2075609584581213,-1.3706596622530176,-0.4004908949620075
22.75000000000482,8.341296410898195,0.15101626746329777,0.9975091023976174,3.6420736136300133e-07,-0.005750479862028196,-0.00015621210660500263,8.0,-0.3412964108981953,0.5945527696344568,-0.5945527696344568,1,1.760494083142234,6.354386848098866,65.9163835449387,65.9163835449387,65.9163835449387,0.6595942912824859,7.223107632593665,20,0.6535469462007044,7.146847165129037,15.611704131271724,-1.4677147227166851,-11.591361112141119,-1.4936923921385246,-20.43872435139655,-0.26479812786916335,-1.2071356492884842,-1.3755101046788527,-0.39524466298025984
22.800000000004882,8.389540212415698,0.15101628251483762,0.9323374576693482,3.540708331553272e-07,-0.006605863270853085,-0.00011557166298513956,8.0,-0.3895402124156977,0.6606981256138431,-0.6606981256138431,1,1.9471284441181602,5.4430378546491704,66.09889343462508,66.09889343462508,66.09889343462508,0.45323897392125323,7.188628007453288,20,0.4490590212681165,7.111856240993135,15.744155051402336,-1.4566282694313155,-11.602581716878209,-1.4931644933326056,-20.501523322564505,-0.2642996065064581,-1.2070167540964862,-1.3789215727520703,-0.39148004901162553
22.850000000004943,8.434383225012818,0.15101629721120446,0.8614867451455477,3.067256181168553e-07,-0.007242457043527662,-8.169800035696217e-05,8.0,-0.4343832250128177,0.7092126439672748,-0.7092126439672748,1,2.1113202854373707,4.56947165515631,66.36819011788998,66.36819011788998,66.36819011788998,0.27427600356181014,7.111229674317393,20,0.27173007818046613,7.034466786372876,15.874713669719032,-1.445238304306156,-11.614114865253045,-1.4956683016004277,-20.56051131934817,-0.26398518960261197,-1.207057822030249,-1.3810424572778817,-0.38910381364175356
22.900000000005004,8.475584549601578,0.15101630974116143,0.7866764630055979,2.406861252874666e-07,-0.007692901486269944,-5.297781010649349e-05,8.0,-0.47558454960157803,0.7422543591148203,-0.7422543591148203,1,2.2343634936655024,3.7384881735840776,66.70974390933729,66.70974390933729,66.70974390933729,0.11980954914583042,6.998903026220917,20,0.11868756443579209,6.9224741993933225,16.002612155113024,-1.433639231341556,-11.625865451352873,-1.501217973576793,-20.615427177249412,-0.26384261755000266,-1.2071274450889167,-1.3819963561008428,-0.38802308406921787
22.950000000005065,8.51298376170559,0.15101631918165548,0.7094064523593065,1.6674025544355883e-07,-0.00798162884152216,-2.8146074241732256e-05,8.0,-0.5129837617055895,0.7614022356305197,-0.7614022356305197,1,2.2986015644018156,2.9563500773265385,67.10142432898263,67.10142432898263,67.10142432898263,-0.012105602718185615,6.857793702719992,20,-0.011990842177502348,6.781900586011677,16.127219017277447,-1.4219222370765032,-11.637741337361163,-1.5097247571808219,-20.666146454372566,-0.2638575135120849,-1.2071150626384384,-1.3818970156587418,-0.3881365156613686
23.000000000005127,8.546491350343798,0.15101632514519475,0.631013675663724,9.131105268316871e-08,-0.008126770260436537,-6.235696541995218e-06,8.0,-0.546491350343798,0.7678147348411346,-0.7678147348411346,1,2.2902029768955585,2.227009143001986,67.51884186300532,67.51884186300532,67.51884186300532,-0.12267460953301157,6.692701498633927,20,-0.12149292178066662,6.617483284320276,16.24801017645956,-1.4101759947669879,-11.649652686455497,-1.5210145832420647,-20.71265427302756,-0.26401300371972547,-1.2069351009803178,-1.3808593614963953,-0.3893273342323031
23.050000000005188,8.576081607358093,0.15101632758238168,0.5527134800157355,1.8508355647642685e-08,-0.008141828933190492,1.3459924924391999e-05,8.0,-0.576081607358093,0.7623781195944334,-0.7623781195944334,1,2.2017454411853286,1.549852201639094,67.93889831945016,67.93889831945016,67.93889831945016,-0.2125668094949329,6.507500439150357,20,-0.21047884126873817,6.4330817507572995,16.364550054303365,-1.3984867083708727,-11.661511959630001,-1.5348438297011908,-20.755024297951724,-0.26428945952254207,-1.2065299178481563,-1.3790073330737838,-0.3914584490274343
23.10000000000525,8.601787219247068,0.15101632667814682,0.4756264560501212,-4.864775014495364e-08,-0.00803721903934126,3.14085653283541e-05,8.0,-0.6017872192470684,0.745850939871815,-0.745850939871815,1,2.033685659934399,0.9197008927695105,68.34147105486984,68.34147105486984,68.34147105486984,-0.28212413878451903,6.305494886156194,20,-0.2792901561941612,6.23201921670869,16.47648104442709,-1.386937457809104,-11.673234616363903,-1.5509141362851058,-20.793402080560853,-0.26466447123930487,-1.205871551948442,-1.3764787472150122,-0.39437005928149177
23.15000000000531,8.623694853578703,0.15101632280211397,0.4007913831577355,-1.0754066723398377e-07,-0.007821741697864532,4.785032250916577e-05,8.0,-0.6236948535787032,0.7190044398576926,-0.7190044398576926,1,1.7942245842642244,0.32889270239510726,68.7101740265444,68.7101740265444,68.7101740265444,-0.33157982807937114,6.089721073665732,20,-0.32816714677498715,6.017369386539569,16.583519697885514,-1.3756068632917882,-11.684740502681338,-1.5688871105482622,-20.827991196973198,-0.26511315037297994,-1.2049619848349467,-1.373427111226216,-0.39788027894396477
23.20000000000537,8.641941057074336,0.15101631648541675,0.32916477129656685,-1.556737693859152e-07,-0.0075040071653383845,6.280817869662617e-05,8.0,-0.6419410570743356,0.6827507177577159,-0.6827507177577159,1,1.4977163438530394,-0.22961553810526958,69.032980823018,69.032980823018,69.032980823018,-0.3612835391439331,5.863193806601843,20,-0.35747084824543807,5.792188726092273,16.68545783085996,-1.3645671664377492,-11.695955829142443,-1.5883995175577357,-20.85904089828988,-0.2656088233125395,-1.2038315057359634,-1.3700202160020605,-0.4017891999871144
23.250000000005432,8.656707827188065,0.1510163084019615,0.2616082775095503,-1.9073066116048307e-07,-0.007093735893674101,7.610977124860343e-05,8.0,-0.6567078271880646,0.6382438756762765,-0.6382438756762765,1,1.1622305752397333,-0.7595389473622527,69.30279366415067,69.30279366415067,69.30279366415067,-0.3719165697718033,5.62908822030636,20,-0.3678938355009631,5.559685309330814,16.782166531750484,-1.3538819295195805,-11.70681553582907,-1.6090791202235717,-20.886834361790324,-0.2661241190539922,-1.202534853532305,-1.366435483540384,-0.40588645845559806
23.300000000005493,8.668217317585208,0.1510162993364693,0.19886666037442993,-2.109121262497903e-07,-0.00660280381636786,8.743028101761016e-05,8.0,-0.6682173175852082,0.5869368468773573,-0.5869368468773573,1,0.8069726238786684,-1.2600211665295054,69.51760007274717,69.51760007274717,69.51760007274717,-0.36466990048847603,5.39084063883486,20,-0.3606333087748439,5.323309588241034,16.8736008269701,-1.343603660360189,-11.7172657329283,-1.6305608001090492,-20.911677067423906,-0.26663237075506907,-1.2011450984615595,-1.362852404801447,-0.4099617894463687
23.350000000005554,8.676725311501714,0.15101629012838486,0.14154054996795404,-2.1542175613141623e-07,-0.00604586611651379,9.63603894495439e-05,8.0,-0.6767253115017144,0.530579884297703,-0.530579884297703,1,0.4500805729266413,-1.7261438649463687,69.6799365605646,69.6799365605646,69.6799365605646,-0.341353397379635,5.152154075222242,20,-0.337495856182206,5.086753927313346,16.95980273082042,-1.3337717429084182,-11.727265831023253,-1.6525020586006003,-20.93388527830882,-0.2671091652499405,-1.1997456655525027,-1.3594428984012281,-0.4138173900216227
23.400000000005615,8.68251334310658,0.15101628159111208,0.09005959935264715,-2.0490768109835207e-07,-0.00544041796472116,0.00010249455565835613,8.0,-0.6825133431065797,0.47115579564856985,-0.47115579564856985,1,0.10705278717264965,-2.150724489093837,69.79572463662916,69.79572463662916,69.79572463662916,-0.30440965974861833,4.916903876364324,20,-0.30090849322758106,4.853857225815333,17.04090070101197,-1.3244110558130164,-11.736789971943457,-1.6745966315062135,-20.953774994025615,-0.26753381404628596,-1.198421369413689,-1.3563608996232441,-0.4172803628238939
23.450000000005677,8.685879635714315,0.15101627441811444,0.04466199967457273,-1.8165268769945108e-07,-0.004806232623328679,0.00010552614491864048,8.0,-0.6858796357143149,0.41075975281620186,-0.41075975281620186,1,-0.21014835047269942,-2.5265566318660615,69.87281350256563,69.87281350256563,69.87281350256563,-0.2568209661486205,4.688955405171298,20,-0.2538252425494316,4.628426462517036,17.117104191432514,-1.315531574834049,-11.745827458110671,-1.6965848852219678,-20.97165198076073,-0.26789050919618207,-1.1972496640357502,-1.3537327785443098,-0.42021330120430367
23.500000000005738,8.687129304949966,0.15101626909684476,0.00538554777438357,-1.4937316563980945e-07,-0.004164238555369871,0.00010533038805445192,8.0,-0.6871293049499663,0.351444089889544,-0.351444089889544,1,-0.4933910702863409,-2.8483034178761426,69.91960782431357,69.91960782431357,69.91960782431357,-0.20191909066540092,4.471923724397183,20,-0.19953922153991233,4.414004051547924,17.18869294435755,-1.3071290912275073,-11.75438204425692,-1.718259957387911,-20.987803507875373,-0.2681689778822992,-1.196293373394809,-1.3516501488242014,-0.42252132175288293
23.5500000000058,8.686564484920744,0.151016265853647,-0.027926521998285544,-1.1262851223960934e-07,-0.003535022399628877,0.00010201627022100897,8.0,-0.6865644849207442,0.29505675694047173,-0.29505675694047173,1,-0.7381985083214574,-3.113590212588618,69.9440323809576,69.9440323809576,69.9440323809576,-0.14312921370904075,4.268918985105356,20,-0.1414309327665889,4.213622847219754,17.25600168934796,-1.2991869780580687,-11.762470158940282,-1.7394691984842197,-21.002492248231604,-0.26836454867812937,-1.1955959085910106,-1.350166226197285,-0.42415451887399497
23.60000000000586,8.684475127415437,0.1510162646456986,-0.055604470954562016,-7.599897657959302e-08,-0.0029372327861107747,9.593488920247654e-05,8.0,-0.6844751274154373,0.24310311843697396,-0.24310311843697396,1,-0.943253652642525,-3.3232299839964616,69.95291275820796,69.95291275820796,69.95291275820796,-0.08369382454184093,4.082325499009257,20,-0.08269756480201396,4.029594646309312,17.31940176995087,-1.2916787549450301,-11.770118308316805,-1.7601111963850604,-21.01595250694881,-0.26847765996387,-1.1951794630106785,-1.349296215025552,-0.4251057208102599
23.65000000000592,8.681131177248343,0.15101626520212288,-0.07811809707316339,-4.3284432135648526e-08,-0.002386180120486917,8.764272581689621e-05,8.0,-0.6811311772483428,0.19665424620679828,-0.19665424620679828,1,-1.1097313920950835,-3.4807855416379083,69.95172236821722,69.95172236821722,69.95172236821722,-0.02642553776829326,3.913655162933787,20,-0.02611095048177392,3.8633710590598698,17.37928170672842,-1.284571086868651,-11.777360032321598,-1.780129313637368,-21.02838863813328,-0.2685129411380852,-1.1950460697117093,-1.3490214294923057,-0.4254042997827765
23.700000000005982,8.67677665537706,0.15101626710153673,-0.09603439704126598,-1.696097613952253e-08,-0.0018928725394328073,7.782977273561215e-05,8.0,-0.6767766553770596,0.15631313407479086,-0.15631313407479086,1,-1.2405815066593848,-3.591774701524527,69.9445880139558,69.9445880139558,69.9445880139558,0.02647160328608672,3.7634989316128107,20,0.026157292819635802,3.715499410193145,17.4360287471578,-1.2778268269582553,-11.784232810493982,-1.7995030663364064,-21.03997528278768,-0.26847805383907675,-1.1951808896824296,-1.349296208067907,-0.4251073933749952
23.750000000006043,8.67162592966496,0.15101626986383793,-0.10997240454784439,1.980958771906995e-09,-0.0014636180178133954,6.723043170060245e-05,8.0,-0.6716259296649607,0.12223730317516286,-0.12223730317516286,1,-1.339853176708024,-3.6627941278248506,69.93444371550123,69.93444371550123,69.93444371550123,0.07349083666601947,3.6315786466629856,20,0.0726224888277352,3.585675821002253,17.49001310137632,-1.2714077687941103,-11.790775258851028,-1.8182387521672838,-21.050858955510108,-0.2683824857818592,-1.1955568081130725,-1.3500563151553526,-0.4242901102906255
23.800000000006104,8.665862180230743,0.15101627303328205,-0.12056056660455207,1.3841051656383194e-08,-0.0011001943581264292,5.653704965194117e-05,8.0,-0.665862180230743,0.09420585277825737,-0.09420585277825737,1,-1.4121166679955492,-3.7007452701155046,69.92324761490855,69.92324761490855,69.92324761490855,0.11382047635049508,3.5168820603854907,20,0.11248456134189472,3.472878856648442,17.541575963134576,-1.2652768807379848,-11.797024850752685,-1.8363605314637963,-21.061160512217704,-0.26823645424767933,-1.1961393851504363,-1.351227493302056,-0.42303614309826626
23.850000000006165,8.659637827709762,0.15101627623676883,-0.1284008422289725,1.979014907033812e-08,-0.0008004806878924882,4.6332111946785544e-05,8.0,-0.6596378277097621,0.0717133702054569,-0.0717133702054569,1,-1.4620082357134916,-3.7122494552491694,69.912207396891,69.912207396891,69.912207396891,0.14726688622752976,3.417851243929722,20,0.14555230703144528,3.3755548447844252,17.591021743736167,-1.259399916486813,-11.803016270899754,-1.853902790821545,-21.07097810408439,-0.2680500195222819,-1.1968913851835712,-1.3527330753070037,-0.4214298176047634
23.900000000006226,8.653076526122721,0.15101627921157312,-0.13404200666280117,2.1396068398528042e-08,-0.0005593807859415338,3.7047783835356945e-05,8.0,-0.6530765261227209,0.05407249731844693,-0.05407249731844693,1,-1.4939027872122583,-3.703268082502384,69.9019847326461,69.9019847326461,69.9019847326461,0.17412853823187702,3.332590666869568,20,0.17211958745875766,3.2918221117958604,17.63861435209719,-1.2537464026428975,-11.808780402864397,-1.8709042034349017,-21.08039031853254,-0.2678324502784969,-1.19777639398364,-1.3544999646318652,-0.4195501300159302
23.950000000006288,8.646276241569982,0.1510162818059739,-0.13796289961219335,2.0227515406218117e-08,-0.00036985546343251815,2.8953726161553935e-05,8.0,-0.6462762415699821,0.04051010837155141,-0.04051010837155141,1,-1.5117049134897895,-3.6789033716757262,69.89286608524178,69.89286608524178,69.89286608524178,0.1950490650620863,3.259065020558866,20,0.19282077197785746,3.2196649877102117,17.684576926250976,-1.2482900793518268,-11.814343873576089,-1.8874035447470048,-21.089459295565835,-0.2675918361562556,-1.1987613257246863,-1.356462713062324,-0.4174668889275613
24.00000000000635,8.639312936867043,0.15101628396156952,-0.14056492536442375,1.760184321655078e-08,-0.00022390791891080796,2.216824865363545e-05,8.0,-0.6393129368670429,0.030247112200709286,-0.030247112200709286,1,-1.5187407478828319,-3.6433385484828102,69.8848971178512,69.8848971178512,69.8848971178512,0.2108732034929231,3.1952654300324985,20,0.20848889445390445,3.15709673021935,17.729094188066735,-1.2430089107467506,-11.81972903639987,-1.9034370776804985,-21.098233675054043,-0.2673349127713674,-1.1998178540091156,-1.3585657696775844,-0.4152387631639916
24.05000000000641,8.632244440366792,0.15101628568715936,-0.14217217328937864,1.4478692375076907e-08,-0.00011341450008847089,1.6684892969151254e-05,8.0,-0.632244440366792,0.02255714252604882,-0.02255714252604882,1,-1.517729139432596,-3.599874429550931,69.87798315540849,69.87798315540849,69.87798315540849,0.22252229748648145,3.1393327819310963,20,0.22003294373447707,3.1022803370476035,17.77231653388215,-1.2378847934067505,-11.82495426248432,-1.9190371945564466,-21.10675127916798,-0.2670670502154437,-1.2009229452627952,-1.3607641992521917,-0.4129128571416748
24.10000000000647,8.62511416966128,0.15101628703216666,-0.14303709315968147,1.1463041539498779e-08,-3.07461716194881e-05,1.2406226476230134e-05,8.0,-0.6251141696612805,0.016803721851242435,-0.016803721851242435,1,-1.5108097891247994,-3.5510246824232157,69.87196050909056,69.87196050909056,69.87196050909056,0.2308982105967807,3.0896359252294836,20,0.22834304919215453,3.053605043846222,17.814365043868598,-1.232903082210281,-11.830034418865461,-1.9342319700703303,-21.11504147043615,-0.2667923538853723,-1.2020587340993985,-1.3630232704090672,-0.4105253741403481
24.150000000006532,8.617954484667129,0.15101628806447448,-0.1433496385792229,8.869660012376358e-09,3.082896501210567e-05,9.178077153853599e-06,8.0,-0.6179544846671288,0.0124584026433129,-0.0124584026433129,1,-1.4996075303911385,-3.4986399828278776,69.86664420082352,69.86664420082352,69.86664420082352,0.23681785169528907,3.0448090716375065,20,0.23422578867608285,3.0097227489456992,17.8553367404131,-1.2280520327264501,-11.83498143232939,-1.9490453082654697,-21.123127155436702,-0.2665138316854008,-1.2032119802798518,-1.3653173204440825,-0.4081029495431067
24.200000000006593,8.610789542544083,0.151016288854604,-0.14324804713214906,6.808208721856012e-09,7.69402573261733e-05,6.819642829335048e-06,8.0,-0.610789542544083,0.009103919394134376,-0.009103919394134376,1,-1.4853150986099797,-3.444039455037702,69.86185746783019,69.86185746783019,69.86185746783019,0.24097584723454327,3.003756494888654,20,0.23836723599038645,2.96955231742866,17.895309604722364,-1.2233222346834522,-11.839804863055807,-1.9634974256369235,-21.131026429546488,-0.2662335904873488,-1.2043733111718422,-1.3676282501824426,-0.4056643047768353
24.250000000006654,8.603637608503764,0.1510162894661075,-0.14282982380601225,5.262805773927049e-09,0.00011206695922119482,5.147094797964125e-06,8.0,-0.6036376085037638,0.006426810551440789,-0.006426810551440789,1,-1.4687807485729492,-3.3881350551839478,69.85744783389606,69.85744783389606,69.85744783389606,0.2439302521383231,2.965633972366083,20,0.24131874522917882,2.932261045734103,17.934347037183276,-1.2187060868456097,-11.84451243670998,-1.9776054799426286,-21.13875387953737,-0.265953034566835,-1.2055364033582963,-1.3699439207922928,-0.4032219596008978
24.300000000006715,8.596512837353577,0.15101628995097197,-0.14216192898098506,4.153877273888278e-09,0.00013960354908767504,3.990039598821161e-06,8.0,-0.5965128373535773,0.004203656939237421,-0.004203656939237421,1,-1.45059122870187,-3.33154051674131,69.85329376952126,69.85329376952126,69.85329376952126,0.2461052133113637,2.9298160169927967,20,0.24349948785562134,2.8972321845164166,17.972501599576628,-1.2141973425620156,-11.84911050510889,-1.9913842166773161,-21.146321577172994,-0.26567304795755603,-1.2066972064282075,-1.3722566386696289,-0.40078382634046766
24.350000000006776,8.58942658050713,0.1510162903485077,-0.14128957363556993,3.380047723068112e-09,0.0001619951325912333,3.2013679178570965e-06,8.0,-0.5894265805071299,0.0022843684992206025,-0.0022843684992206025,1,-1.4311443704344962,-3.2746610328684387,69.84930517518835,69.84930517518835,69.84930517518835,0.24780467259894276,2.8958565301357573,20,0.24520991538749523,2.8640260260153645,18.00981799595493,-1.2097907385565883,-11.853604422590541,-2.0048465563315814,-21.15373980752524,-0.26539415046298026,-1.2078532686109171,-1.3745618383123617,-0.3983545839316097
24.400000000006838,8.582388294792784,0.15101629068633682,-0.14024335458474843,2.8429659723411898e-09,0.00018090694520560556,2.6616529970916997e-06,8.0,-0.5823882947927839,0.0005750884274913805,-0.0005750884274913805,1,-1.410708593436941,-3.2177630848619776,69.84542018521726,69.84542018521726,69.84542018521726,0.2492320360141324,2.863448657797772,20,0.24665114038143032,2.8323402439267333,18.04633533195587,-1.2054817074390398,-11.857998837529586,-2.018004083997221,-21.161017580475782,-0.2651166231295288,-1.2090031906260095,-1.3768570128420652,-0.3959367877755743
24.4500000000069,8.575406136601869,0.15101629098241579,-0.13904470814982828,2.4596306720111672e-09,0.0001974006105164092,2.279489554649337e-06,8.0,-0.5754061366018686,-0.0009775599732362666,0.0009775599732362666,1,-1.3894688611352013,-3.1610259151189704,69.84160013716142,69.84160013716142,69.84160013716142,0.2505118661372131,2.832387763493169,20,0.24794633874804692,2.801973334123061,18.082088742818584,-1.2012661665481439,-11.862297906456295,-2.030867429558378,-21.168162973567043,-0.2648406033229257,-1.2101462109049026,-1.3791408987133902,-0.3935317129092839
24.50000000000696,8.568487321902607,0.1510162912473722,-0.13770982419951788,2.166681501999391e-09,0.00021209847499230713,1.9891270756189124e-06,8.0,-0.568487321902607,-0.0023998893401445693,0.0023998893401445693,1,-1.3675600907048255,-3.1045773065312563,69.83782399572392,69.83782399572392,69.83782399572392,0.2517108191696758,2.8025397848348117,20,0.24916142393745103,2.7727933835581506,18.11711050438735,-1.1971403713942899,-11.866505442662394,-2.0434465436362546,-21.17518335030145,-0.2645661523412556,-1.2112819107977082,-1.3814128935130225,-0.39113995461722345
24.55000000000702,8.561638323222494,0.15101629148672419,-0.13625225540011796,1.920020874473506e-09,0.0002253249690754573,1.7465653592606282e-06,8.0,-0.5616383232224944,-0.0037018099949472165,0.0037018099949472165,1,-1.3450898507857532,-3.048516797412693,69.8340830635352,69.8340830635352,69.8340830635352,0.2528560958618029,2.773815930089948,20,0.25032327768779666,2.7447131041254194,18.151430745787273,-1.1931008203310183,-11.87062501284895,-2.0557508838726264,-21.182085491597565,-0.26429330001369333,-1.212410020639203,-1.383672670673287,-0.388761825070494
24.600000000007082,8.554864962021917,0.15101629170276293,-0.134684493946444,1.6920657876501548e-09,0.00023722004855297594,1.5250302685760185e-06,8.0,-0.5548649620219166,-0.004884737079070728,0.004884737079070728,1,-1.322152520489739,-2.9929294454480524,69.83037645170806,69.83037645170806,69.83037645170806,0.25395053230034886,2.7461537210611735,20,0.25143466874082315,2.717671133178016,18.18507787379278,-1.189144197350725,-11.87465999510767,-2.0677895301248803,-21.18887567070964,-0.26402207127257066,-1.2135303047555377,-1.3859199492127212,-0.3863975898734548
24.650000000007143,8.548172441327527,0.1510162918960145,-0.13301878567814449,1.4681167045244665e-09,0.0002478242377948715,1.3104887202845194e-06,8.0,-0.5481724413275266,-0.0059470130664416206,0.0059470130664416206,1,-1.2988370821971866,-2.937892938183272,69.82670751498489,69.82670751498489,69.82670751498489,0.2549840999375673,2.719503772251897,20,0.25248562745656045,2.6916189959037946,18.218078802774137,-1.1852673413552097,-11.878613610052833,-2.0795712474747923,-21.195559694530097,-0.26375249954006275,-1.2146425040244333,-1.3881543773113993,-0.3840475873499719
24.700000000007204,8.541565350697526,0.15101629206628459,-0.13126742354840576,1.2426528292734828e-09,0.00025713774291737427,1.097626612328435e-06,8.0,-0.5415653506975264,-0.006887263436410959,0.006887263436410959,1,-1.2752305051738977,-2.8834803757307963,69.8230812701294,69.8230812701294,69.8230812701294,0.255942023717315,2.693821359036819,20,0.253461479551967,2.6665127932024446,18.2504590648538,-1.181467232316993,-11.882488934826736,-2.0911045140508677,-21.20214292751326,-0.26348463119797383,-1.2157463171336764,-1.3903754931486705,-0.38171226844039957
24.750000000007265,8.535047664536373,0.1510162922133337,-0.12944272072675056,1.0160400843053548e-09,0.0002651577632264898,8.865175518886688e-07,8.0,-0.5350476645363731,-0.007706156588180254,0.007706156588180254,1,-1.2514183479356227,-2.8297605297798896,69.81950269967828,69.81950269967828,69.81950269967828,0.2568099899349132,2.6690617051977683,20,0.25434800290686943,2.642308558781386,18.282242855629498,-1.1777409869878184,-11.886288907428558,-2.102397527620476,-21.20863030886348,-0.26321852462135203,-1.2168414051991159,-1.3925827330317866,-0.37939218814929687
24.800000000007326,8.528622745923244,0.15101629233725467,-0.12755681725264725,7.918553910692515e-10,0.0002718987865572567,6.800602034899567e-07,8.0,-0.5286227459232435,-0.008407025560549813,0.008407025560549813,1,-1.227483839129352,-2.776796883139279,69.81597578215717,69.81597578215717,69.81597578215717,0.2575770369820011,2.645177949196101,20,0.25513429239132684,2.618960258299983,18.313453053490917,-1.1740858589311958,-11.890016326665032,-2.1134582015085126,-21.21502636925601,-0.262954246412907,-1.2179274081694216,-1.3947754640068053,-0.37708797202087213
24.850000000007388,8.522293361541205,0.1510162924386281,-0.12562142947923807,5.749038894397944e-10,0.0002774005930134655,4.821565982418551e-07,8.0,-0.5222933615412053,-0.00899575369655511,0.00899575369655511,1,-1.203506340639923,-2.7246463184622565,69.81250306996608,69.81250306996608,69.81250306996608,0.25823673953484333,2.6221208724188734,20,0.2558139356167775,2.596419525880806,18.344111236213056,-1.1704992394814742,-11.893673851168868,-2.1242941571641967,-21.22133525016634,-0.262691866683489,-1.2190039649719577,-1.3969530249163105,-0.37480027409535915
24.90000000000745,8.516061708809497,0.15101629251852802,-0.12364761250961173,3.6985063998500645e-10,0.00028172817115596795,2.9653824412319667e-07,8.0,-0.516061708809497,-0.009480249497902651,0.009480249497902651,1,-1.1795597841279504,-2.6733579735653383,69.80908564389117,69.80908564389117,69.80908564389117,0.2587872449595562,2.599839644896786,20,0.2563850518749988,2.5746364034134395,18.374237707496572,-1.1669786576837193,-11.897263999457698,-2.1349127179282332,-21.227560726730616,-0.26243145454759403,-1.220070732358539,-1.3991147656911986,-0.37252973678520773
24.95000000000751,8.509929453597932,0.15101629257843677,-0.12164557441487636,1.804523507904005e-10,0.0002849669858947434,1.2611399556574707e-07,8.0,-0.5099294535979322,-0.009869753259179454,0.009869753259179454,1,-1.1557114191269033,-2.6229725177887295,69.8057232972334,69.8057232972334,69.8057232972334,0.2592306294308032,2.578283029643171,20,0.25684965666004117,2.5535605313226815,18.403851538311176,-1.1635217783366725,-11.900789151922678,-2.14532090638204,-21.2337062337532,-0.2621730744699782,-1.2211273997672447,-1.4012600792797971,-0.3702769583604603
25.00000000000757,8.50389777554655,0.15101629262011926,-0.11962455771223066,9.208138212515279e-12,0.00028721619486935673,-2.7294403856731513e-08,8.0,-0.5038977755465499,-0.010174140409680005,0.010174140409680005,1,-1.1320210213315836,-2.5735219224280805,69.80241483389263,69.80241483389263,69.80241483389263,0.2595719342028987,2.557400661532778,20,0.2572127085297083,2.5331424119493593,18.432970622861458,-1.1601263979803644,-11.90425155490618,-2.1555254461018976,-21.239774893812562,-0.26191678371210386,-1.222173699218716,-1.403388423993677,-0.3680424702729501
25.050000000007632,8.497967417634237,0.15101629264548933,-0.11759278782835136,-1.4267937498860892e-10,0.00028858160611505414,-1.6295428371773065e-07,8.0,-0.49796741763423746,-0.010403320311476097,0.010403320311476097,1,-1.108540579923939,-2.525029685691539,69.79915839707964,69.79915839707964,69.79915839707964,0.2598181366021323,2.5371441660722294,20,0.2574810904640168,2.5133345141544776,18.461611746178185,-1.156790439099963,-11.907653326591822,-2.1655327676309604,-21.245769546201775,-0.2616626308709131,-1.2232094103788291,-1.4054993362973187,-0.36582672425586366
25.100000000007693,8.492138736887915,0.1510162926564897,-0.11555747892506281,-2.7514707247630103e-10,0.00028916947594822287,-2.8106768019223017e-07,8.0,-0.4921387368879149,-0.010566777514716469,0.010566777514716469,1,-1.085314403976259,-2.4775114137338456,69.7959517746101,69.7959517746101,69.7959517746101,0.2599772165721857,2.5174680008361303,20,0.2576626851796273,2.494092103628498,18.489790659158576,-1.1535119430263436,-11.910996464218396,-2.175349017918896,-21.251692775511536,-0.2614106553540416,-1.22423436155106,-1.4075924353806675,-0.36363008780471273
25.150000000007754,8.486411753714355,0.15101629265499777,-0.11352488309778896,-3.8901391170711925e-10,0.0002890816966692643,-3.825433150824373e-07,8.0,-0.4864117537143553,-0.010673265483991556,0.010673265483991556,1,-1.0623795491687453,-2.430975638975916,69.79279265082617,69.79279265082617,69.79279265082617,0.26005740374275854,2.4983299869242566,20,0.25776562877679277,2.4753737668482416,18.517522156799775,-1.1502890620678694,-11.914282852074644,-2.184980072248149,-21.257546938891704,-0.2611608875688063,-1.2252484276312539,-1.409667421452019,-0.36145284604545
25.200000000007815,8.480786198056975,0.15101629264275976,-0.11150036813134584,-4.856904643927097e-10,0.00028841252546823163,-4.687537907244453e-07,8.0,-0.4807861980569754,-0.010730639170305716,0.010730639170305716,1,-1.0397664559951516,-2.3854247616672417,69.78967879336227,69.78967879336227,69.78967879336227,0.26006663374932093,2.4796915525731027,20,0.2577977713858942,2.457141650671266,18.544820155942272,-1.1471200513645063,-11.917514269776078,-2.1944315476593363,-21.263334191316773,-0.26091334959191004,-1.2262515260797344,-1.411724069790483,-0.35929520790090796
25.250000000007876,8.475261551285127,0.15101629262135263,-0.1094885104173301,-5.66921021495063e-10,0.0002872467463717739,-5.413154181639019e-07,8.0,-0.4752615512851275,-0.010745800133756483,0.010745800133756483,1,-1.0174996990852287,-2.340856019506658,69.7866081754418,69.7866081754418,69.7866081754418,0.26001220485597876,2.461517741237643,20,0.2577663361267041,2.4393614693278534,18.571697769719165,-1.1440032608605348,-11.920692400421455,-2.2037088170145105,-21.269056508467386,-0.2606680561110827,-1.2272436118390964,-1.413762222391502,-0.3571573146836394
25.300000000007937,8.469837083327903,0.1510162925921689,-0.10749319224429486,-6.345674967087371e-10,0.0002856590130674476,-6.019105767618583e-07,8.0,-0.46983708332790286,-0.010724723487203202,0.010724723487203202,1,-0.9955987658172984,-2.2972624148682423,69.7835790419348,69.7835790419348,69.7835790419348,0.25990060409030485,2.443777048061818,20,0.2576777460077839,2.4220023420020023,18.59816737685158,-1.140937127679202,-11.92381883834124,-2.2128170230254836,-21.274715707086404,-0.2604250154716754,-1.2282246719274756,-1.4157817786760312,-0.35503924961784306
25.350000000008,8.464511885028806,0.15101629255641838,-0.10551769567595916,-6.904544815634846e-10,0.00028371406429170116,-6.521593912729506e-07,8.0,-0.4645118850288057,-0.010672537077982202,0.010672537077982202,1,-0.9740788046787255,-2.2546335541581626,69.78058993105829,69.78058993105829,69.78058993105829,0.2597374625752902,2.4264411475488328,20,0.2575375789097919,2.4050365230765967,18.624240684787882,-1.1379201690737955,-11.926895096260921,-2.221761091775585,-21.28031346285656,-0.26018423070816654,-1.2291947202213056,-1.4177826863233245,-0.3529410472141652
25.40000000000806,8.459284896014994,0.15101629251514082,-0.10356478810187962,-7.362497059384679e-10,0.0002814675079525694,-6.935386595661469e-07,8.0,-0.459284896014994,-0.010593627752280045,0.010593627752280045,1,-0.9529513055348657,-2.212956375669696,69.77763966443834,69.77763966443834,69.77763966443834,0.259527598929308,2.4094845665321087,20,0.2573506099473325,2.3884390784980183,18.649928786375806,-1.1349509760374377,-11.929922611795664,-2.2305457454463467,-21.285851325974377,-0.25994570048458443,-1.2301537927432908,-1.4197649329003288,-0.3508627018164616
25.45000000000812,8.454154928559769,0.151016292469226,-0.10163679696986004,-7.734356499186933e-10,0.0002789669111710008,-7.273407958364472e-07,8.0,-0.4541549285597686,-0.01049175544189989,0.01049175544189989,1,-0.9322246925294637,-2.1722157593768663,69.77472731726048,69.77472731726048,69.77472731726048,0.2592751142365027,2.3928843442824204,20,0.25712090506025254,2.37218754958691,18.675242210255966,-1.1320282075838075,-11.932902753263917,-2.23917551410962,-21.291330734667543,-0.2597094199045463,-1.2311019436091046,-1.4217285386373792,-0.34880417496892663
25.500000000008182,8.449120687995482,0.15101629241943496,-0.09973567305480922,-8.032696439611838e-10,0.0002762529918339083,-7.546633097381287e-07,8.0,-0.44912068799548166,-0.01037016187746258,0.01037016187746258,1,-0.9119048245943999,-2.132395024039317,69.77185217823012,69.77185217823012,69.77185217823012,0.2589835094999823,2.3766197086809298,20,0.2568519370052894,2.356261632864398,18.700190965481358,-1.1291505856634427,-11.935836824855851,-2.2476547465554,-21.296753026931288,-0.2594753811791929,-1.2320392416666663,-1.4236735504562998,-0.34676540149948937
25.550000000008243,8.44418079023476,0.15101629236642136,-0.09786304287383699,-8.268101641439695e-10,0.00027336076905353803,-7.764190651782457e-07,8.0,-0.44418079023476054,-0.010231666145141066,0.010231666145141066,1,-0.8919954083237275,-2.093476324213246,69.76901370667171,69.76901370667171,69.76901370667171,0.2586558046919124,2.3606717857141635,20,0.25654670303329763,2.340642892924403,18.724784581029688,-1.1263168906526309,-11.938726071220554,-2.2559876201980256,-21.30211945075524,-0.25924357415985233,-1.2329657677832562,-1.425600037192734,-0.3447462943817981
25.600000000008304,8.439333776909134,0.15101629231075042,-0.0960202515889248,-8.449239347858422e-10,0.0002703205861547745,-7.93358707078354e-07,8.0,-0.4393337769091339,-0.010078743637806744,0.010078743637806744,1,-0.8724983337278035,-2.0554409631399535,69.7662114917422,69.7662114917422,69.7662114917422,0.2582946461870124,2.3450233500942157,20,0.25620783113487755,2.32531451604143,18.749032140920733,-1.1235259573400458,-11.94157168154794,-2.264178150144298,-21.30743117308801,-0.2590139867529843,-1.233881612692039,-1.4275080858593405,-0.3427467485341521
25.650000000008365,8.43457812855927,0.15101629225291482,-0.09420839805330855,-8.583257224107465e-10,0.00026715896550778937,-8.060983504047842e-07,8.0,-0.43457812855927,-0.009913588075493638,0.009913588075493638,1,-0.8534139459197891,-2.018269638031575,69.76344521668517,69.76344521668517,69.76344521668517,0.25790239575443585,2.3296586179197543,20,0.2558376680680182,2.3102611053967936,18.77294231561743,-1.1207766713357088,-11.94437479322189,-2.2722301975239025,-21.312689287751724,-0.2587866052395453,-1.2347868752926507,-1.4293977987554065,-0.3407666437547816
25.700000000008426,8.429912276227698,0.1510162921933477,-0.0924283636739546,-8.676086138632868e-10,0.0002638992880669137,-8.151475799529057e-07,8.0,-0.42991227622769834,-0.009738158254592809,0.009738158254592809,1,-0.8347412659951756,-1.9819426329767458,69.76071462943386,69.76071462943386,69.76071462943386,0.2574811990806544,2.3145630778516395,20,0.2554383471389621,2.2954685144190474,18.796523390309805,-1.1180679658333863,-11.947136495114519,-2.2801474771828305,-21.317894822480493,-0.25856141452119497,-1.2356816613019885,-1.4312692912255451,-0.33880584699520755
25.750000000008487,8.425334611725711,0.15101629213243237,-0.0906808365907057,-8.732752876561999e-10,0.0002605623122145831,-8.209346361549871e-07,8.0,-0.4253346117257113,-0.00955421221533331,0.00955421221533331,1,-0.8164781730923077,-1.9464399723839145,69.75801951971145,69.75801951971145,69.75801951971145,0.257033035010636,2.2997233549075586,20,0.25501183689790274,2.280923712394908,18.819783290581398,-1.115398818667731,-11.949857830581102,-2.2879335648308463,-21.323048745220703,-0.2583383983133727,-1.2365660821638844,-1.4331226898909404,-0.3368642141518231
25.80000000000855,8.420843496777694,0.15101629207050948,-0.08896633240483284,-8.757509748483028e-10,0.00025716655829642257,-8.238271898615566e-07,8.0,-0.42084349677769417,-0.00936333182812665,0.00936333182812665,1,-0.7986215575785467,-1.911741545210357,69.75535970204069,69.75535970204069,69.75535970204069,0.2565597485275407,2.2851271001895492,20,0.25455997373242795,2.2666146757286656,18.842729605857134,-1.1127682496187665,-11.952539800203757,-2.295591903719613,-21.328151969799425,-0.25811753930155207,-1.2374402541440261,-1.4349581312092552,-0.33494159152234326
25.85000000000861,8.416437271191961,0.15101629200788252,-0.0872852123947937,-8.754081130859586e-10,0.00025372858932140764,-8.24148213177539e-07,8.0,-0.4164372711919615,-0.009166940626377426,0.009166940626377426,1,-0.7811674530287896,-1.8778272076320994,69.75273500368716,69.75273500368716,69.75273500368716,0.2560630712413104,2.2707629001432053,20,0.25408448208927253,2.2525302985129136,18.865369610940775,-1.1101753179270177,-11.955183364321098,-2.3031258109125554,-21.333205361042182,-0.2578988192729129,-1.238304297555129,-1.4367757602551452,-0.3330378170371722
25.90000000000867,8.41211426016715,0.15101629194482188,-0.08563769988101104,-8.725828048388421e-10,0.0002502632171610155,-8.221872899156961e-07,8.0,-0.4121142601671508,-0.008966317263978913,0.008966317263978913,1,-0.7641111525115076,-1.8446768695583056,69.75014525643581,69.75014525643581,69.75014525643581,0.2555446331442092,2.2566201998601074,20,0.2535869860459735,2.238660316978111,18.88771028587534,-1.1076191199917316,-11.957789445371807,-2.3105384831932425,-21.33820973940206,-0.25768221923188833,-1.2391583360742855,-1.4385757296466508,-0.3311527213417755
25.950000000008732,8.407872780815943,0.15101629188156787,-0.08402389517047557,-8.675781877081123e-10,0.00024678365931566303,-8.182080585151293e-07,8.0,-0.4078727808159428,-0.008762606412605676,0.008762606412605676,1,-0.7474473128785903,-1.8122705686026337,69.74759029115285,69.74759029115285,69.74759029115285,0.25500596891136407,2.242689236124304,20,0.2530690154804766,2.2249952435666542,18.909758334302655,-1.1050987872318219,-11.9603589300728,-2.317833002647212,-21.343165885148753,-0.25746771950490605,-1.2400024961282365,-1.4403581985704421,-0.3292861287779581
26.000000000008793,8.4037111479707,0.151016291818333,-0.08244378933630978,-8.606710344134797e-10,0.000243301665719654,-8.124527242448579e-07,8.0,-0.40371114797070007,-0.008556828352547563,0.008556828352547563,1,-0.73117004935512,-1.7805885338121108,69.74506993423864,69.74506993423864,69.74506993423864,0.2544485213181717,2.228960977109472,20,0.2525320093880834,2.211526307571033,18.93152020045722,-1.1026134840944235,-11.962892671447307,-2.3250123419431703,-21.348074542156997,-0.25725529983727446,-1.2408369063325755,-1.4421233318797886,-0.3274378582907067
26.050000000008854,8.399627679325985,0.15101629175530462,-0.08089727696645085,-8.521137156820371e-10,0.00023982762926757242,-8.051445363610214e-07,8.0,-0.39962767932598453,-0.008349888021567761,0.008349888021567761,1,-0.7152730217430024,-1.7496112405725501,69.74258400527698,69.74258400527698,69.74258400527698,0.2538736435923469,2.2154270667033957,20,0.25197731814823643,2.198245400334888,18.953002084902366,-1.1001624061994868,-11.965391490714609,-2.332079369333209,-21.352936421328163,-0.2570449394835486,-1.2416616969778145,-1.4438712992534033,-0.32560772427276474
26.100000000008915,8.395620699967889,0.1510162916926463,-0.07938416794202464,-8.421372878036244e-10,0.00023637068866285565,-7.964890169705266e-07,8.0,-0.39562069996788907,-0.008142583904260451,0.008142583904260451,1,-0.6997495129357485,-1.719319457577203,69.7401323153855,69.7401323153855,69.7401323153855,0.2532826018312027,2.202079772286639,20,0.2514062058625492,2.1851450238572077,18.97420995909969,-1.097744778611049,-11.967856179050958,-2.3390368533876913,-21.3577522036752,-0.25683661729173723,-1.2424769995593425,-1.4456022744118788,-0.3237955373504023
26.150000000008976,8.391688546338187,0.15101629163050054,-0.07790419826921069,-8.309552081987293e-10,0.00023293882811659496,-7.866745427237278e-07,8.0,-0.3916885463381874,-0.007935616876097677,0.007935616876097677,1,-0.6845925001119165,-1.6896942864695546,69.73771466595034,69.73771466595034,69.73771466595034,0.25267657805881233,2.188911935403241,20,0.25081985333418705,2.1722182422447966,18.99514957889309,-1.0953598542270597,-11.970287499229906,-2.345887467478179,-21.362522543099065,-0.2566303117812362,-1.2432829463502901,-1.4473164343926406,-0.32200110510957697
26.200000000009037,8.387829569680232,0.15101629156898996,-0.07645703997735866,-8.187559353450193e-10,0.0002295389755167191,-7.75872726197132e-07,8.0,-0.38782956968023186,-0.00772959895217928,0.00772959895217928,1,-0.6697947188480312,-1.6607171946658124,69.73533084756785,69.73533084756785,69.73533084756785,0.2520566740929422,2.1759169251505637,20,0.25021936185712546,2.1594586358429706,19.015826496983287,-1.0930069122802577,-11.972686187149678,-2.3526337940206914,-21.367248068883217,-0.2564260012142391,-1.2440796700168582,-1.449013958885501,-0.32022423276049305
26.2500000000091,8.384042139012921,0.15101629150821963,-0.0750423101007127,-8.057132868364464e-10,0.00022617709887676825,-7.642388495907341e-07,8.0,-0.38404213901292117,-0.007525061810111852,0.007525061810111852,1,-0.6553487203913685,-1.6323700418543996,69.73298063911685,69.73298063911685,69.73298063911685,0.25142391613311066,2.1630885943239764,20,0.24960575772717766,2.146860258080959,19.036246074465577,-1.0906852569428775,-11.975052953254929,-2.359278328491177,-21.371929387931612,-0.2562236636604486,-1.2448673032753739,-1.4506950296302392,-0.3184647237392262
26.30000000000916,8.380324643677762,0.1510162914482785,-0.07365957877329968,-7.919766795591208e-10,0.00022285829991486173,-7.519124744887547e-07,8.0,-0.38032464367776164,-0.007322464937026414,0.007322464937026414,1,-0.6412469223971734,-1.6046351007052002,69.73066380694878,69.73066380694878,69.73066380694878,0.2507792598441024,2.150421238426769,20,0.2489799972505594,2.1344175951421493,19.05641349150142,-1.0883942160280995,-11.977388483860079,-2.365823483225024,-21.376567086774283,-0.2560232770550856,-1.2456459785896512,-1.452359829876075,-0.31672238024663635
26.35000000000922,8.376675495502331,0.15101629138924166,-0.07230837648046184,-7.776865158534413e-10,0.000219586903330082,-7.390182748900266e-07,8.0,-0.37667549550233126,-0.0071222032691974696,0.0071222032691974696,1,-0.6274816535184538,-1.5774950723631038,69.72838010421573,69.72838010421573,69.72838010421573,0.25012359566544007,2.1379095576423297,20,0.24834297198212707,2.1221255285559573,19.07633375719182,-1.0861331397812861,-11.9796934423813,-2.3722715910124377,-21.381161733363253,-0.2558248192503909,-1.2464158279064845,-1.4540085439011643,-0.3149970037265475
26.400000000009282,8.373093130620857,0.15101629133117117,-0.07098820052257548,-7.629589235167768e-10,0.00021636654047702472,-7.256670557309341e-07,8.0,-0.37309313062085714,-0.006924614231963989,0.006924614231963989,1,-0.6140451923108041,-1.55093309732814,69.72612927036768,69.72612927036768,69.72612927036768,0.2494577540935647,2.12554862180777,20,0.24769551394143874,2.1099793007506342,19.096011718717687,-1.083901399754236,-11.981968470484045,-2.3786249085014575,-21.385713878679905,-0.255628268060985,-1.2471769824264798,-1.4556413565887025,-0.31328839528671115
26.450000000009343,8.36957601098975,0.15101629127411823,-0.06969852075474078,-7.478995829551958e-10,0.00021320022650091346,-7.119568897552792e-07,8.0,-0.3695760109897499,-0.006729984131655554,0.006729984131655554,1,-0.6009298009644716,-1.5249327623282891,69.72391103084605,69.72391103084605,69.72391103084605,0.24878251073552676,2.1133338383504388,20,0.24703840060639407,2.0979744835293594,19.115452069808743,-1.081698387755956,-11.984214189152691,-2.38488561942016,-21.390224058173263,-0.25543360130357756,-1.2479295724070179,-1.4572584530551178,-0.3115963560671742
26.500000000009404,8.366122625632583,0.1510162912181239,-0.0684387846702289,-7.326000013445347e-10,0.00021009043043313433,-6.97974324548792e-07,8.0,-0.3661226256325829,-0.006538553892846532,0.006538553892846532,1,-0.5881277543966542,-1.4994781037713005,69.7217250969901,69.7217250969901,69.7217250969901,0.24809859099670062,2.1012609230766315,20,0.24637235954742376,2.086106949360436,19.13465935859834,-1.0795235148738145,-11.986431199688584,-2.391055837629237,-21.39469279304687,-0.2552407968315894,-1.2486737269939687,-1.4588600183252218,-0.30992068756128577
26.550000000009465,8.362731491645677,0.15101629116322093,-0.06720842189550572,-7.171399396526107e-10,0.00020703913817772678,-6.837955734487647e-07,8.0,-0.3627314916456772,-0.006350524166518629,0.006350524166518629,1,-0.5756313652301193,-1.4745536083211557,69.71957116615745,69.71957116615745,69.71957116615745,0.2474066743286678,2.089325873644369,20,0.2456980726283831,2.0743728453154153,19.153637994917183,-1.0773762105593452,-11.98862008464225,-2.3971376100156108,-21.3991205914102,-0.25504983256526736,-1.249409574078803,-1.4604462370490041,-0.3082611918947445
26.600000000009526,8.35940115499192,0.1510162911094341,-0.0660068481616259,-7.015910301527746e-10,0.00020404790863733804,-6.694876531899766e-07,8.0,-0.3594011549919198,-0.0061660598576129474,0.0061660598576129474,1,-0.5634330051561616,-1.450144211091215,69.7174489220482,69.7174489220482,69.7174489220482,0.24670739801585723,2.0775249455140226,20,0.24501617975240447,2.062768569451394,19.17239225707431,-1.0752559217734345,-11.990781408685185,-2.4031329192371573,-21.40350794930886,-0.25486068651785715,-1.2501372401779358,-1.4620172932549347,-0.30661767206790164
26.650000000009587,8.356130191107805,0.15101629105678183,-0.06483346881162484,-6.860168701810118e-10,0.00020111792349748248,-6.551094325584958e-07,8.0,-0.3561301911078054,-0.005985294131643892,0.005985294131643892,1,-0.551525123136818,-1.4262352918845227,69.7153580352102,69.7153580352102,69.7153580352102,0.24600136051952737,2.065854630152239,20,0.24432728217072813,2.0512907494154553,19.19092629816918,-1.0731621121860786,-11.992915719426069,-2.4090436863279168,-21.407855351646358,-0.25467333681835075,-1.2508568503314252,-1.463573370135053,-0.3049899321661091
26.70000000000965,8.352917205345241,0.15101629100527614,-0.06368768189735825,-6.704646215818508e-10,0.00019825003128231901,-6.407125701652834e-07,8.0,-0.35291720534524096,-0.005808331964852099,0.005808331964852099,1,-0.5399002608513599,-1.402812669850101,69.71329816369766,69.71329816369766,69.71329816369766,0.24528912442058926,2.054311635264686,20,0.24363194539533944,2.039936223049296,19.20924415197449,-1.0710942614263457,-11.995023548175869,-2.4148717731725164,-21.412163273008673,-0.2544877617312673,-1.251568528018478,-1.4651146498576586,-0.3033777775423533
26.75000000000971,8.34976083326768,0.15101629095492433,-0.06256888091266258,-6.549785602630136e-10,0.00019544478638021154,-6.263423384265319e-07,8.0,-0.3497608332676805,-0.005635253299544443,0.005635253299544443,1,-0.5285510657399556,-1.3798625968648428,69.71126895385144,69.71126895385144,69.71126895385144,0.24457121901628495,2.0428928668427093,20,0.2429307017697204,2.0287020207816115,19.227349738425353,-1.069051864378602,-11.997105410665823,-2.4206189848578474,-21.416432178401763,-0.25430393967386,-1.2522723950875647,-1.4666413134040042,-0.3017810149758182
26.80000000000977,8.346659740817701,0.15101629090572918,-0.06147645720345252,-6.396037686548495e-10,0.0001927024836906168,-6.120383428342549e-07,8.0,-0.34665974081770123,-0.005466115859972301,0.005466115859972301,1,-0.5174703019479724,-1.357371749897938,69.7092700411695,69.7092700411695,69.7092700411695,0.24384814262732735,2.031595412828503,20,0.24222405275365733,2.0175853496152154,19.245246868747,-1.067034430521441,-11.999161807721936,-2.426287071909421,-21.420662523910956,-0.2541218492310801,-1.252968571699266,-1.4681535404259576,-0.3001994528094506
26.850000000009832,8.34361262437123,0.15101629085768917,-0.06040980208977217,-6.243700517766551e-10,0.00019002318949554292,-5.978351428630656e-07,8.0,-0.3436126243712305,-0.0053009576766346765,0.0053009576766346765,1,-0.5066508594303136,-1.335327222569719,69.70730105123815,69.70730105123815,69.70730105123815,0.24312036466752615,2.020416528226358,20,0.24151247097354414,2.0065835785382107,19.262939250250025,-1.0650414833060944,-12.00119322589926,-2.431877732419251,-21.424854757290227,-0.253941469168573,-1.2536571762802577,-1.4696515091220903,-0.2986329010690942
26.900000000009893,8.340618210692206,0.15101629081079965,-0.05936830872997199,-6.09310631502552e-10,0.00018740676907961424,-5.837627849440559e-07,8.0,-0.340618210692206,-0.005139799357704518,0.005139799357704518,1,-0.4960857614371086,-1.3137165160791016,69.7053616006986,69.7053616006986,69.7053616006986,0.2423883275209576,2.009353621509399,20,0.24079640208273928,1.9956942252108916,19.280430490819406,-1.063072559571407,-12.00320013807892,-2.437392614071591,-21.429009318488585,-0.2537627784439354,-1.254338325487084,-1.4711353961300822,-0.29708117156632907
26.950000000009954,8.33767525679974,0.15101629076505274,-0.05835137375324752,-5.944492154457055e-10,0.00018485291152388488,-5.698472720158012e-07,8.0,-0.33767525679973964,-0.004982646139371211,0.004982646139371211,1,-0.4857681705709739,-1.2925275296439627,69.70345129822738,69.70345129822738,69.70345129822738,0.24165244826132395,1.9984042421937984,20,0.240076266466226,1.9849149438015579,19.29772410312117,-1.0611272089927186,-12.005183004030592,-2.4428333160723876,-21.433126640119976,-0.2535857562164246,-1.2550121341785627,-1.4726053764336613,-0.29554407798681315
27.000000000010015,8.334782549758959,0.15101629072043798,-0.057358398683539334,-5.798042255306706e-10,0.0001823611520308402,-5.561109743577704e-07,8.0,-0.33478254975895894,-0.004829489739718266,0.004829489739718266,1,-0.4756913935806305,-1.2717485505745592,69.70156974551364,69.70156974551364,69.70156974551364,0.24091312024030523,1.9875660694701134,20,0.2393524608160592,1.9742435138626258,19.314823508548425,-1.0592049935622272,-12.007142270942907,-2.4482013909879017,-21.43720714788257,-0.253410381855282,-1.255678715395828,-1.4740616232825665,-0.2940214359656517
27.050000000010076,8.331938906405316,0.15101629067694275,-0.0563887911752479,-5.653973061028212e-10,0.0001799308920549362,-5.425729919752769e-07,8.0,-0.3319389064053162,-0.004680310036070606,0.004680310036070606,1,-0.46584888503541155,-1.2513682440812846,69.69971653822047,69.69971653822047,69.69971653822047,0.24017071456332872,1.9768369017974923,20,0.23862535959578135,1.9636778301538218,19.33173204092664,-1.0573054870986083,-12.009078373924039,-2.4534983464975704,-21.441251260932674,-0.25323663494681153,-1.2563381803491322,-1.4755043081242176,-0.292513063151121
27.100000000010137,8.329143173011378,0.15101629063455246,-0.055441966079156205,-5.512411561801652e-10,0.00017756141746807258,-5.292494832385309e-07,8.0,-0.32914317301137785,-0.004535076582010296,0.004535076582010296,1,-0.45623425000904616,-1.2313756429031268,69.69789126692066,69.69789126692066,69.69789126692066,0.23942558146551318,1.9662146473780249,20,0.23789531640637282,1.9532158933310741,19.348452949996325,-1.055428274783845,-12.010991736474557,-2.4587256470658536,-21.445259392217984,-0.253064495300337,-1.256990638410636,-1.4769336005459317,-0.2910187792579158
27.1500000000102,8.326394224904128,0.15101629059325078,-0.054517346355250414,-5.373483402687689e-10,0.00017525191494165894,-5.161539644852499e-07,8.0,-0.32639422490412784,-0.004393749977561535,0.004393749977561535,1,-0.4468412458876875,-1.2117601368308681,69.69609351800028,69.69609351800028,69.69609351800028,0.23867805159662117,1.9556973154382353,20,0.23716266526242008,1.9428558014288937,19.364989404689883,-1.0535729527253872,-12.012882770934453,-2.4638847155375037,-21.449231948774536,-0.2528939429531483,-1.257636197112488,-1.478349668226642,-0.28953840611097104
27.20000000001026,8.323690966040143,0.15101629055302007,-0.05361436384770271,-5.23727548074173e-10,0.00017300148670292462,-5.032975778293743e-07,8.0,-0.323690966040143,-0.004256283104321874,0.004256283104321874,1,-0.4376637834060274,-1.1925114621889497,69.69432287452538,69.69432287452538,69.69432287452538,0.2379284372209056,1.9452830082521426,20,0.23642772178426294,1.9325957420718491,19.38134449621787,-1.0517391275418966,-12.01475187890614,-2.4689769346604207,-21.453169331991184,-0.25272495817453916,-1.2582749621495704,-1.4797526768971676,-0.2880717676808126
27.25000000001032,8.32103232854504,0.15101629051384155,-0.05273245993603101,-5.103884982256141e-10,0.00017080916379739634,-4.90689342204601e-07,8.0,-0.3210323285450407,-0.004122622236639889,0.004122622236639889,1,-0.4286959270057672,-1.1736196913314612,69.69257891706917,69.69257891706917,69.69257891706917,0.23717703333622742,1.934969913845679,20,0.2356907843103961,1.9224339853555732,19.397521240978843,-1.0499264159709767,-12.016599451655008,-2.4740036485399926,-21.45707193784512,-0.2525575214690273,-1.2589070373863345,-1.4811427903081664,-0.2866186901113118
27.30000000001038,8.318417272223215,0.15101629047569554,-0.051871086075272556,-4.973355222971605e-10,0.00016867391798123239,-4.783363808540902e-07,8.0,-0.3184172722232148,-0.003992708038804635,0.003992708038804635,1,-0.41993189460175784,-1.1550752221997436,69.6908612244976,69.6908612244976,69.6908612244976,0.23642411871695115,1.9247562993268772,20,0.23495213493453335,1.9123688773426337,19.413522583305703,-1.0481344444974006,-12.01842587048911,-2.478966164028591,-21.46094015711161,-0.25239161357884315,-1.2595325248672173,-1.4825201702049717,-0.28517900174064226
27.350000000010443,8.315844784043003,0.15101629043856138,-0.05102970423695028,-4.845713337271193e-10,0.00016659467236293188,-4.6624412614294375e-07,8.0,-0.3158447840430032,-0.0038664764580642517,0.0038664764580642517,1,-0.41136605683323857,-1.136868767982377,69.6891693747123,69.6891693747123,69.6891693747123,0.23566995688434117,1.914640504790488,20,0.23421204047097496,1.9023988341226898,19.42935139806043,-1.0463628490004673,-12.020231507119314,-2.4838657520536573,-21.464774375550775,-0.2522272154857634,-1.2601515248301645,-1.483884976308582,-0.2837525331161734
27.400000000010504,8.313313877602036,0.1510162904024181,-0.050207787261579866,-4.721016224430572e-10,0.00016457031089314205,-4.544165137364161e-07,8.0,-0.31331387760203633,-0.0037438595225214397,0.0037438595225214397,1,-0.40299293586999985,-1.1189913469120183,69.68750294535054,69.68750294535054,69.68750294535054,0.23491479700886658,1.9046209377485452,20,0.23347075335260276,1.892522336389048,19.44501049308817,-1.0446112744192206,-12.022016724001249,-2.4887036488876175,-21.468574974073977,-0.2520643084123616,-1.2607641357228399,-1.485237366302138,-0.28233911700396724
27.450000000010565,8.310823592576947,0.15101629036724415,-0.04940481913250881,-4.599247804647302e-10,0.0001625996868138103,-4.428561520250453e-07,8.0,-0.3108235925769467,-0.0036247860527295955,0.0036247860527295955,1,-0.39480720383629464,-1.1014342722278825,69.6858615144418,69.6858615144418,69.6858615144418,0.23415887474869226,1.8946960680427902,20,0.23272851246570606,1.8827379244882674,19.460502611540672,-1.042879374434361,-12.02378187466022,-2.4934810573626573,-21.472342328892132,-0.2519028738227394,-1.2613704542211426,-1.486577495822282,-0.2809385883934853
27.500000000010626,8.30837299416109,0.15101629033301758,-0.048620295179958514,-4.480424502247835e-10,0.000160681630157558,-4.315644777642118e-07,8.0,-0.30837299416108976,-0.0035091822951882714,0.0035091822951882714,1,-0.3868036809087395,-1.0841891423275396,69.68424466102144,69.68424466102144,69.68424466102144,0.23340241302905324,1.8848644231970688,20,0.23198554392626508,1.8730441939015385,19.475830434078368,-1.0411668111657684,-12.025527304000192,-2.4981991480332146,-21.47607681164799,-0.2517428934227966,-1.26197057524969,-1.487905518454848,-0.27955078449805243
27.550000000010687,8.305961172493667,0.15101629029971642,-0.047853722223285246,-4.364526285678594e-10,0.00015881495439073123,-4.205418994738501e-07,8.0,-0.3059611724936673,-0.003396972485322414,0.003396972485322414,1,-0.3789773331383378,-1.06724783112708,69.68265196570171,69.68265196570171,69.68265196570171,0.23264562276710946,1.875124584171585,20,0.23124206180222143,1.8634397911201943,19.490996580959475,-1.0394732548846404,-12.027253348597874,-2.502859060288867,-21.479778789534212,-0.25158434916009254,-1.262564592003964,-1.4892215857343971,-0.27817554475156936
27.60000000001075,8.30358724208305,0.15101629026731836,-0.04710461865868614,-4.251544324551209e-10,0.0001569984622827077,-4.0978792217923603e-07,8.0,-0.30358724208305077,-0.0032880793470221733,0.0032880793470221733,1,-0.37132327004111465,-1.0506024786446488,69.68108301120085,69.68108301120085,69.68108301120085,0.23188870354670563,1.8654751814840231,20,0.2304982687861019,1.853923409881017,19.506003614024,-1.0377983837393203,-12.028960336982816,-2.507461903420137,-21.483448625398978,-0.2514272232233456,-1.2631525959738528,-1.4905258471471512,-0.27681271080191405
27.65000000001081,8.301250341226964,0.15101629023580126,-0.046372514498840715,-4.1414553526555804e-10,0.00015523095108311083,-3.993012611721176e-07,8.0,-0.3012503412269645,-0.0031824245350014924,0.0031824245350014924,1,-0.36383674199680316,-1.0342454818188174,69.67953738283109,69.67953738283109,69.67953738283109,0.23113184424741004,1.855914891665031,20,0.2297543568223141,1.8444937877291894,19.520854038579742,-1.036141883493964,-12.030648589904423,-2.512008757639587,-21.48708667784051,-0.2512714980416125,-1.2637346769683462,-1.4918184501369331,-0.27546212650142504
27.70000000001087,8.298949631431716,0.15101629020514296,-0.045656951370331385,-4.0342144199795653e-10,0.00015351121707244097,-3.890799461858065e-07,8.0,-0.29894963143171616,-0.003079929026000851,0.003079929026000851,1,-0.3565131374904341,-1.0181694855702477,69.67801466894657,69.67801466894657,69.67801466894657,0.2303752236314901,1.8464424340189252,20,0.22901050769272338,1.8351497028803292,19.53555030519691,-1.0345034472792538,-12.032318420586652,-2.5165006750604317,-21.490693301291913,-0.25111715628318493,-1.2643109231411795,-1.4930995401137614,-0.27412363789481836
27.75000000001093,8.296684296832503,0.15101629017532134,-0.04495748247405984,-3.9298002671009177e-10,0.00015183805955136732,-3.7912140841706303e-07,8.0,-0.2966842968325025,-0.0029805134636716893,0.0029805134636716893,1,-0.3493479802274364,-1.0023673741123043,69.67651446135275,69.67651446135275,69.67651446135275,0.22961901089287748,1.8370565676626596,20,0.2282668935645202,1.8258899713549672,19.550094811417406,-1.0328827753544314,-12.03397013497117,-2.5209386806347753,-21.4942688460975,-0.2509641808542369,-1.264881421017233,-1.4943692604647834,-0.2727970932048496
27.800000000010993,8.294453543616457,0.15101629014631454,-0.04427367251337501,-3.8281555313577243e-10,0.00015021028433011649,-3.6942256768340384e-07,8.0,-0.2944535436164575,-0.0028840984622057445,0.0028840984622057445,1,-0.3423369261494278,-0.9868322625143855,69.67503635567823,69.67503635567823,69.67503635567823,0.2288633661706913,1.8277560888186968,20,0.22752367750290953,1.8167134443615196,19.564489903384363,-1.0312795748799684,-12.035604031949655,-2.525323773053444,-21.497813658581638,-0.250812554897252,-1.2654462555195278,-1.4956277525672663,-0.2714823428160019
27.850000000011054,8.292256599450091,0.151016290118101,-0.04360509759410538,-3.729273597482066e-10,0.00014862670676518184,-3.599799010552233e-07,8.0,-0.2922565994500914,-0.0027906048724498965,0.0027906048724498965,1,-0.3354757603743348,-0.9715574885194904,69.67357995171085,69.67357995171085,69.67357995171085,0.22810844103084926,1.8185398283396714,20,0.22678101395211672,1.8076190059060564,19.57873787739708,-1.0296935597002481,-12.037220403585854,-2.529656925609289,-21.50132808111108,-0.25066226178925843,-1.2660055099966712,-1.4968751558033966,-0.2701792392564482
27.900000000011115,8.290092712912218,0.15101629009065926,-0.04295134510029693,-3.633056229584216e-10,0.00014708615439128258,-3.5078951139552855e-07,8.0,-0.2900927129122177,-0.0026999540146611235,0.0026999540146611235,1,-0.32876039408191515,-0.9565366046163974,69.67214485369976,69.67214485369976,69.67214485369976,0.2273543789176077,1.8094066494446264,20,0.22603904918652537,1.798605570608854,19.592840981396126,-1.028124450135675,-12.038819535328045,-2.533939087025714,-21.504812452151643,-0.2505132851398941,-1.2665592662506235,-1.498111607576659,-0.26888763717851194
27.950000000011176,8.287961152933732,0.15101629006396833,-0.04231201354903208,-3.539500930950229e-10,0.00014558746919032545,-3.418471862834518e-07,8.0,-0.2879611529337325,-0.0026120678808425634,0.0026120678808425634,1,-0.3221868613629273,-0.9417633703651471,69.67073067062479,69.67073067062479,69.67073067062479,0.2266013155779142,1.800355445648272,20,0.22529792173480087,1.7896720817096716,19.60680141638295,-1.026571972783667,-12.0404017062124,-2.538171182252095,-21.50826710631994,-0.2503656087893247,-1.2671076045646752,-1.499337243329595,-0.26760739333782585
28.000000000011237,8.285861208244985,0.15101629003800723,-0.04168671242739488,-3.448503760731191e-10,0.00014412950953211705,-3.331484481443284e-07,8.0,-0.2858612082449845,-0.002526869310144117,0.002526869310144117,1,-0.315751316048163,-0.9272317449738317,69.66933701643542,69.66933701643542,69.66933701643542,0.22584937945994019,1.791385138866912,20,0.22455776277834918,1.7808175092454779,19.620621337778115,-1.0250358603280307,-12.041967189057804,-2.5423541132276544,-21.51169237443089,-0.25021921680603276,-1.2676506037315332,-1.50055219656276,-0.2663383665713698
28.0500000000113,8.2837921868318,0.15101629001275585,-0.041075062014290745,-3.3600477345925896e-10,0.00014271115182609457,-3.246886020113471e-07,8.0,-0.28379218683179985,-0.0024442821395798987,0.0024442821395798987,1,-0.30945002853131576,-0.9129358801233726,69.66796351026039,69.66796351026039,69.66796351026039,0.22509869208833247,1.7824946776851074,20,0.22381869652662578,1.7720408483850565,19.634302856721852,-1.023515851356244,-12.043516250652594,-2.5464887596152805,-21.515088583541527,-0.2500740934844963,-1.2681883410814314,-1.5017565988547124,-0.2650804177745469
28.10000000001136,8.281753415400612,0.15101628998819402,-0.04047669318959332,-3.274041105194662e-10,0.0001413312919075718,-3.164627796872701e-07,8.0,-0.28175341540061183,-0.0023642313329686982,0.0023642313329686982,1,-0.3032793825981225,-0.8988701130367548,69.66660977659063,69.66660977659063,69.66660977659063,0.22434936841701764,1.7736830357696325,20,0.22308084057011526,1.7633411179073624,19.647848041320426,-1.022011690184215,-12.045049151933656,-2.5505759795066894,-21.518456056991724,-0.24993022334277126,-1.268720892510188,-1.5029505798828915,-0.2638334098774452
28.15000000001142,8.27974423885352,0.15101628996430227,-0.03989124723279298,-3.1904893325467596e-10,0.00013998884619143256,-3.0846597552115536e-07,8.0,-0.2797442388535192,-0.002286643089994097,0.002286643089994097,1,-0.29723587227234605,-0.885028959788041,69.66527544543624,69.66527544543624,69.66527544543624,0.22360151716176188,1.7649492104175881,20,0.22234430621316584,1.7547173588106102,19.661258917841486,-1.0205231266881063,-12.046566148158307,-2.5546166101002563,-21.521795114442206,-0.24978759111999319,-1.269248332507143,-1.50413426744525,-0.2625972078204138
28.20000000001148,8.27776401977346,0.15101628994106134,-0.03931837561311981,-3.109281578162135e-10,0.00013868275261064565,-3.0069307825140877e-07,8.0,-0.27776401977346055,-0.0022114449378538735,0.0022114449378538735,1,-0.2913160986879586,-0.871407108846447,69.66396015246009,69.66396015246009,69.66396015246009,0.2228552411133631,1.7562922212272432,20,0.22160919878754384,1.7461686330408333,19.674537471861445,-1.0190499161428452,-12.048067489069355,-2.558611468352776,-21.52510607191033,-0.24964618177380965,-1.2697707341829172,-1.5053077874825207,-0.2613716785290714
28.250000000011543,8.275812137920262,0.1510162899184524,-0.03875773977286998,-3.0303741817054636e-10,0.00013741197137610706,-2.9313890370039125e-07,8.0,-0.27581213792026205,-0.002138565806797458,0.002138565806797458,1,-0.28551676699535045,-0.8579994148500036,69.66266353908887,69.66266353908887,69.66266353908887,0.2221106374332958,1.7477111088803032,20,0.2208756179485139,1.7376940223290736,19.68768564936755,-1.0175918190669655,-12.049553419053673,-2.5625613516063335,-21.528389241803968,-0.24950598047775552,-1.270288169296943,-1.5064712641010138,-0.26015669088885074
28.300000000011604,8.273887989737473,0.15101628989645724,-0.03820901090551569,-2.953723086907424e-10,0.00013617548556079845,-2.857982185615267e-07,8.0,-0.27388798973747264,-0.0020679360916842937,0.0020679360916842937,1,-0.27983468330852834,-0.8448008926033704,69.661385252604,69.661385252604,69.661385252604,0.22136779793230388,1.7392049340267575,20,0.22014365795393306,1.7292926271281124,19.700705357817277,-1.0161486010734495,-12.051024177294657,-2.5664670381914156,-21.5316449329538,-0.24936697261858118,-1.2708007082847241,-1.5076248195958468,-0.25895211571917515
28.350000000011665,8.27199098787047,0.1510162898750579,-0.037671869729971864,-2.879267293446728e-10,0.00013497230153877685,-2.786657645718869e-07,8.0,-0.2719909878704705,-0.0019994877010244745,0.0019994877010244745,1,-0.2742667516990106,-0.8318067112938476,69.6601249462132,69.6601249462132,69.6601249462132,0.22062680933357634,1.7307727762624283,20,0.2194134079279807,1.7209635656394988,19.713598467157393,-1.0147200327262613,-12.052479997918864,-2.570329288007331,-21.534873450644316,-0.24922914379354275,-1.271308420284784,-1.5087685744745194,-0.25775782574735057
28.400000000011726,8.270120560695924,0.15101628985423693,-0.03714600626223848,-2.806939434887792e-10,0.00013380144929415338,-2.717362790907194e-07,8.0,-0.27012056069592383,-0.0019331540946706887,0.0019331540946706887,1,-0.2688099712412456,-0.8190121889195414,69.65888227910452,69.65888227910452,69.65888227910452,0.21988775352150058,1.7224137331914104,20,0.21868495211051106,1.712705972922856,19.72636681080487,-1.01330588940228,-12.053921110137123,-2.5741488430809456,-21.538075096643762,-0.24909247980766266,-1.271811373165274,-1.50990264748076,-0.2565736955822479
28.450000000011787,8.268276151862661,0.15101628983397727,-0.03663111958551378,-2.7366664449606207e-10,0.0001326619826085594,-2.6500451280864384e-07,8.0,-0.2682761518626613,-0.0018688703116949978,0.0018688703116949978,1,-0.2634614331136347,-0.8064127869235944,69.65765691648417,69.65765691648417,69.65765691648417,0.21915070777663126,1.7141269195660631,20,0.21795837009266036,1.7045190000804564,19.739012186591726,-1.011905951158364,-12.05534773838042,-2.5779264281046967,-21.54125016923324,-0.24895696667096812,-1.2723096335502129,-1.5110271556185715,-0.2553996016878444
28.50000000001185,8.266457219844124,0.15101628981426246,-0.03612691761972441,-2.668438289510152e-10,0.00013155297915349706,-2.5846524352265444e-07,8.0,-0.2664572198441242,-0.001806572989336361,0.001806572989336361,1,-0.25821831775842174,-0.794004105028203,69.65644852959946,69.65644852959946,69.65644852959946,0.2184157449980829,1.7059114664973491,20,0.21723373703990792,1.6964018135100019,19.751536357675707,-1.010520002603291,-12.056760102430776,-2.5816627509547914,-21.544398963235146,-0.2488225905957139,-1.2728032668453353,-1.5121422141764151,-0.25423542235668317
28.55000000001191,8.264663237502255,0.1510162897950762,-0.035633116891319414,-2.6021478351031e-10,0.00013047354048207574,-2.521132946966073e-07,8.0,-0.26466323750225484,-0.0017462003742944143,0.0017462003742944143,1,-0.253077892103154,-0.7817818762622483,69.655256795748,69.655256795748,69.655256795748,0.21768293391389917,1.6977665207295016,20,0.2165111239031395,1.6883535942196095,19.763941053418556,-1.0091478327743368,-12.058158417547409,-2.5853585031904585,-21.547521770041097,-0.24868933799359563,-1.2732923372635314,-1.5132479367514784,-0.2530810376833051
28.60000000001197,8.26289369166293,0.15101628977640294,-0.0351494423040532,-2.5377718539045236e-10,0.00012942279195074155,-2.4594354084391785e-07,8.0,-0.26289369166292964,-0.0016876923270784674,0.0016876923270784674,1,-0.24803750684571446,-0.7697419621761882,69.65408139827444,69.65408139827444,69.65408139827444,0.21695233928041846,1.6896912439733514,20,0.21579059761872682,1.6803735371995872,19.776227970233535,-1.0077892350182682,-12.059542894588365,-2.589014360535068,-21.55061887763951,-0.24855719547295876,-1.2737769078498609,-1.514344435273976,-0.2519363295377006
28.65000000001203,8.261148082702782,0.15101628975822734,-0.0346756269114032,-2.47524969049925e-10,0.00012839988256706185,-2.399509223355186e-07,8.0,-0.2611480827027819,-0.001630990320369867,0.001630990320369867,1,-0.2430945938045569,-0.7578803482380987,69.65292202655581,69.65292202655581,69.65292202655581,0.2162240220711097,1.6816848122928758,20,0.21507222129809223,1.6724608508455323,19.788398772403756,-1.0064440068765421,-12.060913740127859,-2.592630983339904,-21.553690570642914,-0.24842614983600797,-1.2742570405061313,-1.5154318200314427,-0.2508011815388238
28.700000000012093,8.259425924147383,0.15101628974053466,-0.034211411691176696,-2.4145527298919466e-10,0.00012740398478006132,-2.3413045282901432e-07,8.0,-0.25942592414738286,-0.0015760374320630682,0.0015760374320630682,1,-0.2382466633352407,-0.7461931394046675,69.65177837597653,69.65177837597653,69.65177837597653,0.21549803965560974,1.6737464155404118,20,0.21435605440748676,1.664614756428493,19.800455092872742,-1.0051119499745123,-12.06227115656951,-2.596209017031323,-21.55673713031511,-0.2482961880760214,-1.2747327960150294,-1.516510199692974,-0.24967547902820628
28.750000000012154,8.257726742280584,0.15101628972331035,-0.0337565453227884,-2.355579399798397e-10,0.00012643429421443567,-2.2847722602266177e-07,8.0,-0.25772674228058357,-0.001522778333800613,0.001522778333800613,1,-0.2334913018140089,-0.7346765558611219,69.65065014789407,69.65065014789407,69.65065014789407,0.21477444596952674,1.6658752568362718,20,0.21364215293854197,1.6568344876077379,19.812398534008572,-1.0037928699144607,-12.06361534225568,-2.5997490925420115,-21.55975883459826,-0.24816729737457346,-1.2752042340638006,-1.5175796813333855,-0.24855910904370507
28.800000000012215,8.25605007576491,0.15101628970654038,-0.03331078396761524,-2.298280488063953e-10,0.00012549002936458882,-2.2298642220742723e-07,8.0,-0.2560500757649091,-0.00147115927550189,0.00147115927550189,1,-0.22882616918879628,-0.7233269289240538,69.64953704959615,69.64953704959615,69.64953704959615,0.21405329167565423,1.6580705520884305,20,0.21293056957023657,1.6491192899822789,19.82423066834288,-1.0024865761722772,-12.064946491573071,-2.6032518267270017,-21.562755958139984,-0.24803946509876945,-1.2756714132674698,-1.5186403704572573,-0.24745196029341288
28.850000000012276,8.254395475272917,0.15101628969021147,-0.03287389105277413,-2.2426782440177623e-10,0.0001245704312498702,-2.1765331317464381e-07,8.0,-0.2543954752729167,-0.0014211280663909544,0.0014211280663909544,1,-0.22424899659767228,-0.7121406971013149,69.6484387942503,69.6484387942503,69.6484387942503,0.21333462431713962,1.6503315295490772,20,0.21222135382281904,1.6414684206776073,19.835953039285858,-1.0011928819976241,-12.066264795054764,-2.6067178227650922,-21.565728772320497,-0.24791267879849507,-1.2761343911916025,-1.519692371022835,-0.24635392312975665
28.900000000012337,8.252762503129206,0.15101628967431008,-0.032445637058629934,-2.1886523276886508e-10,0.0001236747630330795,-2.1247326672642224e-07,8.0,-0.25276250312920645,-0.0013726340531099751,0.0013726340531099751,1,-0.21975758405468548,-0.7011144023033402,69.64735510084675,69.64735510084675,69.64735510084675,0.21261848846276638,1.6426574294045582,20,0.21151455220384496,1.633881147964612,19.847567161818386,-0.9999116043174316,-12.06757043947885,-2.6101476705462723,-21.568677545279844,-0.24778692620368367,-1.276593224374604,-1.5207357854657662,-0.24526488952380843
28.9500000000124,8.251150732962996,0.15101628965882358,-0.03202579931027119,-2.1361780185501193e-10,0.00012280230961980577,-2.0744175027784534e-07,8.0,-0.25115073296299606,-0.001325628095301165,0.001325628095301165,1,-0.2153497982025957,-0.6902446862002212,69.64628569413524,69.64628569413524,69.64628569413524,0.21190492584517362,1.6350475033957519,20,0.21081020834714786,1.626356750907588,19.859074523162317,-0.9986425636425788,-12.068863607963806,-2.6135419470457295,-21.57160254194528,-0.2476621952216033,-1.2770479683495568,-1.5217707147226494,-0.2441847530398274
29.00000000001246,8.249559749370968,0.1510162896437394,-0.031614161773162355,-2.085181075412023e-10,0.00012195237722990339,-2.0255433307824204e-07,8.0,-0.24955974937096848,-0.001280062539163293,0.001280062539163293,1,-0.2110235701319776,-0.6795282867191791,69.64523030455649,69.64523030455649,69.64523030455649,0.21119397549214353,1.6275010144661368,20,0.2101083631448752,1.6188945190386579,19.8704765834299,-0.9973855839776198,-12.07014448006076,-2.6169012166849925,-21.5745040240588,-0.2475384739341659,-1.2774986776655974,-1.522797258254376,-0.24311340881005172
29.05000000001252,8.247989147590305,0.15101628962904587,-0.03121051485311974,-2.035692306529664e-10,0.0001211242929495151,-1.9780668767344143e-07,8.0,-0.24798914759030488,-0.001235891189083607,0.001235891189083607,1,-0.20677689326580717,-0.6689620346769727,69.64418866816895,69.64418866816895,69.64418866816895,0.21048567385175998,1.620017236434935,20,0.2094090548733874,1.6114937520562287,19.881774776253234,-0.9961404927334295,-12.071413231842765,-2.6202260316807293,-21.577382250204874,-0.24741575059526025,-1.2779454059088373,-1.5238155140692518,-0.24205075350975327
29.10000000001258,8.246438533181522,0.15101628961473093,-0.030814655200765814,-1.9875889195140694e-10,0.00012031740427557075,-1.9319459222145076e-07,8.0,-0.24643853318152154,-0.0011930692780038367,0.0011930692780038367,1,-0.20260782130879496,-0.6585428505423798,69.64316052657152,69.64316052657152,69.64316052657152,0.20978005491102955,1.6125954536933491,20,0.20871231931261564,1.604153759545366,19.892970509394594,-0.9949071206426421,-12.072670035991218,-2.6235169323816994,-21.580237475838338,-0.24729401362811052,-1.2783882057228282,-1.5248255787458793,-0.24099668533257118
29.150000000012643,8.244907521721048,0.15101628960078334,-0.030426385520527375,-1.9408172310786328e-10,0.00011953107864285939,-1.8871393092091756e-07,8.0,-0.24490752172104813,-0.0011515534364582014,0.0011515534364582014,1,-0.19851446626023883,-0.6482677413234431,69.64214562682271,69.64214562682271,69.64214562682271,0.20907715030934748,1.6052349609214491,20,0.20801818986025292,1.596873860717788,19.904065165338512,-0.9936853016777681,-12.073915061879543,-2.6267744475943413,-21.583069953312524,-0.24717325162266152,-1.278827128828579,-1.5258275474557959,-0.2399511039661323
29.200000000012704,8.24339573850318,0.1510162895871924,-0.03004551438427765,-1.8954333172472312e-10,0.00011876470294633018,-1.8436069266990604e-07,8.0,-0.24339573850317997,-0.0011113016607902414,0.0011113016607902414,1,-0.19449499648944746,-0.6381337975749327,69.64114372135676,69.64114372135676,69.64114372135676,0.2083769894460044,1.5979350628242368,20,0.20732669763997982,1.5896533841701401,19.915060101866256,-0.9924748729718808,-12.075148475654249,-2.629999094897442,-21.585879931907584,-0.2470534533329922,-1.2792622260441278,-1.5268215139858479,-0.23891391056797098
29.250000000012765,8.241902818251255,0.1510162895739473,-0.029671856049646977,-1.8513306798844677e-10,0.000118017683057359,-1.801309757484347e-07,8.0,-0.24190281825125481,-0.0010722732807011209,0.0010722732807011209,1,-0.19054763487239157,-0.6281381905211887,69.64015456789717,69.64015456789717,69.64015456789717,0.20767959958294763,1.590695073884708,20,0.2066378716049332,1.582491667658173,19.925956652613543,-0.991275674741765,-12.07637044031346,-2.633191380946325,-21.58866765785901,-0.24693460767475817,-1.2796935473036737,-1.5278075707602998,-0.237885007741754
29.300000000012826,8.240428404837804,0.15101628956103774,-0.029305230283029688,-1.8084712049078476e-10,0.00011728944333656202,-1.7602098199171808e-07,8.0,-0.2404284048378038,-0.0010344289262595298,0.0010344289262595298,1,-0.1866706569883163,-0.6182781692897972,69.63917792936817,69.63917792936817,69.63917792936817,0.20698500594262526,1.5835143181327778,20,0.20595173863624744,1.5753880578861226,19.93675612761205,-0.9900875502134338,-12.077581115783035,-2.63635180176697,-21.591433374386376,-0.24681670372266432,-1.280121141676279,-1.5287858088626671,-0.23686429951381816
29.350000000012887,8.238972151013433,0.15101628954845384,-0.028945462187293654,-1.7668302232901487e-10,0.0001165794261463948,-1.7202701845715334e-07,8.0,-0.23897215101343328,-0.0009977304945284783,0.0009977304945284783,1,-0.18286238937498533,-0.6085510582518507,69.6382135738044,69.6382135738044,69.6382135738044,0.206293231801226,1.576392128928354,20,0.20526832363698055,1.5683419103091825,19.947459813815456,-0.9889103455499146,-12.078780658990363,-2.639480843040457,-21.594177321722263,-0.2466997307079682,-1.2805450573841428,-1.5297563180572666,-0.23585169131002554
29.400000000012948,8.237533718144185,0.15101628953618582,-0.02859238203418946,-1.7263302566271592e-10,0.00011588709136355211,-1.681454979585607e-07,8.0,-0.237533718144185,-0.0009621411161730114,0.0009621411161730114,1,-0.1791212078412303,-0.5989542544645649,69.63726127425929,69.63726127425929,69.63726127425929,0.20560429857741755,1.5693278487574631,20,0.2045876496215283,1.5613525889483981,19.958068975610562,-0.987743909781221,-12.079969223935915,-2.6425789803781115,-21.59689973714137,-0.24658367801601475,-1.2809653418204567,-1.5307191868104792,-0.23484708993294173
29.45000000001301,8.236112775957185,0.1510162895242244,-0.02824582510141434,-1.6869854299841702e-10,0.00011521191589416665,-1.6437293387577397e-07,8.0,-0.23611277595718505,-0.0009276251219177293,0.0009276251219177293,1,-0.175445535835262,-0.5894852252120395,69.63632080871221,69.63632080871221,69.63632080871221,0.20491822591729295,1.562320829040135,20,0.2039097378012326,1.5544194662164648,19.96858485531406,-0.9865880947364206,-12.08114696176267,-2.645646679587713,-21.5996008549898,-0.2464685351838032,-1.2813820415668489,-1.5316745023117229,-0.23385040353933872
29.50000000001307,8.234709002294268,0.1510162895125606,-0.027905631514309498,-1.6487467303723858e-10,0.00011455339319221537,-1.6070594437181498e-07,8.0,-0.2347090022942684,-0.000894148009252299,0.000894148009252299,1,-0.17183384286743286,-0.5801415056404664,69.63539195997524,69.63539195997524,69.63539195997524,0.20423503177510421,1.555370429948893,20,0.20323460766576656,1.547541922753459,19.979008673655528,-0.9854427549777242,-12.082314020823455,-2.6486843969311047,-21.6022809067145,-0.24635429189758618,-1.281795202410423,-1.5326223504941294,-0.23286154161802616
29.55000000001313,8.233322082873515,0.1510162895011856,-0.027571646092120056,-1.611550545755382e-10,0.00011391103278468798,-1.5714124429350594e-07,8.0,-0.2333220828735154,-0.0008616764090905942,0.0008616764090905942,1,-0.16828464298582546,-0.5709206964837378,69.63447451559905,69.63447451559905,69.63447451559905,0.20355473249066042,1.548476020237162,20,0.20256227706117075,1.540719347271798,19.98934163024712,-0.9843077477365151,-12.083470546746316,-2.6516925793735386,-21.60494012089287,-0.24624093799050129,-1.2822048693604031,-1.5335628160549257,-0.23188041496801123
29.600000000013193,8.231951711058262,0.15101628949009088,-0.02724371819878651,-1.5754203256447763e-10,0.00011328435980009088,-1.536756489626394e-07,8.0,-0.23195171105826162,-0.0008301780528870968,0.0008301780528870968,1,-0.16479649330344603,-0.5618204618761695,69.6335682677789,69.6335682677789,69.6335682677789,0.2028773428627223,1.5416369770764657,20,0.2018927622638748,1.5339511364093295,19.999584904040468,-0.9831829328512496,-12.084616682497963,-2.6546716648250666,-21.607578723262463,-0.24612846344023617,-1.2826110866643856,-1.534495982475515,-0.23090693567698983
29.650000000013254,8.230597587633447,0.15101628947926835,-0.026921701598180053,-1.5402829557276913e-10,0.0001126729145046203,-1.5030607091257258e-07,8.0,-0.23059758763344718,-0.0007996217401851352,0.0007996217401851352,1,-0.1613679925753706,-0.5528385272485647,69.63267301326057,69.63267301326057,69.63267301326057,0.20220287621940203,1.534852685901715,20,0.20122607805171072,1.527236694589906,20.009739653771234,-0.9820681727071573,-12.085752568445386,-2.657622082374276,-21.610196936750835,-0.24601685836672635,-1.2830138978242152,-1.5354219320412597,-0.22994101710016798
29.700000000013315,8.229259420589194,0.1510162894687099,-0.02660545431370091,-1.5061172980464986e-10,0.00011207625184818768,-1.4702951338835025e-07,8.0,-0.22925942058919446,-0.0007699773064227606,0.0007699773064227606,1,-0.15799777982437835,-0.5439726773042817,69.63178855324635,69.63178855324635,69.63178855324635,0.20153134448551302,1.5281225402638017,20,0.20056223777186327,1.5205754338906738,20.019807018391777,-0.9809633321776768,-12.086878342415693,-2.660544252514664,-21.612794981505466,-0.24590611302988621,-1.283413345611485,-1.5363407458609626,-0.2289825738394126
29.750000000013376,8.227936924911198,0.15101628945840787,-0.026294838492184305,-1.4728732110219133e-10,0.0001114939410132769,-1.4384307640226194e-07,8.0,-0.227936924911198,-0.00074121559136339,0.00074121559136339,1,-0.1546845330137876,-0.5352207540722573,69.63091469330163,69.63091469330163,69.63091469330163,0.20086275824647146,1.5214459416888193,20,0.19990125340536125,1.5139667739153762,20.02978811749232,-0.9798682785675639,-12.087994139754228,-2.6634385873639124,-21.615373074923774,-0.24579621782737354,-1.283809472082673,-1.5372525038860512,-0.2280315217227325
29.800000000013437,8.226629822377891,0.15101628944835488,-0.025989720272001422,-1.4405532206500396e-10,0.00011092556497967464,-1.4074394784464492e-07,8.0,-0.2266298223778911,-0.0007133084079603105,0.0007133084079603105,1,-0.1514269677658473,-0.5265806550336622,69.63005124326192,69.63005124326192,69.63005124326192,0.2001971268098402,1.5148222995435416,20,0.19924313562919638,1.5074101416735237,20.039684051711035,-0.9787828815576107,-12.089100093381056,-2.6663054908763417,-21.617931431683182,-0.24568716329238705,-1.2842023185939224,-1.5381572849294596,-0.22708777778408623
29.850000000013498,8.225337841364034,0.15101628943854373,-0.02568996965529238,-1.4091292797845276e-10,0.00011037072009191181,-1.3772940545071212e-07,8.0,-0.22533784136403412,-0.0006862285118967058,0.0006862285118967058,1,-0.14822383612447443,-0.5180503313193957,69.62919801714068,69.62919801714068,69.62919801714068,0.19953445826367816,1.5082510309063153,20,0.1985878938752379,1.5009049714642906,20.049495903133415,-0.9777070131509218,-12.090196333845848,-2.669145359048782,-21.620470263771235,-0.24557894009149725,-1.2845919258154725,-1.5390551666842147,-0.22615126024351712
29.90000000001356,8.22406071665064,0.15101628942896736,-0.025395460384220858,-1.378537917744267e-10,0.00010982901563896176,-1.3479681099881822e-07,8.0,-0.22406071665064076,-0.0006599495716908942,0.0006599495716908942,1,-0.1450739253607879,-0.5096277859754166,69.62835483303796,69.62835483303796,69.62835483303796,0.19887475953263284,1.501731560443123,20,0.19793553638687583,1.494450704765168,20.059224735681312,-0.9766405476206892,-12.091282989381233,-2.6719585801201107,-21.622989780515727,-0.2454715390225105,-1.2849783337457485,-1.5399462257417242,-0.2252218884876117
29.95000000001362,8.222798189240986,0.1510162894196191,-0.02510606982116381,-1.3488170045172326e-10,0.00010930007344286995,-1.3194361272625402e-07,8.0,-0.2227981892409865,-0.0006344461394342588,0.0006344461394342588,1,-0.14197605682014602,-0.5013110722932326,69.62752151304993,69.62752151304993,69.62752151304993,0.19821803643143465,1.4952633202880263,20,0.19728607027305523,1.4880467901246326,20.068871595491935,-0.9755833614594172,-12.092360185954673,-2.67474553476468,-21.625490188614855,-0.24536495101236586,-1.28536158172512,-1.5408305376097704,-0.22429958305028017
30.00000000001368,8.221550006182474,0.15101628941049225,-0.024821678832741022,-1.319866232591024e-10,0.00010878352746008691,-1.291673394301356e-07,8.0,-0.22155000618247378,-0.0006096936222479641,0.0006096936222479641,1,-0.13892908480930932,-0.49309829220289325,69.62669788317959,69.62669788317959,69.62669788317959,0.19756429371603063,1.4888457499281893,20,0.19663950155993704,1.4816926830587542,20.078437511287206,-0.9745353333295447,-12.093428047318902,-2.6775065962798648,-21.62797169216735,-0.24525916711506468,-1.2857417084493337,-1.5417081767302103,-0.22338426559385544
30.050000000013743,8.220315920394262,0.15101628940158066,-0.024542171677582852,-1.2916957506177933e-10,0.00010827902338817132,-1.264655980127338e-07,8.0,-0.2203159203942615,-0.000585668254351418,0.000585668254351418,1,-0.13593189552241158,-0.4849875947259361,69.6258837732485,69.6258837732485,69.6258837732485,0.19691353513255686,1.4824782960924454,20,0.19599583524038647,1.4753878459510903,20.08792349473373,-0.9734963440154195,-12.094486695060988,-2.6802421307679345,-21.630434492702584,-0.24515417850963306,-1.286118751982628,-1.5425792164963865,-0.22247585889050844
30.100000000013804,8.219095690500362,0.15101628939287803,-0.024267435897744043,-1.2642873359564964e-10,0.00010778621828607506,-1.238360761864754e-07,8.0,-0.21909569050036204,-0.0005623470698754816,0.0005623470698754816,1,-0.13298340600446912,-0.476977174485922,69.62507901680993,69.62507901680993,69.62507901680993,0.19626576346408492,1.476160412643455,20,0.1953550753212232,1.469131747955696,20.0973305407937,-0.9724662763765771,-12.095536248650058,-2.6829524973124546,-21.63287878921064,-0.24504997649811633,-1.28649274977054,-1.5434437292702494,-0.22157428680397626
30.150000000013865,8.2178890806681,0.15101628938437858,-0.023997362213660098,-1.2376103169967514e-10,0.00010730478020254916,-1.2127653356793703e-07,8.0,-0.2178890806680993,-0.0005397078763672877,0.0005397078763672877,1,-0.1300825631511262,-0.46906527027411615,69.62428345106301,69.62428345106301,69.62428345106301,0.1956209805754288,1.469891560473311,20,0.1947172248685207,1.4629238649031784,20.10665962806704,-0.9714450153022816,-12.096576825483735,-2.6856380481494124,-21.63530477817231,-0.2449465525036058,-1.2868637386524089,-1.544301786399194,-0.2206794742715994
30.200000000013926,8.216695860451749,0.15101628937607647,-0.023731844422550597,-1.2116350182953753e-10,0.00010683438781698621,-1.187848039042704e-07,8.0,-0.2166958604517486,-0.0005177292289463334,0.0005177292289463334,1,-0.1272283427434382,-0.4612501636682077,69.62349691676852,69.62349691676852,69.62349691676852,0.1949791874559717,1.4636712074017737,20,0.1940822860509142,1.456763679209086,20.11591171912502,-0.9704324476672859,-12.09760854093333,-2.6882991288332554,-21.637712653589027,-0.2448438980682972,-1.287231754873585,-1.5451534582326147,-0.21979134728666516
30.250000000013987,8.215515804641147,0.15101628936796607,-0.02347077930017583,-1.1863194946487485e-10,0.00010637473008814929,-1.1635879277410905e-07,8.0,-0.2155158046411465,-0.0004963904052771053,0.0004963904052771053,1,-0.12441974851650506,-0.45353017770187165,69.62271925816597,69.62271925816597,69.62271925816597,0.19434038426057934,1.457498828077517,20,0.19345026018098455,1.4506506797848129,20.12508776083566,-0.9694284622887722,-12.098631508387813,-2.690936078398019,-21.640102607012707,-0.24474200485158074,-1.2875968340973518,-1.5459988141381822,-0.21890983288105356
30.300000000014048,8.214348693115149,0.15101628936004227,-0.02321406650583995,-1.1617237948290676e-10,0.00010592550591417561,-1.139964729297026e-07,8.0,-0.2143486931151486,-0.00047567138111034635,0.00047567138111034635,1,-0.12165581126072333,-0.44590367558305477,69.62195032289208,69.62195032289208,69.62195032289208,0.19370457034891722,1.4513739038817286,20,0.1928211477550341,1.444584361950726,20.134188684681128,-0.968432949884433,-12.099645839296644,-2.6935492295137142,-21.642474827575487,-0.24464086462816212,-1.287959011416568,-1.546837922517842,-0.21803485910818116
30.35000000001411,8.213194310699729,0.1510162893522996,-0.02296160849055742,-1.1377409243600036e-10,0.00010548642380262239,-1.116958844478374e-07,8.0,-0.21319431069972872,-0.0004555528066768492,0.0004555528066768492,1,-0.11893558795461734,-0.43836905945918475,69.62118996190074,69.62118996190074,69.62118996190074,0.19307174432287294,1.4452959228341193,20,0.1921949484909581,1.4385642273511536,20.143215407067377,-0.9674458030316564,-12.100651643211451,-2.696138908638144,-21.64482950201933,-0.24454046928621467,-1.2883183213650349,-1.5476708508235428,-0.21716635502624004
30.40000000001417,8.212052447030663,0.15101628934473307,-0.02271331040827461,-1.1143962435043277e-10,0.0001050572015497284,-1.0945513270181999e-07,8.0,-0.21205244703066306,-0.00043601598364727967,0.00043601598364727967,1,-0.1162581609280402,-0.43092476922721135,69.62043802938462,69.62043802938462,69.62043802938462,0.19244190406259604,1.439264379500951,20,0.1915716613647223,1.4325897838712576,20.15216882962632,-0.9664669161277809,-12.101649027826628,-2.6987054361643046,-21.647166814725527,-0.2444408108255617,-1.2886747979285993,-1.5484976655726952,-0.21630425068172693
30.45000000001423,8.21092289642048,0.1510162893373378,-0.022469080030064904,-1.0916427260500456e-10,0.00010463756593037592,-1.0727238445119987e-07,8.0,-0.21092289642047923,-0.00041704284285464416,0.00041704284285464416,1,-0.11362263705475817,-0.4235692813868555,69.61969438269801,69.61969438269801,69.61969438269801,0.1918150467608095,1.4332787749052516,20,0.19095128464510266,1.426660545555671,20.161049839510664,-0.9654961853513839,-12.10263809901887,-2.70124912656352,-21.64948694774402,-0.24434188135588922,-1.2890284745559957,-1.5493184323633644,-0.21544847709325915
30.500000000014293,8.20980545772972,0.15101628933010913,-0.022228827661198994,-1.0695042610555811e-10,0.00010422725239584445,-1.051458678652457e-07,8.0,-0.20980545772972015,-0.00039861592265107604,0.00039861592265107604,1,-0.11102814697335162,-0.41630110793521957,69.61895888228155,69.61895888228155,69.61895888228155,0.191191168955763,1.4273386164386612,20,0.19033381592705634,1.4207760325285794,20.169859309681694,-0.9645335086245733,-12.103618960885687,-2.703770288524463,-21.651790080822604,-0.24424367309498818,-1.289379384169435,-1.5501332158892018,-0.2145989662356731
30.550000000014354,8.208699934242215,0.15101628932304234,-0.021992466061004478,-1.047911449893194e-10,0.00010382600478288185,-1.0307386932803623e-07,8.0,-0.20869993424221533,-0.0003807183480081135,0.0003807183480081135,1,-0.10847384433541618,-0.4091187953011861,69.6182313915882,69.6182313915882,69.6182313915882,0.19057026656271306,1.4214434177751827,20,0.1897192521636102,1.4149357709153414,20.178598099190197,-0.9635787855762488,-12.10459171578292,-2.706269225088197,-21.654076391435932,-0.24414617836702637,-1.2897275591749484,-1.5509420799541176,-0.21375565102440114
30.600000000014415,8.20760613354432,0.15101628931613312,-0.021759910365419324,-1.0268742349258934e-10,0.00010343357503187665,-1.0105473261254777e-07,8.0,-0.20760613354432067,-0.0003633338102104248,0.0003633338102104248,1,-0.10595890508009398,-0.4020209233178986,69.61751177701095,69.61751177701095,69.61751177701095,0.18995233490418564,1.4155926987863843,20,0.18910758969652186,1.4091392927653714,20.187267053450686,-0.9626319175063044,-12.105556464361307,-2.7087462337793724,-21.65634605481436,-0.24404938960084913,-1.2900730314724886,-1.5517450874866998,-0.2129184653001224
30.650000000014476,8.20652386740795,0.15101628930937716,-0.021531078012159418,-1.0064021990910995e-10,0.00010304972291175073,-9.908685525530029e-08,8.0,-0.2065238674079506,-0.00034644654727366815,0.00034644654727366815,1,-0.10348252673398262,-0.3950061042319203,69.61679990781195,69.61679990781195,69.61679990781195,0.1893373687388458,1.40978598545822,20,0.18849882428553844,1.4033861359763395,20.195867004509193,-0.9616928073507421,-12.106513305602101,-2.7112016067337144,-21.658599243972596,-0.24395329932830867,-1.2904158324657988,-1.552542300554382,-0.21208734381368377
30.700000000014537,8.205452951677342,0.1510162893027702,-0.02130588866840816,-9.864238313667188e-11,0.0001026742157574926,-9.716869004318424e-08,8.0,-0.20545295167734245,-0.0003300413248496171,0.0003300413248496171,1,-0.10104392773550241,-0.3880729817475154,69.61609565605329,69.61609565605329,69.61609565605329,0.18872536228927123,1.4040228098091212,20,0.1878929511365499,1.397675844219436,20.204398771304724,-0.9607613596476693,-12.107462336851802,-2.7136356308219165,-21.66083612973815,-0.24385790018262168,-1.2907559930720525,-1.5533337803773648,-0.21126222221128618
30.750000000014598,8.204393206159278,0.1510162892963083,-0.021084264160958505,-9.669704024564386e-11,0.00010230682821253465,-9.529873910594368e-08,8.0,-0.2043932061592777,-0.00031410341790606775,0.00031410341790606775,1,-0.09864234678288952,-0.3812202301047859,69.61539889652923,69.61539889652923,69.61539889652923,0.18811630926833794,1.3983027098097087,20,0.1872899649283467,1.3920079668659822,20.21286315992463,-0.9598374805041516,-12.108403653856,-2.7160485877700675,-21.663056880779585,-0.24376318489675483,-1.2910935437312712,-1.5541195873422935,-0.21044303701993322
30.80000000001466,8.203344454516833,0.15101628928998745,-0.02086612840871424,-9.480015257868614e-11,0.00010194734198243223,-9.347555467486799e-08,8.0,-0.20334445451683258,-0.00029861859296347726,0.00029861859296347726,1,-0.09627704220490574,-0.3744465531901809,69.61470950670007,69.61470950670007,69.61470950670007,0.18751020290469206,1.3926252293034618,20,0.18668985983845332,1.3863820589148115,20.221260963854018,-0.9589210775638981,-12.109337350792375,-2.7184407542767213,-21.66526166363454,-0.24366914630183747,-1.2914285144155255,-1.5548997810156964,-0.20962972563313662
30.85000000001472,8.202306524166374,0.15101628928380395,-0.02065140735747469,-9.294942540712427e-11,0.00010159554559432375,-9.169773825092646e-08,8.0,-0.2023065241663744,-0.0002835730908948567,0.0002835730908948567,1,-0.09394729135344437,-0.3677506836781536,69.61402736662741,69.61402736662741,69.61402736662741,0.1869070359671145,1.3869899179286689,20,0.18609262956784728,1.3807976809207068,20.229592964219393,-0.9580120599757508,-12.110263520302878,-2.7208124021267235,-21.66745064273754,-0.24357577732560157,-1.291760934637925,-1.555674420157188,-0.20882222629687494
30.90000000001478,8.201279246177828,0.151016289277754,-0.020440028916930114,-9.114392272943856e-11,0.000101251234167935,-8.996393670050119e-08,8.0,-0.2012792461778279,-0.000268953610311539,0.000268953610311539,1,-0.091652390017254,-0.3611313822027857,69.61335235891103,69.61335235891103,69.61335235891103,0.18630680078779588,1.3813963310416533,20,0.18549826736457942,1.3752543989238895,20.237859930026673,-0.9571103383629563,-12.111182253525099,-2.7231637983018997,-21.66962398044758,-0.24348307099084815,-1.292090833461403,-1.55644356273244,-0.20802047809580124
30.950000000014843,8.200262455177976,0.15101628927183425,-0.020231922899792847,-8.938545923826366e-11,0.0001009142091886012,-8.827284189253146e-08,8.0,-0.2002624551779757,-0.000254747291573207,0.000254747291573207,1,-0.08939165185602027,-0.354587436558137,69.61268436862719,69.61268436862719,69.61268436862719,0.18570948928463876,1.375844029640971,20,0.18490676604641404,1.3697517843803,20.246062618393754,-0.9562158247931963,-12.112093640122877,-2.725495205088708,-21.671781837075457,-0.24339102041393998,-1.2924182395072996,-1.557207265925925,-0.20722442093969579
31.000000000014904,8.199255989256795,0.15101628926604113,-0.020027020962984917,-8.766846245057223e-11,0.00010058427829510652,-8.662318904805782e-08,8.0,-0.19925598925679466,-0.0002409417012416602,0.0002409417012416602,1,-0.08716440785401436,-0.34811766092620033,69.61202328326833,69.61202328326833,69.61202328326833,0.1851150929827431,1.3703325802925972,20,0.18431811802264342,1.3642894140926705,20.254201774777748,-0.9553284327493533,-12.112997768316145,-2.727806880182952,-21.673924370910875,-0.24329961880332004,-1.2927431809637522,-1.5579655861534354,-0.20643399555015904
31.050000000014965,8.198259689876652,0.15101628926037133,-0.01982525655082343,-8.59977746915659e-11,0.00010026125506796255,-8.501375545567422e-08,8.0,-0.198259689876652,-0.00022752481719473422,0.00022752481719473422,1,-0.08497000579265535,-0.3417208951314334,69.61136899268448,69.61136899268448,69.61136899268448,0.18452360303479579,1.3648615550562855,20,0.1837323153148002,1.3588668701425657,20.262278133197047,-0.9544480771009916,-12.11389472491005,-2.730099076791655,-21.67605173824928,-0.2432088594580555,-1.2930656855938925,-1.5587185790743807,-0.20564914344754162
31.100000000015026,8.197273401784335,0.15101628925482163,-0.01962656484012147,-8.436516317967779e-11,9.994495883042698e-05,-8.344335873638146e-08,8.0,-0.19727340178433472,-0.0002144850141462699,0.0002144850141462699,1,-0.08280780974121882,-0.3353960039207391,69.6107213890257,69.6107213890257,69.6107213890257,0.18393501024084324,1.3594305314126829,20,0.1831493495767435,1.3534837398230644,20.270292416448367,-0.9535746740765317,-12.114784595323366,-2.7323720437321786,-21.678164093418484,-0.2431187357664065,-1.2933857807438607,-1.5594662996038713,-0.20486980693810627
31.150000000015087,8.19629697292573,0.1510162892493888,-0.019430882687150767,-8.277173232619424e-11,9.963521445326163e-05,-8.191085531451255e-08,8.0,-0.19629697292572956,-0.00020181104971767443,0.00020181104971767443,1,-0.08067719956509734,-0.32914187626801067,69.6100803666863,69.6100803666863,69.6100803666863,0.18334930506702923,1.3540390921916103,20,0.1825692121137043,1.3481396155723442,20.278245336318886,-0.9527081412360988,-12.11566746361621,-2.734626025528681,-21.680261588804967,-0.2430292412044197,-1.2937034933506384,-1.5602088019245857,-0.20409592910141863
31.200000000015148,8.195330254363148,0.15101628924406993,-0.019238148576395997,-8.121838451636569e-11,9.933185216627539e-05,-8.041513968778379e-08,8.0,-0.19533025436314766,-0.0001894920510183719,0.0001894920510183719,1,-0.07857757045093872,-0.32295742470221267,69.60944582225021,69.60944582225021,69.60944582225021,0.18276647766364712,1.3486868255010351,20,0.18199189390063752,1.3428340949078945,20.286137593793615,-0.9518483974450247,-12.116543412517103,-2.736861262505993,-21.68234437487998,-0.2429403693345461,-1.294018849949705,-1.5609461394984303,-0.20332745377796235
31.25000000001521,8.19437310019516,0.15101628923886196,-0.01904830257103726,-7.970255800725696e-11,9.903470737720967e-05,-7.895514279123056e-08,8.0,-0.1943731001951594,-0.00017751750158045187,0.00017751750158045187,1,-0.07650833244801969,-0.31684158465811474,69.60881765443781,69.60881765443781,69.60881765443781,0.18218651788245988,1.3433733246570934,20,0.1814173855998351,1.337566780361502,20.29396987925813,-0.9509953628479866,-12.117412523449365,-2.739077990881,-21.68441260022534,-0.24285211380428237,-1.2943318766825238,-1.5616783650779933,-0.20256432555697457
31.30000000001527,8.19342536747883,0.15101628923376204,-0.018861286265111007,-7.822140290426916e-11,9.874362049791778e-05,-7.752983014039306e-08,8.0,-0.19342536747883088,-0.0001658772289573754,0.0001658772289573754,1,-0.07446891002534362,-0.3107933138488664,69.60819576405407,69.60819576405407,69.60819576405407,0.18160941529311897,1.338098188114944,20,0.18084567757763143,1.3323372794150568,20.30174287269678,-0.9501489588437619,-12.118274876556894,-2.741276442851601,-21.68646641155898,-0.242764468344836,-1.29464259930386,-1.562405530717795,-0.20180648976449844
31.35000000001533,8.192486916154357,0.15101628922876745,-0.018677042737273202,-7.677704115036882e-11,9.845843677457262e-05,-7.613820172680883e-08,8.0,-0.19248691615435654,-0.00015456139261115032,0.00015456139261115032,1,-0.07245874164376531,-0.3048115916594214,69.607580053938,69.607580053938,69.607580053938,0.18103515919919055,1.3328610194002994,20,0.18027675992070857,1.327145204436741,20.30945724388651,-0.9493091080605847,-12.119130550729324,-2.7434568466833293,-21.6885059537602,-0.2426774267698132,-1.2949510431889364,-1.5631276877853415,-0.2010538924516479
31.400000000015392,8.191557608971966,0.15101628922387544,-0.01849551650612075,-7.536508147224025e-11,9.817900612473144e-05,-7.477929071732972e-08,8.0,-0.19155760897196572,-0.00014356047222831108,0.00014356047222831108,1,-0.07047727934266179,-0.29889541856016033,69.60697042891327,69.60697042891327,69.60697042891327,0.18046373865331827,1.3276614270419596,20,0.1797106224515323,1.3219901726182175,20.317113652586357,-0.9484757343320838,-12.119979623626588,-2.745619426793696,-21.69053136989468,-0.24259098297392948,-1.295257233340431,-1.5638448869719808,-0.2003064803830814
31.450000000015454,8.190637311420954,0.15101628921908342,-0.018316653487018948,-7.398756321089562e-11,9.79051829802243e-05,-7.34521607134114e-08,8.0,-0.19063731142095364,-0.0001328652565819199,0.0001328652565819199,1,-0.06852398834063611,-0.29304381553990605,69.60636679574039,69.60636679574039,69.60636679574039,0.17989514247170196,1.3224990245051655,20,0.17914725474309806,1.3168718059123803,20.324712748722828,-0.947648762673789,-12.120822171702901,-2.747764403834339,-21.692542801239178,-0.24250513093174272,-1.2955611943953194,-1.5645571783035697,-0.19956420102568112
31.500000000015515,8.189725891660947,0.151016289214389,-0.018140400950367955,-7.264421616509033e-11,9.763682613625222e-05,-7.215590672719575e-08,8.0,-0.189725891660947,-0.000122466832624512,0.000122466832624512,1,-0.06659834664965747,-0.2872558235575138,69.60576906306967,69.60576906306967,69.60576906306967,0.17932935924821392,1.317373430125525,20,0.17858664613330755,1.3117897309716475,20.33225517257115,-0.9468281192601876,-12.121658270230187,-2.7498919947710383,-21.694540387305977,-0.24241986469640786,-1.295862950631566,-1.565264611150951,-0.19882700253743296
31.550000000015576,8.188823220455129,0.15101628920978952,-0.017966707481275237,-7.133298371816277e-11,9.737379860355132e-05,-7.08896523500675e-08,8.0,-0.188823220455129,-0.00011235657507774529,0.00011235657507774529,1,-0.06469984470224543,-0.28153050301147975,69.60517714139584,69.60517714139584,69.60517714139584,0.17876637736762546,1.31228426704404,20,0.17802878573845024,1.3067435790871522,20.33974155493259,-0.9460137314023171,-12.122487993320945,-2.7520024129616623,-21.69652426586704,-0.2423351783984532,-1.2961625259746699,-1.565967234240246,-0.198094833756505
31.600000000015637,8.187929171105475,0.15101628920528265,-0.01779552294057293,-7.005102766912044e-11,9.71159674686725e-05,-6.965255124426995e-08,8.0,-0.18792917110547513,-0.00010252613642936017,0.00010252613642936017,1,-0.06282798499115183,-0.2758669332267706,69.60459094301355,69.60459094301355,69.60459094301355,0.17820618501847252,1.3072311631426037,20,0.1774736624663178,1.3017329861283007,20.347172517307918,-0.9452055275258787,-12.123311413950596,-2.754095868232113,-21.698494572977875,-0.24225106624457793,-1.2964599440040665,-1.5666650956629655,-0.19736764419051966
31.650000000015698,8.18704361938993,0.151016289200866,-0.01762679842713087,-6.879476340774185e-11,9.686320375698571e-05,-6.844378213241488e-08,8.0,-0.18704361938993053,-9.296743717187126e-05,9.296743717187126e-05,1,-0.06098228172107378,-0.27026421195821704,69.60401038197402,69.60401038197402,69.60401038197402,0.17764877020541392,1.302213750980464,20,0.17692126502880534,1.2967575924832144,20.354548672067068,-0.9444034371498581,-12.124128603979305,-2.756172566950325,-21.700451443001132,-0.24216752251647028,-1.2967552279593901,-1.567358242885943,-0.19664538400601644
31.70000000001576,8.186166443501413,0.1510162891965375,-0.0174604862414292,-6.757104874869821e-11,9.661538230194167e-05,-6.726255327822898e-08,8.0,-0.18616644350141343,-8.367265645767245e-05,8.367265645767245e-05,1,-0.05916226047201467,-0.2647214549099796,69.60343537404303,69.60343537404303,69.60343537404303,0.17709412076091283,1.297231667731283,20,0.17637158195383112,1.291817042999612,20.36187062261516,-0.9436073908656386,-12.124939634173302,-2.7582327120983847,-21.70239500862992,-0.2420845415696463,-1.2970484007466003,-1.5680467227610917,-0.1959280040181017
31.75000000001582,8.185297523988613,0.15101628919229487,-0.017296539850342213,-6.63747067193178e-11,9.637238161722844e-05,-6.610809548337227e-08,8.0,-0.18529752398861277,-7.463422311295846e-05,7.463422311295846e-05,1,-0.057367457873852556,-0.2592377952703788,69.60286583665983,69.60286583665983,69.60286583665983,0.17654222435648162,1.2922845551211695,20,0.17582460159681346,1.286910986926563,20.369138963554935,-0.9428173203165946,-12.125744574225712,-2.760276503342816,-21.704325400910825,-0.2420021178323085,-1.2973394849439754,-1.5687305815349915,-0.1952154556802825
31.80000000001588,8.184436743698516,0.15101628918813614,-0.017134913853086364,-6.520918532246689e-11,9.613408377561178e-05,-6.49796656186321e-08,8.0,-0.18443674369851593,-6.584480696398546e-05,6.584480696398546e-05,1,-0.055597421291670335,-0.25381238326153216,69.60230168889711,69.60230168889711,69.60230168889711,0.17599306851353264,1.2873720593671485,20,0.17528031215174839,1.2820390778566,20.376354280845693,-0.9420331581781509,-12.126543492776907,-2.7623041371030985,-21.706242749266643,-0.24192024580422433,-1.2976285028079775,-1.569409864858305,-0.19450769107448024
31.850000000015942,8.183583987720635,0.151016289184059,-0.016975563948293398,-6.40666270058372e-11,9.590037429022578e-05,-6.387654501504962e-08,8.0,-0.18358398772063467,-5.7297310451012246e-05,5.7297310451012246e-05,1,-0.053851708521477804,-0.24844438570327182,69.60174285142215,69.60174285142215,69.60174285142215,0.1754466406137357,1.2824938311165608,20,0.17473870166178934,1.2772009736686056,20.383517151958834,-0.9412548381382969,-12.127336457434398,-2.764315806618462,-21.708147181518857,-0.24183892005562407,-1.2979154762789908,-1.5700846177950298,-0.19380466290122114
31.900000000016004,8.182739143332814,0.15101628918006169,-0.016818446902172393,-6.295159381111688e-11,9.567114200212104e-05,-6.279803627535993e-08,8.0,-0.18273914333281382,-4.898486056952859e-05,4.898486056952859e-05,1,-0.052129887495964033,-0.2431329855908228,69.60118924645879,69.60118924645879,69.60118924645879,0.17490292790887518,1.2776495253871916,20,0.17419975802932097,1.2723963364713613,20.390628146030085,-0.9404822948785421,-12.12812353479227,-2.7663117020130135,-21.710038823909795,-0.24175813522611753,-1.2982004269869378,-1.5707548848315875,-0.19310632447000062
31.950000000016065,8.181902099948639,0.15101628917614196,-0.016663520517717346,-6.185992450453856e-11,9.544627896858118e-05,-6.174346615343854e-08,8.0,-0.1819020999486387,-4.090080109940538e-05,4.090080109940538e-05,1,-0.05043153599989214,-0.2378773816857248,69.60064079775064,69.60064079775064,69.60064079775064,0.17436191753037805,1.2728388015079446,20,0.17366346902569946,1.2676248325475683,20.397687824008482,-0.9397154640553023,-12.128904790450184,-2.7682920103592434,-21.71191780112453,-0.24167788602362966,-1.2984833762567745,-1.5714207098857529,-0.19241262968981782
32.00000000001612,8.181072749066299,0.15101628917229834,-0.016510743604927113,-6.079478234080856e-11,9.52256803594995e-05,-6.071218139244527e-08,8.0,-0.1810727490662991,-3.303868518301291e-05,3.303868518301291e-05,1,-0.0487562413948045,-0.23267678811950343,69.60009743052507,69.60009743052507,69.60009743052507,0.17382359649836662,1.2680613230604865,20,0.17312982230051235,1.2628861322986717,20.40469673880221,-0.9389542822817042,-12.129680289031947,-2.77025691573996,-21.7137842363125,-0.2415981672233545,-1.298764345113869,-1.5720821363154265,-0.19172353305987735
32.050000000016006,8.180250984219027,0.1510162891685287,-0.016360075951992466,-5.975131107358882e-11,9.500924435388969e-05,-5.970354884264822e-08,8.0,-0.1802509842190272,-2.539226802736269e-05,2.539226802736269e-05,1,-0.047103600352645825,-0.22753043400960243,69.59955907145809,69.59955907145809,69.59955907145809,0.17328795173049838,1.263316757821281,20,0.17259880539062078,1.258179910190096,20.411655435421334,-0.9381986871097981,-12.130450094203665,-2.7722065993086975,-21.71563825110881,-0.24151897366672698,-1.299043354289268,-1.5727392069272548,-0.19103898966045477
32.10000000001589,8.179436700926848,0.15101628916483137,-0.01621147829743212,-5.873328755873808e-11,9.479687204164291e-05,-5.871695786701097e-08,8.0,-0.17943670092684805,-1.795549994922558e-05,1.795549994922558e-05,1,-0.04547321859808695,-0.222437563087242,69.59902564864042,69.59902564864042,69.59902564864042,0.17275497005015428,1.2586047777046099,20,0.17207040572854648,1.25350584469726,20.41856445111757,-0.9374486170131678,-12.13121426869149,-2.77414123934864,-21.717479965655322,-0.24144030026041258,-1.2993204242248495,-1.5733919639850975,-0.19035895514392334
32.15000000001577,8.178629796649725,0.15101628916120452,-0.01606491230313542,-5.773375456627916e-11,9.45884673295995e-05,-5.7751814475104195e-08,8.0,-0.17862979664972478,-1.0722519737516935e-05,1.0722519737516935e-05,1,-0.0438647106591753,-0.2173974333366845,69.59849709154427,69.59849709154427,69.59849709154427,0.1722246381944249,1.2539250587062591,20,0.17154461065065157,1.2488636182522237,20.42542431552109,-0.9367040113699262,-12.131972874298981,-2.776061011330112,-21.71930949862139,-0.2413621419753144,-1.2995955750783679,-1.574040449218348,-0.18968338572593907
32.200000000015656,8.177830170742082,0.15101628915764675,-0.015920340528274624,-5.676097037074805e-11,9.438393684799089e-05,-5.680754392684275e-08,8.0,-0.17783017074208196,-3.687648165102203e-06,3.687648165102203e-06,1,-0.04227769962598138,-0.21240931664544999,69.5979733309909,69.5979733309909,69.5979733309909,0.17169694282184175,1.2492772808476738,20,0.1710214074050591,1.244252917190798,20.43223555077447,-0.9359648104460885,-12.132725971924065,-2.7779660879666626,-21.721126967224375,-0.24128449384559716,-1.2998688267283942,-1.5746847038301082,-0.18901223817678
32.25000000001554,8.177037724408523,0.1510162891541562,-0.01577772640406381,-5.580904813117091e-11,9.418318986417499e-05,-5.5883591390750094e-08,8.0,-0.17703772440852283,3.154618206451816e-06,-3.154618206451816e-06,1,-0.04071181691700465,-0.20747249846522392,69.59745429911926,69.59745429911926,69.59745429911926,0.17117187051965269,1.2446611281209647,20,0.17050078315911388,1.239673431700273,20.438998671663867,-0.9352309553793117,-12.13347362157564,-2.7798566392698003,-21.722932487249867,-0.24120735096772825,-1.3001401987791525,-1.575324768505221,-0.1883454698128381
32.30000000001542,8.176252360660904,0.1510162891507312,-0.01563703420932998,-5.48741232559356e-11,9.398613819608532e-05,-5.4979415796623444e-08,8.0,-0.17625236066090366,9.809613084680344e-06,-9.809613084680344e-06,1,-0.039166702053034186,-0.20258627748293834,69.59693992935529,69.59693992935529,69.59693992935529,0.17064940781086158,1.2400762884347254,20,0.1699827250066031,1.2351248557679855,20.445714185747452,-0.9345023881629916,-12.134215882389794,-2.7817328326024056,-21.72472617307162,-0.24113070849953483,-1.3004097105652552,-1.575960683418162,-0.1876830384882599
32.35000000001531,8.175473984276481,0.15101628914737047,-0.015498229046875901,-5.3961342553912256e-11,9.379269613044955e-05,-5.409449592337915e-08,8.0,-0.17547398427648098,1.6282506133914772e-05,-1.6282506133914772e-05,1,-0.037642002438250555,-0.19774996530182737,69.59643015638208,69.59643015638208,69.59643015638208,0.17012954116082618,1.2355224535602076,20,0.16946721997453196,1.230606887130211,20.452382593481193,-0.9337790516307082,-12.134952812645693,-2.78359483273086,-21.72650813767123,-0.24105456165927747,-1.3006773811563406,-1.5765924882407956,-0.1870249025867342
32.40000000001519,8.174702501757313,0.15101628914407234,-0.015361276820591784,-5.3067741321756946e-11,9.360278034340451e-05,-5.322832504437283e-08,8.0,-0.17470250175731294,2.2578308576612948e-05,-2.2578308576612948e-05,1,-0.036137373148200314,-0.19296288613189422,69.59592491611086,69.59592491611086,69.59592491611086,0.16961225698382804,1.230999319078473,20,0.16895425502986625,1.2261192272218102,20.45900438834205,-0.9330608894410098,-12.135684469781093,-2.785442801875936,-21.72827849265755,-0.2409789057247395,-1.3009432293616143,-1.5772202221499938,-0.18637102101342268
32.45000000001507,8.173937821290785,0.15101628914083545,-0.015226144213302564,-5.219509575106195e-11,9.3416309824087e-05,-5.238041261020271e-08,8.0,-0.17393782129078517,2.8701878612944927e-05,-2.8701878612944927e-05,1,-0.03465247672451066,-0.18822437648964097,69.5954241456526,69.5954241456526,69.5954241456526,0.1690975416491398,1.2265065843280376,20,0.16844381708576944,1.2216615811264142,20.465580056948607,-0.9323478460625282,-12.136410910407545,-2.7872768997624706,-21.730037348285812,-0.24090373603233203,-1.301207273734298,-1.577843923835125,-0.18572135318703165
32.50000000001496,8.173179852711154,0.15101628913765833,-0.015092798665325015,-5.133966813200418e-11,9.323320580007565e-05,-5.155028291729663e-08,8.0,-0.17317985271115433,3.465792649258928e-05,-3.465792649258928e-05,1,-0.03318698297607725,-0.1835337849066982,69.59492778329054,69.59492778329054,69.59492778329054,0.16858538148682728,1.2220439523533022,20,0.1679358930075711,1.217233657527344,20.47211007917928,-0.9316398667594156,-12.137132190325243,-2.789097283667867,-21.7317848134765,-0.2408290479762141,-1.3014695325759846,-1.578463631505412,-0.1850758590320226
32.55000000001484,8.172428507462223,0.15101628913453966,-0.014961208353697485,-5.0505087848563473e-11,9.305339166810014e-05,-5.0737474961898475e-08,8.0,-0.17242850746222338,4.04510195615438e-05,-4.04510195615438e-05,1,-0.0317405687864355,-0.17889047164693794,69.59443576845335,69.59443576845335,69.59443576845335,0.168075762793505,1.217611129853502,20,0.16743046961868374,1.2128351686588772,20.478594928288054,-0.9309368975770962,-12.137848364537575,-2.7909041084694515,-21.733520995833974,-0.24075483700742817,-1.3017300239409078,-1.5790793828971625,-0.18443449897095754
32.600000000014724,8.171683698561003,0.151016289131478,-0.014831342172071839,-4.968531924719398e-11,9.28767929217237e-05,-4.994154188710005e-08,8.0,-0.17168369856100263,4.6085587061234244e-05,-4.6085587061234244e-05,1,-0.030312917927173277,-0.17429380843190667,69.59394804168895,69.59394804168895,69.59394804168895,0.1675686718376273,1.2132078271324676,20,0.1669275337060534,1.2084658302583828,20.4850350710179,-0.9302388853283234,-12.138559487265344,-2.7926975266907204,-21.735246001664795,-0.24068109863305,-1.3019887656401206,-1.5796912152808757,-0.18379723391697808
32.65000000001461,8.17094534056237,0.15101628912847206,-0.014703169711240235,-4.8881892016024986e-11,9.270333708955847e-05,-4.9162049583890356e-08,8.0,-0.17094534056237087,5.1565924732627134e-05,-5.1565924732627134e-05,1,-0.028903720877149874,-0.16974317817424617,69.59346454463906,69.59346454463906,69.59346454463906,0.16706409486461085,1.2088337580489663,20,0.16642707202543716,1.204125361518875,20.49143096771188,-0.9295457775795357,-12.139265611960692,-2.7944776885465044,-21.736959935995824,-0.24060782841535341,-1.3022457752455923,-1.5802991654682244,-0.18316402526641484
32.70000000001449,8.170213349524673,0.15101628912552076,-0.01457666124027089,-4.809849014881165e-11,9.253295366686881e-05,-4.8398578725531914e-08,8.0,-0.1702133495246727,5.6896199276779925e-05,-5.6896199276779925e-05,1,-0.027512674647288904,-0.16523797471879087,69.59298522001451,69.59298522001451,69.59298522001451,0.16656201810180013,1.204488639967635,20,0.1659290713065207,1.1998134850421522,20.497783072422,-0.9288575226375034,-12.139966791320731,-2.7962447419870826,-21.738662902592054,-0.24053502197098883,-1.3025010700942208,-1.5809032698189187,-0.18253483489152503
32.750000000014374,8.169487642976272,0.15101628912262258,-0.014451787688234834,-4.732763159269735e-11,9.236557405640807e-05,-4.76507205798938e-08,8.0,-0.1694876429762715,6.208045263647487e-05,-6.208045263647487e-05,1,-0.026139482610774478,-0.16077760259111096,69.59251001157095,69.59251001157095,69.59251001157095,0.16606242776315921,1.2001721937106817,20,0.16543351825775865,1.1955299267926807,20.504091833015853,-0.9281740695362595,-12.14066307730087,-2.797998832741276,-21.740355003974187,-0.24046267497017618,-1.3027546672917643,-1.5815035642474504,-0.18190962513335557
32.80000000001426,8.168768139883015,0.1510162891197766,-0.014328520626501626,-4.6576144201117695e-11,9.220113150892748e-05,-4.6918080137580084e-08,8.0,-0.16876813988301542,6.712260619317783e-05,-6.712260619317783e-05,1,-0.024783854338453537,-0.15636147675324552,69.59203886408542,69.59203886408542,69.59203886408542,0.16556531005378222,1.1958841435100958,20,0.1649403995710303,1.1912744160518152,20.51035769128115,-0.9274953680243068,-12.141354521127873,-2.7997401043585453,-21.74203634143596,-0.24039078313591125,-1.303006583716694,-1.5821000842297224,-0.18128835879472957
32.85000000001414,8.168054760616512,0.15101628911698142,-0.014206832251589342,-4.583822714248403e-11,9.20395610632705e-05,-4.620027381352682e-08,8.0,-0.1680547606165117,7.202646472267079e-05,-7.202646472267079e-05,1,-0.023445505439289804,-0.1519890223664085,69.59157172333344,69.59157172333344,69.59157172333344,0.16507065117411943,1.1916242169606313,20,0.1644497019260087,1.1870466853728856,20.51658108302812,-0.9268213685520951,-12.142041173312641,-2.8014686982501207,-21.743707015061222,-0.24031934224318563,-1.3032568360239698,-1.5826928648095635,-0.18067099913335397
32.900000000014025,8.16734742692331,0.15101628911423617,-0.014086695368543435,-4.511814804368307e-11,9.188079949340131e-05,-4.549692926817427e-08,8.0,-0.1673474269233104,7.679572024543893e-05,-7.679572024543893e-05,1,-0.022124157405662093,-0.14765967456037787,69.59110853606667,69.59110853606667,69.59110853606667,0.16457843732411354,1.1873921449733225,20,0.16396141199443573,1.182846470536645,20.522762438189883,-0.9261520222597617,-12.142723083662714,-2.803184753729194,-21.745367123740767,-0.2402483481182198,-1.3035054406487403,-1.5832819406051324,-0.18005750985504562
32.95000000001391,8.166646061894886,0.15101628911153953,-0.013968083374827633,-4.441287695043032e-11,9.172478525349818e-05,-4.480768519026408e-08,8.0,-0.16664606189488573,8.143395577367908e-05,-8.143395577367908e-05,1,-0.020819537463345195,-0.14337287820937683,69.5906492499912,69.5906492499912,69.5906492499912,0.16408865470713252,1.183187661729616,20,0.16347551644419173,1.178673510507317,20.528902180920813,-0.9254872809651287,-12.143400301294523,-2.8048884080501923,-21.74701676518892,-0.2401777966377092,-1.3037524138099694,-1.583867345815212,-0.1794478551070741
33.00000000001379,8.165950589938381,0.15101628910889042,-0.01385097024471418,-4.371947544393178e-11,9.157145842547727e-05,-4.4132191241713126e-08,8.0,-0.1659505899383813,8.594464885737644e-05,-8.594464885737644e-05,1,-0.019531378426039803,-0.13912808771424467,69.59019381374637,69.59019381374637,69.59019381374637,0.16360128953363717,1.1790105046362132,20,0.16299200194309638,1.1745275473893808,20.535000729692957,-0.9248270971519504,-12.144072874645378,-2.806579796447162,-21.748656035959893,-0.240107683728083,-1.303997771513991,-1.5844491142253958,-0.17884199947161855
33.050000000013675,8.165260936748187,0.1510162891062878,-0.01373533051414788,-4.303998614616382e-11,9.142076067073128e-05,-4.3470107325791803e-08,8.0,-0.16526093674818654,9.033117508400955e-05,-9.033117508400955e-05,1,-0.01825941855425106,-0.13492476679064053,69.5897421768841,69.5897421768841,69.5897421768841,0.16311632802482695,1.1748604142804067,20,0.16251085516268518,1.1704083263846887,20.54105849739053,-0.9241714239584059,-12.144740851485212,-2.808259052171285,-21.750285031463886,-0.24003800536477554,-1.304241529557993,-1.58502727921417,-0.1782399079593368
33.10000000001356,8.164577029278174,0.15101628910373074,-0.01362113926607789,-4.237396158555843e-11,9.127263517916838e-05,-4.282110267973615e-08,8.0,-0.16457702927817408,9.45968113385485e-05,-9.45968113385485e-05,1,-0.01700340141841994,-0.13076238826314052,69.58929428984892,69.58929428984892,69.58929428984892,0.16263375641594197,1.1707371343861914,20,0.1620320627816398,1.1663155957503348,20.547075891402553,-0.9235202151658292,-12.145404278928078,-2.8099263065275513,-21.75190384598297,-0.23996875757150982,-1.3044837035334336,-1.5856018737588904,-0.1776415460030446
33.15000000001344,8.163898795714749,0.1510162891012183,-0.013508372116229173,-4.172456780402299e-11,9.112702662538096e-05,-4.2184857587443595e-08,8.0,-0.16389879571474886,9.874473907550918e-05,-9.874473907550918e-05,1,-0.0157630757660997,-0.1266404338649621,69.58885010395821,69.58885010395821,69.58885010395821,0.16215356095961916,1.1666404117707232,20,0.16155561148926892,1.162249106756908,20.553053313713665,-0.9228734251876727,-12.14606320344341,-2.8115816889106098,-21.753512572686724,-0.23989993641959312,-1.3047243088293894,-1.5861729304416599,-0.17704687945150238
33.200000000013326,8.163226165450522,0.1510162890987494,-0.013397005199308995,-4.108575635568011e-11,9.098388112244449e-05,-4.1561059639839e-08,8.0,-0.1632261654505225,0.00010277804738751807,-0.00010277804738751807,1,-0.014538195393087427,-0.12255839404320651,69.5884095713832,69.5884095713832,69.5884095713832,0.16167572792892507,1.1625699963016531,20,0.16108148798866387,1.1582086136475178,20.55899116099315,-0.9222310090586979,-12.14671767086705,-2.8132253268398197,-21.755111303647656,-0.23983153802722446,-1.304963360635839,-1.5867404814551045,-0.1764558745633082
33.25000000001321,8.162559069058721,0.1510162890963232,-0.013287015155629545,-4.046178567376122e-11,9.084314617687026e-05,-4.0949407364638114e-08,8.0,-0.1625590690587213,0.00010669973599032212,-0.00010669973599032212,1,-0.013328519018375506,-0.11851576776937778,69.58797264513042,69.58797264513042,69.58797264513042,0.16120024362030339,1.1585256408548694,20,0.16060967899976641,1.1541938735971164,20.564889824682226,-0.9215929224243873,-12.147367726412053,-2.8148573459935213,-21.75670012985638,-0.23976355855881368,-1.3052008739468826,-1.5873045586080532,-0.17586849800089455
33.30000000001309,8.161897438268223,0.1510162890939385,-0.013178379118130636,-3.98474117747152e-11,9.070477065026952e-05,-4.03496070494885e-08,8.0,-0.16189743826822323,0.0001105127181443911,-0.0001105127181443911,1,-0.012133810162748504,-0.11451206235505262,69.58753927902347,69.58753927902347,69.58753927902347,0.16072709435642904,1.1545071012728578,20,0.16014017126234012,1.1502046466725901,20.570749691079634,-0.9209591215305728,-12.14801341467927,-2.8164778702425495,-21.758279141236592,-0.23969599422431187,-1.3054368635638973,-1.5878651933311205,-0.17528471682462707
33.350000000012976,8.16124120593922,0.15101628909159473,-0.013071074699795744,-3.9245199271004073e-11,9.056870471403336e-05,-3.976137337092156e-08,8.0,-0.16124120593921987,0.00011421982333241625,-0.00011421982333241625,1,-0.010953837030988178,-0.11054679327250877,69.58710942768549,69.58710942768549,69.58710942768549,0.16025626648880395,1.1505141363237827,20,0.1596729515386817,1.146240695793268,20.576571141425543,-0.9203295632132754,-12.148654779667707,-2.818087021683009,-21.7598484266598,-0.2396288412785531,-1.3056713440986345,-1.5884224166821959,-0.1747044984870034
33.40000000001286,8.160590306039566,0.15101628908929093,-0.012965079981434025,-3.865802480463424e-11,9.04348998133174e-05,-3.9184429261637e-08,8.0,-0.16059030603956614,0.00011782380008134758,-0.00011782380008134758,1,-0.009788372397426248,-0.10661948398012178,69.58668304652174,69.58668304652174,69.58668304652174,0.15978774640047066,1.1465465076608248,20,0.1592080066164464,1.1423017866919296,20.58235455198385,-0.9197042048887514,-12.149291864784686,-2.819684920668328,-21.761408073959856,-0.2395620960206069,-1.305904329976254,-1.5889762593518402,-0.17412781082694975
33.45000000001274,8.159944673621638,0.15101628908702622,-0.012860373499837935,-3.808112613076597e-11,9.030330862810263e-05,-3.86185059041788e-08,8.0,-0.1599446736216379,0.00012132731842011078,-0.00012132731842011078,1,-0.008637193494923978,-0.10272966575249398,69.58626009170305,69.58626009170305,69.58626009170305,0.15932152050822745,1.1426039797825078,20,0.15874532331097488,1.138387687876535,20.588100294122885,-0.9190830045437391,-12.149924712855796,-2.8212716858406126,-21.762958169947265,-0.23949575479314175,-1.3061358354383028,-1.589526751668592,-0.17355462206421451
33.500000000012626,8.159304244799864,0.1510162890847997,-0.012756934236279866,-3.751310218759864e-11,9.01738850374454e-05,-3.806334134759079e-08,8.0,-0.1593042447998645,0.00012473297248065426,-0.00012473297248065426,1,-0.0075000819069704905,-0.09887687751498742,69.58584052014925,69.58584052014925,69.58584052014925,0.1588575752651335,1.138686319993218,20,0.15828488846790517,1.1344981705922295,20.593808734394546,-0.9184659207259034,-12.150553366134638,-2.822847434161318,-21.764498800423276,-0.23942981398179908,-1.3063658745456344,-1.5900739236041845,-0.1729849007938556
33.55000000001251,8.158668956728743,0.15101628908261067,-0.012654741605357454,-3.6956969476183725e-11,9.004658408185969e-05,-3.751868180826632e-08,8.0,-0.15866895672874293,0.00012804328286881544,-0.00012804328286881544,1,-0.006376823462950543,-0.09506066568271837,69.58542428951337,69.58542428951337,69.58542428951337,0.15839589716254387,1.1347932983645301,20,0.1578266889653146,1.1306330087840863,20.599480234611928,-0.9178529125344705,-12.15117786631238,-2.824412280941252,-21.766030050193773,-0.2393642700145776,-1.3065944611812736,-1.5906178047786752,-0.17241861598082114
33.60000000001239,8.15803874758147,0.15101628908045836,-0.01255377544416307,-3.6412893281838674e-11,8.992136193139736e-05,-3.6984280404430464e-08,8.0,-0.15803874758146996,0.00013126069896536992,-0.00013126069896536992,1,-0.005267208136398027,-0.09128058400371847,69.58501135816603,69.58501135816603,69.58501135816603,0.15793647273225261,1.1309246876969377,20,0.15737071171596617,1.1267919790602627,20.605115151925453,-0.9172439396110522,-12.15179825452712,-2.825966339869935,-21.76755200308296,-0.23929911936122802,-1.3068216090532274,-1.5911584244654902,-0.17185573695462106
33.65000000001228,8.157413556529079,0.15101628907834194,-0.012454016001767787,-3.5880259348970974e-11,8.979817585083863e-05,-3.645989717150308e-08,8.0,-0.15741355652907885,0.00013438760120311618,-0.00013438760120311618,1,-0.004171029946125282,-0.08753619340617097,69.5846016851803,69.5846016851803,69.5846016851803,0.15747928854851617,1.127080263482182,20,0.15691694366943373,1.122974860655593,20.610713838897556,-0.9166389621306514,-12.15241457137306,-2.827509723044322,-21.769064741946828,-0.23923435853265745,-1.30704733169724,-1.5916958115963833,-0.17129623340408767
33.70000000001216,8.156793323720084,0.15101628907626066,-0.012355443929014739,-3.535516936098726e-11,8.967698416840363e-05,-3.5945298277909185e-08,8.0,-0.15679332372008403,0.000137426303249879,-0.000137426303249879,1,-0.0030880868601877998,-0.08382706184964933,69.58419523031684,69.58419523031684,69.58419523031684,0.15702433122988413,1.1232598038661203,20,0.15646537181403208,1.119181435395892,20.616276643575944,-0.9160379407928477,-12.153026856909497,-2.8290425409969124,-21.77056834868643,-0.23916998408034404,-1.3072716424794986,-1.5922299947663148,-0.1707400753722242
33.750000000012044,8.156177990260648,0.15101628907421377,-0.012258040268610349,-3.4840262138995445e-11,8.955774624467526e-05,-3.54402574285585e-08,8.0,-0.15617799026064816,0.00014037905403872048,-0.00014037905403872048,1,-0.0020181807025728693,-0.08015276418020212,69.58379195400961,69.58379195400961,69.58379195400961,0.15657158744095445,1.119463089612137,20,0.15601598317867016,1.1154114876625636,20.621803909565458,-0.9154408368131574,-12.15363515066964,-2.83056490272326,-21.772062904260974,-0.23910599259576099,-1.3074945545992862,-1.5927610022382466,-0.17018723325113927
33.80000000001193,8.155567498195229,0.1510162890722007,-0.012161786445496424,-3.4336615178895416e-11,8.94404224425682e-05,-3.494455335068944e-08,8.0,-0.15556749819522864,0.00014324803984924463,-0.00014324803984924463,1,-0.0009611170624759247,-0.0765128819890929,69.58339181735168,69.58339181735168,69.58339181735168,0.15612104389415993,1.1156899040650354,20,0.15556876483473242,1.11166480435779,20.627295976098583,-0.9148476119145633,-12.154239491669248,-2.8320769157088947,-21.77354848870068,-0.23904238070981004,-1.307716081091586,-1.5932888619478596,-0.16963767777706565
33.85000000001181,8.154961790487691,0.15101628907022063,-0.012066664257505055,-3.3842555544113576e-11,8.932497409967519e-05,-3.445797226945527e-08,8.0,-0.15496179048769143,0.0001460353862008257,-0.0001460353862008257,1,8.329479383983873e-05,-0.072907003475227,69.5829947820816,69.5829947820816,69.5829947820816,0.15567268735127598,1.1119400331154736,20,0.1551237038976808,1.1079411748701915,20.632753178104622,-0.914258228319213,-12.154839918415101,-2.833578685955676,-21.775025181119485,-0.2389791450922645,-1.307936234829635,-1.5938136015081925,-0.16909138002546195
33.900000000011694,8.154360811002901,0.1510162890682729,-0.011972655866275961,-3.335827196012827e-11,8.92113634975168e-05,-3.3980304776868855e-08,8.0,-0.1543608110029009,0.0001487431597690853,-0.0001487431597690853,1,0.0011152420087605641,-0.06933472331098978,69.58260081056994,69.58260081056994,69.58260081056994,0.15522650462503307,1.1082132651649628,20,0.15468078752875858,1.104240391041017,20.638175846277566,-0.9136726487402783,-12.155436468913303,-2.8350703180075882,-21.776493059727535,-0.23891628245122115,-1.3081550285274328,-1.5943352482142041,-0.1685483114061955
33.95000000001158,8.153764504488766,0.1510162890663568,-0.011879743788437216,-3.287994038632375e-11,8.909955383693417e-05,-3.3511348472866e-08,8.0,-0.1537645044887661,0.00015137337021814694,-0.00015137337021814694,1,0.0021349082166405298,-0.06579564251155035,69.58220986580632,69.58220986580632,69.58220986580632,0.15478248258048233,1.104509391091246,20,0.1542400029364458,1.1005622471307046,20.64356430714269,-0.913090836373975,-12.156029180677422,-2.8365519149759955,-21.7779522018435,-0.2388537895325612,-1.3083724747422005,-1.5948538290472605,-0.16800844365880505
34.00000000001146,8.153172816558689,0.15101628906447181,-0.011787910887036965,-3.241166173027312e-11,8.898950921080759e-05,-3.305090576660616e-08,8.0,-0.15317281655868875,0.0001539279719550658,-0.0001539279719550658,1,0.003142473624799913,-0.06228936830741799,69.58182191138665,69.58182191138665,69.58182191138665,0.15434060813635203,1.1008282042144018,20,0.15380133737790425,1.0969065397861328,20.648918883121908,-0.9125127548917376,-12.156618090736474,-2.8380235785643646,-21.7794026839067,-0.23879166311942018,-1.3085885858767965,-1.5953693706795478,-0.16747174884784183
34.050000000011345,8.152585693674443,0.15101628906261724,-0.011697140363219104,-3.1953567208648885e-11,8.888119457890754e-05,-3.25987841305925e-08,8.0,-0.15258569367444252,0.0001564088658079327,-0.0001564088658079327,1,0.004138115092296113,-0.058815514020199744,69.58143691150067,69.58143691150067,69.58143691150067,0.1539008682663022,1.097169500263208,20,0.15336477816031813,1.0932730680080722,20.654239892597907,-0.9119383684325462,-12.157203235642749,-2.839485409092475,-21.780844581489035,-0.23872990003166633,-1.3088033741820861,-1.5958818994784132,-0.16693819935828771
34.10000000001123,8.152003083129497,0.15101628906079254,-0.011607415748130415,-3.150374137270267e-11,8.877457574305924e-05,-3.215479739020153e-08,8.0,-0.15200308312949673,0.000158817900685413,-0.000158817900685413,1,0.005122006206553786,-0.05537369894143129,69.58105483091992,69.58105483091992,69.58105483091992,0.15346325000019517,1.0935330773420984,20,0.15293031264224918,1.0896616331192424,20.659527649977083,-0.9113676415954024,-12.157784651479485,-2.840937505520122,-21.782277969306776,-0.2386684971253875,-1.3090168517592689,-1.5963914415106346,-0.16640776789104836
34.15000000001111,8.151424933032674,0.15101628905899697,-0.011518720895059426,-3.1061629761154155e-11,8.866961932302577e-05,-3.1718763125929945e-08,8.0,-0.1514249330326738,0.00016115687511891085,-0.00016115687511891085,1,0.006094317357876133,-0.051963548214423894,69.58067563498582,69.58067563498582,69.58067563498582,0.15302774042515305,1.0899187358986342,20,0.15249792823477737,1.086072038732868,20.664782465751312,-0.9108005394319497,-12.158362373868398,-2.8423799654703323,-21.783702921232127,-0.2386074512923865,-1.309229030562161,-1.5968980225466205,-0.1658804274585208
34.200000000010995,8.150851192292285,0.15101628905723005,-0.01143103997178895,-3.062803710515511e-11,8.856629273514466e-05,-3.129050447725825e-08,8.0,-0.1508511922922846,0.00016342753886328007,-0.00016342753886328007,1,0.007055215811971438,-0.04858469271899096,69.58029928959814,69.58029928959814,69.58029928959814,0.15259432668674344,1.0863262786913448,20,0.15206761240276728,1.0825040907215455,20.670004646558574,-0.9102370274392365,-12.158936437977065,-2.843812885252097,-21.785119510304654,-0.23854675945968443,-1.3094399223994382,-1.597401668064541,-0.16535615138023327
34.25000000001088,8.150281810600545,0.15101628905549125,-0.011344357453170443,-3.020107919076139e-11,8.846456416809074e-05,-3.086984898661063e-08,8.0,-0.15028181060054457,0.0001656315943025198,-0.0001656315943025198,1,0.008004865780461556,-0.045236768959053264,69.57992576120384,69.57992576120384,69.57992576120384,0.1521629959898323,1.0827555107582003,20,0.1516393526658014,1.0789575971867147,20.675194495242476,-0.9096770715526176,-12.159506878526159,-2.8452363598826396,-21.786527808742523,-0.23848641858903225,-1.3096495389368363,-1.5979024032543925,-0.16483491327855693
34.30000000001076,8.149716738418423,0.1510162890537799,-0.01125865811389662,-2.978349291101358e-11,8.836440256289481e-05,-3.045662875774722e-08,8.0,-0.14971673841842303,0.00016777069789535997,-0.00016777069789535997,1,0.008943428489542105,-0.04191941895292828,69.57955501678589,69.57955501678589,69.57955501678589,0.15173373559966513,1.07920623938535,20,0.15121313659933877,1.0754323684284197,20.68035231091065,-0.9091206381387912,-12.160073729796556,-2.846650483109226,-21.78792788795358,-0.23842642567643021,-1.3098578916993124,-1.5984002530219945,-0.16431668707448716
34.350000000010645,8.149155926960828,0.15101628905209552,-0.01117392702147603,-2.937205322599731e-11,8.826577759144896e-05,-3.0050680539299445e-08,8.0,-0.14915592696082847,0.00016984646160485417,-0.00016984646160485417,1,0.00987106224678802,-0.03863229012627356,69.5791870238527,69.5791870238527,69.5791870238527,0.15130653284271606,1.0756782740764816,20,0.15078895183564076,1.0719282169156241,20.685478388992106,-0.9085676939889693,-12.160637025636303,-2.84805534743053,-21.789319818546243,-0.23836677775165488,-1.3100649920731662,-1.5988952419929243,-0.16380144698349366
34.40000000001053,8.148599328182122,0.15101628905043757,-0.011090149529405083,-2.896784171253811e-11,8.816865963601013e-05,-2.9651845773392187e-08,8.0,-0.1485993281821223,0.0001718604541702923,-0.0001718604541702923,1,0.010787922506148018,-0.03537503520770424,69.57882175042755,69.57882175042755,69.57882175042755,0.1508813751074479,1.0721714265225981,20,0.1503667860646066,1.0684449572569155,20.69057302129353,-0.9080182063121769,-12.161196799467449,-2.8494510441175667,-21.79070367034026,-0.2383074718777939,-1.3102708513081234,-1.599387394516385,-0.16328916751143835
34.45000000001041,8.148046894762018,0.1510162890488056,-0.011007311270522152,-2.8572859006121883e-11,8.807301977019901e-05,-2.9259968875706907e-08,8.0,-0.14804689476201816,0.00017381420248628406,-0.00017381420248628406,1,0.011694161931246727,-0.03214731212678612,69.57845916503841,69.57845916503841,69.57845916503841,0.15045824984517264,1.0686855105721833,20,0.14994662703470693,1.0649824061716189,20.69563649605455,-0.9074721427286785,-12.161753084292748,-2.850837663234195,-21.792079512377285,-0.23824850515078835,-1.3104754805193815,-1.5998767346690133,-0.16277982345055908
34.500000000010296,8.147498580091728,0.151016289047199,-0.010925398150551527,-2.818423093860988e-11,8.797882973932125e-05,-2.8874899121380688e-08,8.0,-0.14749858009172812,0.00017570919272656455,-0.00017570919272656455,1,0.012589930456953446,-0.028948783914622023,69.57809923670796,69.57809923670796,69.57809923670796,0.15003714457062842,1.0652203422018829,20,0.14952846255363342,1.0615403824613914,20.700669098001995,-0.9069294712635287,-12.162305912702244,-2.8522152936572147,-21.793447412931297,-0.23818987469898212,-1.3106788906896185,-1.6003632862586248,-0.16227338987551904
34.55000000001018,8.14695433826052,0.1510162890456174,-0.010844396341810223,-2.7803894750381438e-11,8.788606194263962e-05,-2.8496489677347396e-08,8.0,-0.14695433826051918,0.00017754687167074415,-0.00017754687167074415,1,0.013475375349412677,-0.0257791186066183,69.57774193494376,69.57774193494376,69.57774193494376,0.14961804686287183,1.0617757394874971,20,0.14911228048926128,1.0581187069820637,20.705671108403184,-0.9063901603402444,-12.162855316879723,-2.8535840230960527,-21.794807439518877,-0.2381315776826788,-1.3108810926709664,-1.6008470728278996,-0.16176984213951912
34.60000000001006,8.146414124042526,0.15101628904406006,-0.01076429227709894,-2.742785143348259e-11,8.779468941614755e-05,-2.812459756960005e-08,8.0,-0.14641412404252563,0.00017932864780487122,-0.00017932864780487122,1,0.014350641264417763,-0.022637989147716753,69.57738722972883,69.57738722972883,69.57738722972883,0.14920094436566114,1.0583515225755826,20,0.14869806877010233,1.0547172026161407,20.71064280511823,-0.9058541787745947,-12.16340132860904,-2.854943938112057,-21.796159658909307,-0.23807361129370552,-1.3110820971869481,-1.601328117658008,-0.1612691558704739
34.650000000009946,8.145877892883858,0.15101628904252684,-0.010685072643749417,-2.705928551693791e-11,8.770468581327371e-05,-2.7759082823782942e-08,8.0,-0.145877892883858,0.00018105589246337177,-0.00018105589246337177,1,0.015215870304298162,-0.019525073299764495,69.57703509151229,69.57703509151229,69.57703509151229,0.14878582478818045,1.0549475136553357,20,0.14828581538609698,1.0513356942454914,20.71558446265143,-0.905321495768508,-12.163943979280345,-2.856295124137406,-21.797504137134542,-0.2380159727549837,-1.3112819148343813,-1.6018064437721788,-0.1607713069672486
34.70000000000983,8.145345600890035,0.15101628904101702,-0.010606724377833443,-2.669582361539805e-11,8.761602539008711e-05,-2.7399810022655914e-08,8.0,-0.14534560089003534,0.00018272994092469755,-0.00018272994092469755,1,0.01607120207333057,-0.016440053551069145,69.57668549120027,69.57668549120027,69.57668549120027,0.14837267590554223,1.0515635369308998,20,0.14787550838918342,1.0479740087245235,20.720496352201707,-0.9047920809040916,-12.164483299896172,-2.8576376654936406,-21.79884093949901,-0.23795865932010676,-1.3114805560852472,-1.60228207393921,-0.16027627159595642
34.75000000000971,8.144817204813698,0.15101628903953032,-0.010529234658529682,-2.634089675412713e-11,8.752868298921678e-05,-2.7046646693118068e-08,8.0,-0.1448172048136982,0.00018435209348477001,-0.00018435209348477001,1,0.016916773731691426,-0.01338261702807142,69.57633840014708,69.57633840014708,69.57633840014708,0.14796148555922103,1.048199418594151,20,0.1474671358937969,1.044631974853757,20.725378741712145,-0.9042659041377635,-12.165019321077434,-2.8589716454098286,-21.80017013058928,-0.2379016682729244,-1.3116780312885274,-1.6027550306769245,-0.1597840261863158
34.8000000000096,8.14429266204255,0.15101628903806621,-0.010452590902638979,-2.5991482930833314e-11,8.744263402237133e-05,-2.6699463614621137e-08,8.0,-0.14429266204255065,0.00018592361641122304,-0.00018592361641122304,1,0.017752720048027193,-0.010352455409083361,69.57599379014654,69.57599379014654,69.57599379014654,0.1475522416575377,1.0448549867978905,20,0.14706068607741812,1.0413094233537876,20.730231895918674,-0.9037429357944923,-12.16555207306929,-2.8602971460403706,-21.80149177428359,-0.23784499692713354,-1.3118743506720076,-1.6032253362555693,-0.15929454742806537
34.85000000000948,8.143771930587665,0.1510162890366243,-0.010376780759241262,-2.5645869152432255e-11,8.735785445702207e-05,-2.635813461359162e-08,8.0,-0.1437719305876648,0.00018744574299779017,-0.00018744574299779017,1,0.01857917345070481,-0.007349264839948133,69.57565163342343,69.57565163342343,69.57565163342343,0.14714493217613178,1.0415300716293083,20,0.14665614718110825,1.0380061868395225,20.735056076397846,-0.9032231465621429,-12.166081585746912,-2.8616142484824545,-21.802805933761206,-0.2377886426258758,-1.3120695243440494,-1.6036930127011622,-0.1588078122674362
34.90000000000936,8.143254969071972,0.1510162890352042,-0.010301792104499297,-2.5309860036896667e-11,8.727432080101227e-05,-2.6022538071930758e-08,8.0,-0.14325496907197177,0.0001889196745204152,-0.0001889196745204152,1,0.01939626407770556,-0.0043727458517149875,69.57531190262532,69.57531190262532,69.57531190262532,0.1467395451582399,1.0382245050839514,20,0.14625350750984936,1.0347220997949675,20.73985154161378,-0.9027065074859272,-12.166607888621156,-2.8629230327931694,-21.804112671511675,-0.23773260274134106,-1.3122635622953316,-1.604158081798784,-0.15832379790368034
34.95000000000925,8.142741736719021,0.15101628903380546,-0.010227613036598505,-2.497832485313774e-11,8.71920100876377e-05,-2.5692553185387273e-08,8.0,-0.1427417367190209,0.00019034658113560699,-0.00019034658113560699,1,0.02020411982527115,-0.0014226032801654687,69.57497457081442,69.57497457081442,69.57497457081442,0.14633606871504448,1.0349381210401978,20,0.14585275543295376,1.0314569985483564,20.744618546964276,-0.9021929899629562,-12.167131010844102,-2.864223578006283,-21.805412049343904,-0.23767687467437765,-1.3124564744005611,-1.6046205650958199,-0.15784248178565463
35.00000000000913,8.14223219334203,0.15101628903242775,-0.010154231870820634,-2.4654193448185204e-11,8.711089986275827e-05,-2.536806429403806e-08,8.0,-0.1422321933420303,0.00019172760280167082,-0.00019172760280167082,1,0.021002866395289255,0.0015014538128186872,69.57463961145976,69.57463961145976,69.57463961145976,0.1459344910259449,1.0316707552337763,20,0.14545387938439436,1.0282107212474154,20.749357344826116,-0.9016825657368914,-12.167650981214521,-2.865515962148691,-21.80670412839514,-0.23762145585410835,-1.312648270420153,-1.605080483905149,-0.15736384160845865
35.050000000009014,8.141726299333138,0.1510162890310705,-0.01008163713474202,-2.433388504292108e-11,8.703096817066027e-05,-2.5048957033591468e-08,8.0,-0.14172629933313807,0.00019306385011993389,-0.00019306385011993389,1,0.02179262734152665,0.00439971221613733,69.57430699842936,69.57430699842936,69.57430699842936,0.14553480033891092,1.0284222452330212,20,0.14505686786321642,1.0249831078353366,20.754068184599554,-0.9011752068926947,-12.168167828183226,-2.8668002622565534,-21.80798896913978,-0.2375663437375526,-1.3128389600018826,-1.605537859308283,-0.15688785531012564
35.1000000000089,8.14122401565289,0.1510162890297334,-0.010009817563561365,-2.4017276950350387e-11,8.695219354166545e-05,-2.4735121036846094e-08,8.0,-0.1412240156528899,0.000194356405175523,-0.000194356405175523,1,0.022573524114654964,0.007272454644582649,69.57397670598282,69.57397670598282,69.57397670598282,0.14513698497062244,1.0251924304141995,20,0.1446617094337347,1.0217740000268187,20.758751312752043,-0.9006708858514723,-12.168681579858326,-2.868076554391108,-21.809266631398092,-0.23751153580925455,-1.3130285526825083,-1.6059927121584576,-0.15641450106836602
35.15000000000878,8.14072530382002,0.1510162890284162,-0.009938762095543783,-2.3707034200562578e-11,8.687455497828502e-05,-2.4426448044840862e-08,8.0,-0.14072530382001958,0.00019560632239879537,-0.00019560632239879537,1,0.023345676106196978,0.010119959812308232,69.57364870876378,69.57364870876378,69.57364870876378,0.14474103330676932,1.0219811519374369,20,0.1442683927258888,1.018583241284597,20.763406972861176,-0.9001695753654134,-12.169192264010398,-2.8693449136541886,-21.810537174344745,-0.23745702958091697,-1.3132170578893663,-1.6064450630836729,-0.15594375729736182
35.200000000008664,8.140230125901327,0.15101628902711842,-0.009868459867590756,-2.3403816114686166e-11,8.679803194461008e-05,-2.412283255618931e-08,8.0,-0.14023012590132744,0.0001968146292609238,-0.0001968146292609238,1,0.0241092006913054,0.012942502504601439,69.57332298179293,69.57332298179293,69.57332298179293,0.1443469338020747,1.0187882527229073,20,0.14387690643532233,1.0154106767963684,20.768035405656896,-0.8996712485128198,-12.169699908077545,-2.870605414203441,-21.81180065651728,-0.23740282259104076,-1.313404484941938,-1.6068949324896873,-0.15547560264461205
35.25000000000855,8.139738444501955,0.15101628902583983,-0.009798900210911982,-2.3106477323736426e-11,8.672260435348804e-05,-2.3824171674976237e-08,8.0,-0.13973844450195472,0.00019798232715524374,-0.00019798232715524374,1,0.024864213270578306,0.015740353648134586,69.57299950046071,69.57299950046071,69.57299950046071,0.1439546749806569,1.0156135774272788,20,0.1434872393237981,1.0122561534518308,20.772636849062952,-0.8991758786932244,-12.170204539170383,-2.8718581292672476,-21.813057135824412,-0.2373489124045702,-1.3135908430533905,-1.6073423405629657,-0.15501001598782688
35.30000000000843,8.139250222755686,0.15101628902457978,-0.009730072646822217,-2.2809824018393125e-11,8.664825255453294e-05,-2.3530365202402262e-08,8.0,-0.13925022275568644,0.00019911039201704294,-0.00019911039201704294,1,0.025610827310728945,0.018513780379575406,69.57267824052067,69.57267824052067,69.57267824052067,0.14356424543590068,1.012456972420741,20,0.14309938021912288,1.0091195198203642,20.77721153823764,-0.8986834396225984,-12.170706184076924,-2.8731031311593656,-21.814306669554206,-0.2372952966125437,-1.3137761413320905,-1.6077873072735793,-0.1545469764318712
35.350000000008315,8.138765424315592,0.15101628902333833,-0.009661966882632858,-2.2522037864764982e-11,8.657495732412648e-05,-2.3241314410162076e-08,8.0,-0.1387654243155918,0.0002001997751056133,-0.0002001997751056133,1,0.026349154384348594,0.021263046112780792,69.57235917808256,69.57235917808256,69.57235917808256,0.1431756338307685,1.0093182857641498,20,0.1427133180155102,1.0060006261287928,20.78175970561386,-0.8981939053286443,-12.171204869267376,-2.874340491293291,-21.81554931438216,-0.23724197283174978,-1.3139603887830928,-1.6082298523780632,-0.1540864633057553
35.4000000000082,8.138284013344826,0.15101628902211475,-0.009594572807655086,-2.223561894925253e-11,8.650269985314007e-05,-2.295692493808283e-08,8.0,-0.1382840133448262,0.0002012514036864406,-0.0002012514036864406,1,0.027079304208641686,0.023988410604440957,69.5720422896058,69.5720422896058,69.5720422896058,0.1427888288977473,1.0061973671865778,20,0.14232904167357854,1.002899324239562,20.78628158093844,-0.8977072501461713,-12.171700620898864,-2.8755702801963468,-21.816785126379152,-0.23718893870438865,-1.314143594309603,-1.6086699954222266,-0.1536284561596727
35.45000000000808,8.137805954507618,0.15101628902090902,-0.009527880489301806,-2.1955299350375656e-11,8.643146173822021e-05,-2.267710258586464e-08,8.0,-0.137805954507618,0.0002022661817103663,-0.0002022661817103663,1,0.027801384683238783,0.0266901300183488,69.57172755189309,69.57172755189309,69.57172755189309,0.1424038194389389,1.0030940680633507,20,0.14194654022049166,0.9998154676292963,20.790777391310815,-0.8972234487125551,-12.172193464820056,-2.8767925675235055,-21.818014161019256,-0.23713619189773882,-1.3143257667144153,-1.6091077557439222,-0.15317293476208416
35.500000000007965,8.13733121296046,0.15101628901972072,-0.009461880169290534,-2.1681783961829323e-11,8.636122496958941e-05,-2.2401756293520914e-08,8.0,-0.13733121296045958,0.00020324499043304812,-0.00020324499043304812,1,0.02851550192705843,0.029368456988213054,69.57141494208403,69.57141494208403,69.57141494208403,0.14202059432603387,1.0000082413941798,20,0.14156580274998165,0.9967489113676102,20.79524736122103,-0.8967424759632772,-12.172683426575714,-2.878007422070953,-21.81923647318747,-0.2370837301038289,-1.3145069147013264,-1.6095431524757708,-0.15271987909684695
35.55000000000785,8.136859754343483,0.15101628901854955,-0.009396562259938115,-2.141321984779145e-11,8.62919719221175e-05,-2.2130797916583467e-08,8.0,-0.13685975434348308,0.00020418868909127935,-0.00020418868909127935,1,0.029221760314316225,0.032023640679180176,69.57110443764903,69.57110443764903,69.57110443764903,0.14163914250037574,0.9969397417817236,20,0.14118681842246128,0.9936995120961571,20.799691712587087,-0.8962643071275428,-12.173170531411163,-2.879214911789396,-21.82045211718731,-0.23703155103911447,-1.3146870468765255,-1.6099762045478452,-0.15226926936038832
35.60000000000773,8.136391544772021,0.15101628901739506,-0.009331917340551193,-2.1143503110937864e-11,8.62236853456057e-05,-2.186414032793856e-08,8.0,-0.13639154477202098,0.00020509811545300904,-0.00020509811545300904,1,0.029920262509629758,0.03465592684798047,69.57079601638326,69.57079601638326,69.57079601638326,0.14125945297289463,0.9938884254105665,20,0.14080957646500528,0.9906671280081866,20.804110664791672,-0.8957889177239766,-12.173654804276676,-2.8804151037971217,-21.82166114674829,-0.2369796524441598,-1.3148661717499601,-1.6104069306903117,-0.15182108595892296
35.650000000007616,8.13592655082836,0.15101628901625722,-0.009267936153904125,-2.0885388962447247e-11,8.615634835534624e-05,-2.1601698130191095e-08,8.0,-0.13592655082836025,0.00020597408645724663,-0.00020597408645724663,1,0.030611109502310718,0.03726555790182812,69.57048965640071,69.57048965640071,69.57048965640071,0.14088151482410452,0.9908541500262807,20,0.14043406617139365,0.9876516188281855,20.808504434718223,-0.8953162835563944,-12.174136269831797,-2.881608064392813,-21.822863615033317,-0.2369280320833247,-1.3150442977366803,-1.6108353494360321,-0.1513753095057132
35.7000000000075,8.13546473955363,0.15101628901513545,-0.009204609602805423,-2.0626632243265264e-11,8.608994442284038e-05,-2.134338978926e-08,8.0,-0.1354647395536297,0.0002068173987671971,-0.0002068173987671971,1,0.03129440063981803,0.03985277295602907,69.57018533612853,69.57018533612853,69.57018533612853,0.1405053172040374,0.9878367749149983,20,0.14006027690209175,0.984652845791923,20.81287323678642,-0.894846380709648,-12.174614952449563,-2.8827938590681264,-21.82405957464593,-0.23687668774445575,-1.3152214331581586,-1.611261479123125,-0.1509319208183714
35.75000000000738,8.135006078439902,0.1510162890140296,-0.009141928746749187,-2.0371366135609482e-11,8.60244573668852e-05,-2.1089133794100042e-08,8.0,-0.1350060784399023,0.00020762882936124977,-0.00020762882936124977,1,0.03197023366042506,0.04241780789039806,69.5698830343013,69.5698830343013,69.5698830343013,0.1401308493321628,0.984836160883237,20,0.1396881980842145,0.9816706716268584,20.817217282987052,-0.8943791855455434,-12.175090876220679,-2.883972552520038,-21.825249077637487,-0.2368256172385827,-1.31539758624359,-1.6116853378974882,-0.15049090091620373
35.800000000007266,8.134550535422425,0.15101628901293943,-0.009079884798653442,-2.0123054729792535e-11,8.595987134577843e-05,-2.0838851171935033e-08,8.0,-0.13455053542242545,0.00020840913599599659,-0.00020840913599599659,1,0.03263870472506902,0.04496089540442566,69.56958272995556,69.56958272995556,69.56958272995556,0.13975810049721654,0.9818521702380135,20,0.13931781921139938,0.9787049605326882,20.821536782916304,-0.8939146746988302,-12.175564064957603,-2.885144208662959,-21.826432175514206,-0.23677481839961909,-1.3155727651311684,-1.6121069437152828,-0.15005223101759502
35.85000000000715,8.134098078872057,0.1510162890118646,-0.009018469121667533,-1.987685587249807e-11,8.589617084763589e-05,-2.0592465729959126e-08,8.0,-0.13409807887205716,0.0002091590578275078,-0.0002091590578275078,1,0.033299908448532145,0.04748226507138198,69.56928440242436,69.56928440242436,69.56928440242436,0.13938706005729098,0.9788846667671213,20,0.13894912984393917,0.9757555781622099,20.82583194380946,-0.8934528250732604,-12.176034542198567,-2.886308890640628,-21.827608919244117,-0.23672428908406762,-1.3157469778693434,-1.612526314345379,-0.14961589253743277
35.90000000000703,8.133648677587791,0.15101628901080486,-0.008957673226071544,-1.9635530440650703e-11,8.583334068387377e-05,-2.034990123163896e-08,8.0,-0.1336486775877912,0.00020987931582099108,-0.00020987931582099108,1,0.03395393792978896,0.04998214339118151,69.56898803133208,69.56898803133208,69.56898803133208,0.1390177174394612,0.9759335157200429,20,0.1385821196084515,0.9728223916026683,20.830102970574043,-0.8929936138377151,-12.176502331211521,-2.887466660837791,-21.828779359263915,-0.23667402717073005,-1.315920232418055,-1.612943467371765,-0.14918186708457154
35.950000000006916,8.13320230078953,0.15101628900975997,-0.008897488766239185,-1.9398599292961803e-11,8.577136597935726e-05,-2.0111084472327082e-08,8.0,-0.13320230078953088,0.00021057061333862458,-0.00021057061333862458,1,0.03460088478172885,0.05246075384222648,69.56869359658913,69.56869359658913,69.56869359658913,0.13865006213985867,0.9729985837887044,20,0.13821677819799316,0.9699052693570062,20.83435006582239,-0.8925370184223993,-12.176967454998023,-2.8886175808916605,-21.829943545485712,-0.23662403056042122,-1.316092536649949,-1.6133584201959201,-0.14875013645933496
36.0000000000068,8.13275891811089,0.15101628900872968,-0.008837907537684353,-1.9166382394910402e-11,8.571023216656624e-05,-1.9875944031780902e-08,8.0,-0.13275891811088947,0.00021123363651056449,-0.00021123363651056449,1,0.035240839160105786,0.05491831693210453,69.56840107838701,69.56840107838701,69.56840107838701,0.13828408372334572,0.9700797390889022,20,0.13785309537177617,0.9670040813257472,20.838573429903715,-0.8920830165151008,-12.177429936297045,-2.8897617117031693,-21.831101527303673,-0.2365742971756877,-1.3162638983515715,-1.61377119003915,-0.14832068265105644
36.05000000000668,8.132318499592271,0.15101628900771358,-0.008778921474168427,-1.893436607314101e-11,8.564992497698705e-05,-1.9644409592888863e-08,8.0,-0.13231849959227127,0.00021186905478084978,-0.00021186905478084978,1,0.03587388979190509,0.05735505024732551,69.56811045719327,69.56811045719327,69.56811045719327,0.13791977182353332,0.9671768511417228,20,0.13749106095522512,0.9641186987888802,20.84277326093558,-0.8916315860575147,-12.177889797588728,-2.8908991134480204,-21.83225335360058,-0.23652482496053046,-1.3164343252245447,-1.6141817939448893,-0.14789348783565645
36.10000000000657,8.131881015673985,0.1510162890067116,-0.008720522644886847,-1.8708723019743718e-11,8.559043043459911e-05,-1.9416412320779466e-08,8.0,-0.1318810156739847,0.00021247752129206337,-0.00021247752129206337,1,0.036500124002967205,0.05977116850195163,69.56782171374665,69.56782171374665,69.56782171374665,0.137557116142434,0.9642897908554265,20,0.13713066483966985,0.9612489943882264,20.8469497548349,-0.8911827052416298,-12.17834706109806,-2.892029845587536,-21.833399072754293,-0.23647561188013172,-1.3166038248867227,-1.6145902487809667,-0.1474685343732571
36.15000000000645,8.131446437189568,0.1510162890057235,-0.008662703251715677,-1.8485010652983827e-11,8.5531734848886e-05,-1.91918847083077e-08,8.0,-0.1314464371895685,0.00021305967340534335,-0.00021305967340534335,1,0.03711962774504296,0.0621668835852881,69.56753482905245,69.56753482905245,69.56753482905245,0.137196106450402,0.9614184305074932,20,0.13677189698232411,0.9583948421098792,20.851103105348393,-0.8907363525061771,-12.178801748798506,-2.8931539668793103,-21.8345387326441,-0.23642665592058604,-1.3167724048733285,-1.6149965712418388,-0.14704580480583218
36.200000000006334,8.1310147353592,0.1510162890047489,-0.008605455626532645,-1.826443398859363e-11,8.547382480678028e-05,-1.897076246470307e-08,8.0,-0.13101473535919972,0.00021361613300851126,-0.00021361613300851126,1,0.03773248562214937,0.06454240460853039,69.56724978437778,69.56724978437778,69.56724978437778,0.13683673258578016,0.9585626437269765,20,0.13641474740597068,0.9555561172669995,20.855233504082562,-0.8902925065331392,-12.179253882415557,-2.8942715353876713,-21.835672380656987,-0.23637795508863527,-1.3169400726380733,-1.6154007778507884,-0.1466252818548931
36.25000000000622,8.130585881783285,0.15101628900378775,-0.008548772228590452,-1.8049730707785855e-11,8.541668716763082e-05,-1.8752980680619772e-08,8.0,-0.13058588178328456,0.0002141475070426554,-0.0002141475070426554,1,0.038338780916426174,0.06689793795058135,69.56696656124699,69.56696656124699,69.56696656124699,0.13647898445488454,0.9557223054771116,20,0.13605920619898293,0.9527326964828668,20.859341140533143,-0.8898511462443179,-12.17970348343024,-2.8953826084939553,-21.83680006369384,-0.23632950741140757,-1.3171068355542566,-1.6158028849620907,-0.14620694841920903
36.3000000000061,8.130159848436136,0.1510162890028397,-0.008492645641964778,-1.7837419660926644e-11,8.536030905600091e-05,-1.8538477311377448e-08,8.0,-0.13015984843613637,0.00021465438783593242,-0.00021465438783593242,1,0.03893859561328705,0.06923368730279023,69.56668514143732,69.56668514143732,69.56668514143732,0.1361228520315652,0.9528972920381684,20,0.13570526351492262,0.9499244576741419,20.8634262021141,-0.8894122507979613,-12.180150573082551,-2.8964872429065958,-21.8379218281755,-0.23628131093616028,-1.317272700915849,-1.6162029087631469,-0.1457907875725619
36.350000000005984,8.129736607659803,0.15101628900190447,-0.008437068573055833,-1.7626684271184886e-11,8.530467785440723e-05,-1.8327190888008236e-08,8.0,-0.12973660765980277,0.00021513735349095492,-0.00021513735349095492,1,0.03953201042607368,0.0715498537129044,69.5664055069745,69.5664055069745,69.5664055069745,0.13576832535708672,0.9500874809905888,20,0.13535290957245638,0.9471312800343938,20.86748887418612,-0.8889757995854464,-12.180595172374842,-2.8975854946710355,-21.83903772004879,-0.2362333637300266,-1.3174376759385573,-1.6166008652765862,-0.1453767825615344
36.40000000000587,8.129316132158012,0.15101628900098207,-0.00838203384814857,-1.7422951031520516e-11,8.524978119903804e-05,-1.8119061788818895e-08,8.0,-0.12931613215801185,0.00021559696829253765,-0.00021559696829253765,1,0.04011910482013337,0.07384663562809995,69.56612764012844,69.56612764012844,69.56612764012844,0.13541539453988805,0.9472927511982961,20,0.13500213465515065,0.9443530440178224,20.87152934008467,-0.8885417722280187,-12.181037302075142,-2.898677419179461,-21.840147784792418,-0.23618566387976603,-1.3176017677608733,-1.6169967703623362,-0.14496491680333143
36.45000000000575,8.12889839499023,0.1510162890000721,-0.008327534411034473,-1.7221516389835284e-11,8.519560697168163e-05,-1.7914031473614063e-08,8.0,-0.12889839499023026,0.0002160337830098507,-0.0002160337830098507,1,0.040699957036333445,0.07612422893712867,69.56585152340908,69.56585152340908,69.56585152340908,0.13506404975525152,0.9445129827923575,20,0.13465292911117585,0.9415896313233036,20.875547781147574,-0.8881101485735858,-12.181476982720426,-2.8997630711803635,-21.841252067422804,-0.23613820949151854,-1.3177649834451042,-1.6173906397196633,-0.14455517388363373
36.500000000005635,8.128483369565858,0.15101628899917433,-0.008273563320681038,-1.7020874488670337e-11,8.51421432965569e-05,-1.771204289172627e-08,8.0,-0.12848336956585804,0.0002164483353201115,-0.0002164483353201115,1,0.04127464411410209,0.07838282701169441,69.56557713956227,69.56557713956227,69.56557713956227,0.13471428124518126,0.9417480571547423,20,0.13430528335321834,0.938840924878543,20.879544376742142,-0.8876809086935652,-12.181914234619834,-2.900842504787933,-21.842350612499832,-0.23609099869056233,-1.3179273299783878,-1.6177824888891819,-0.14414753755448345
36.55000000000552,8.128071029638509,0.1510162889982886,-0.008220113748965382,-1.6822756746339215e-11,8.508937853337722e-05,-1.7513039769921475e-08,8.0,-0.1280710296385088,0.0002168411500879554,-0.0002168411500879554,1,0.041843241913880336,0.08062262074692256,69.56530447156578,69.56530447156578,69.56530447156578,0.13436607931795663,0.9389978569025138,20,0.133959187858068,0.9361068088246255,20.88351930429187,-0.887254032879784,-12.182349077857827,-2.9019157734912873,-21.843443464132505,-0.2360440296210752,-1.3180888142736908,-1.6181723332548343,-0.14374199173220129
36.6000000000054,8.127661349300448,0.1510162889974147,-0.008167178978451092,-1.6628353504739106e-11,8.503730127011643e-05,-1.7316967325196722e-08,8.0,-0.12766134930044792,0.00021721273974264482,-0.00021721273974264482,1,0.04240582513914459,0.0828437986011113,69.56503350262538,69.56503350262538,69.56503350262538,0.1340194343480221,0.9362622658720445,20,0.13361463316654051,0.9333871685005937,20.887472739302694,-0.8868295016414312,-12.1827815322973,-2.902982930163536,-21.84453066598452,-0.2359973004458994,-1.3182494431707923,-1.6185601880458425,-0.14333852049533413
36.650000000005285,8.127254302977084,0.15101628899655253,-0.008114752400224462,-1.643749335194616e-11,8.498590032090804e-05,-1.712377269838105e-08,8.0,-0.12725430297708407,0.00021756360458919668,-0.00021756360458919668,1,0.04296246735787668,0.08504654663462563,69.56476421617096,69.56476421617096,69.56476421617096,0.13367433677555624,0.9335411691035989,20,0.13327160988307912,0.9306818904284102,20.891404855388835,-0.8864072957020595,-12.183211617582634,-2.90404402707069,-21.845612261279786,-0.23595080934630994,-1.3184092234372498,-1.6189460683386288,-0.14293710808263335
36.70000000000517,8.126849865421612,0.1510162889957018,-0.008062827511774132,-1.6249302264301373e-11,8.493516471816264e-05,-1.693340367113953e-08,8.0,-0.1268498654216117,0.00021789423311365506,-0.00021789423311365506,1,0.04351324102361309,0.08723104854809849,69.56449659585273,69.56449659585273,69.56449659585273,0.1333307771063028,0.9308344528261271,20,0.13293010867561714,0.927990862298118,20.895315824298216,-0.8859873959966376,-12.183639353142704,-2.9050991158804127,-21.846688292807823,-0.23590455452178632,-1.3185681617693512,-1.619329989058711,-0.14253773889106255
36.75000000000505,8.126448011709721,0.15101628899486239,-0.008011397914924313,-1.6064953850710657e-11,8.488508370941115e-05,-1.6745807924625726e-08,8.0,-0.1264480117097211,0.00021820510225600156,-0.00021820510225600156,1,0.044058217495990815,0.08939748571983724,69.5642306255376,69.5642306255376,69.5642306255376,0.13298874591117363,0.9281420044422474,20,0.1325901202752124,0.9253139729531062,20.899205815937474,-0.8855697836686506,-12.184064758193836,-2.9061482476706204,-21.84775880292912,-0.23585853418978756,-1.3187262647930524,-1.6197119649825678,-0.142140397473835
36.800000000004935,8.126048717234475,0.15101628899403396,-0.007960457313810081,-1.5883468822502505e-11,8.483564675125913e-05,-1.6560936507481392e-08,8.0,-0.1260487172344753,0.00021849667778569719,-0.00021849667778569719,1,0.04459746706087653,0.09154603724255117,69.56396628930553,69.56396628930553,69.56396628930553,0.13264823382603907,0.9254637125133505,20,0.13225163547586805,0.9226511123756274,20.903074998396573,-0.8851544400672484,-12.184487851742713,-2.9071914729379342,-21.848823833580397,-0.2358127465855305,-1.318883539064898,-1.6200920107394776,-0.1417450685384794
36.85000000000482,8.125651957701209,0.15101628899321654,-0.00790999951290245,-1.5702740700056963e-11,8.478684350499617e-05,-1.6378740263435195e-08,8.0,-0.12565195770120852,0.0002187694145355597,-0.0002187694145355597,1,0.04513105895003122,0.09367687995930385,69.56370357144588,69.56370357144588,69.56370357144588,0.13230923155136567,0.9227994667452203,20,0.13191464513420056,0.9200021716726839,20.90692353797302,-0.8847413467444408,-12.184908652589238,-2.908228841605984,-21.849883426279792,-0.23576718996177143,-1.3190399910729298,-1.6204701408133315,-0.14135173694493422
36.9000000000047,8.125257709122566,0.15101628899240982,-0.00786001841508239,-1.5526436193317154e-11,8.4738663831634e-05,-1.61991706734466e-08,8.0,-0.1252577091225664,0.0002190237567153778,-0.0002190237567153778,1,0.045659061360329156,0.09579018849881715,69.56344245645414,69.56344245645414,69.56344245645414,0.1319717298518053,0.9201491579735295,20,0.13157914016905872,0.9173670430619116,20.910751599195706,-0.8843304854523384,-12.185327179329343,-2.9092604030335707,-21.850937622131983,-0.23572186258859074,-1.3191956272375793,-1.6208463695444175,-0.14096038770367023
36.950000000004586,8.12486594781363,0.1510162889916136,-0.007810508019749476,-1.5352228314216037e-11,8.469109778775919e-05,-1.602218115322295e-08,8.0,-0.12486594781363003,0.00021926013812200319,-0.00021926013812200319,1,0.04618154147259679,0.0978861353100785,69.56318292902833,69.56318292902833,69.56318292902833,0.13163571955605702,0.9175126781497319,20,0.13124511156141425,0.9147456198577523,20.914559344848346,-0.8839218381404386,-12.18574345035776,-2.9102862060226897,-21.85198646183324,-0.2356767627531808,-1.3193504539125473,-1.621220711131181,-0.14057100597383973
37.00000000000447,8.124476650387143,0.1510162889908277,-0.007761462420980958,-1.5177430961323096e-11,8.464413562087613e-05,-1.584772595875036e-08,8.0,-0.12447665038714284,0.00021947898246978597,-0.00021947898246978597,1,0.046698565470018716,0.0999648906963087,69.56292497406577,69.56292497406577,69.56292497406577,0.1313011915563753,0.9148899203270682,20,0.1309125503538988,0.9121377964577826,20.91834693599257,-0.8835153869529562,-12.186157483870742,-2.911306298826413,-21.853029985676375,-0.23563188875963698,-1.3195044773856697,-1.6215931796319587,-0.1401835770614533
37.05000000000435,8.124089793748832,0.15101628899005207,-0.007712875805724559,-1.5006565854246744e-11,8.459776776536631e-05,-1.5675759762958975e-08,8.0,-0.12408979374883167,0.00021968070361673268,-0.00021968070361673268,1,0.04721019855617625,0.10202662284826691,69.56266857665972,69.56266857665972,69.56266857665972,0.13096813680840472,0.912280778646894,20,0.13058144765066668,0.9095434683293484,20.922114531990637,-0.8831111142261966,-12.186569297868738,-2.912320729156641,-21.854068233555676,-0.2355872389287514,-1.3196577038797692,-1.6219637889666882,-0.1397980864175824
37.100000000004236,8.123705355092776,0.15101628898928662,-0.007664742452042751,-1.4843619945880658e-11,8.45519848371886e-05,-1.5506239828070196e-08,8.0,-0.1237053550927758,0.00021986570580818183,-0.00021986570580818183,1,0.047716504972634466,0.10407149787690062,69.56241372209628,69.56241372209628,69.56241372209628,0.130636546330622,0.9096851483250333,20,0.13025179461686487,0.9069625319962299,20.92586229052779,-0.8827090024859721,-12.186978910159032,-2.91332954419172,-21.85510124497171,-0.23554281159781007,-1.3198101395534945,-1.6223325529185917,-0.13941451963658888
37.15000000000412,8.123323311896925,0.15101628898853095,-0.00761705672738203,-1.4679934344398382e-11,8.450677763148994e-05,-1.5339121062837835e-08,8.0,-0.12332331189692525,0.00022003438392874952,-0.00022003438392874952,1,0.048217548016254996,0.10609967984543633,69.56216039585112,69.56216039585112,69.56216039585112,0.13030641120427375,0.9071029256385614,20,0.1299235824785972,0.9043948850257024,20.929590367634262,-0.8823090344450591,-12.187386338358333,-2.9143327905839316,-21.856129059036107,-0.2354986051203925,-1.3199617905021461,-1.6226994851358365,-0.13903286245437899
37.200000000004,8.12294364191866,0.15101628898778496,-0.007569813086893503,-1.4517406007635672e-11,8.44621371181403e-05,-1.5174362925685476e-08,8.0,-0.12294364191865981,0.00022018712374795283,-0.00022018712374795283,1,0.048713390056035144,0.10811133080081275,69.56190858358654,69.56190858358654,69.56190858358654,0.12997772257278642,0.904534007912463,20,0.12959680252236194,0.901840426015489,20.93329891770695,-0.8819111930006979,-12.187791599895323,-2.915330514466853,-21.85715171447625,-0.23545461786617455,-1.3201126627584898,-1.6230645991331714,-0.13865310074668355
37.25000000000389,8.122566323190432,0.15101628898704855,-0.007523006071785285,-1.4357421983733425e-11,8.44180544363726e-05,-1.5011923214837226e-08,8.0,-0.1225663231904317,0.00022032430209189825,-0.00022032430209189825,1,0.04920409254964275,0.11010661080452855,69.56165827114826,69.56165827114826,69.56165827114826,0.12965047164152674,0.9019782935068196,20,0.12927144609483782,0.8992990545812606,20.936988093530715,-0.8815154612321303,-12.188194712013173,-2.9163227614625984,-21.8581692496399,-0.23541084822073394,-1.320262762293557,-1.6234279082935394,-0.1382752205273624
37.30000000000377,8.122191334015543,0.1510162889863216,-0.00747663030770411,-1.4200239928846104e-11,8.437452089324793e-05,-1.485176220586083e-08,8.0,-0.12219133401554316,0.0002204462871463549,-0.0002204462871463549,1,0.04968971605963879,0.1120856779629944,69.56140944456261,69.56140944456261,69.56140944456261,0.1293246496775829,0.8994356818038984,20,0.12894750460269094,0.8967706713439452,20.94065804629939,-0.8811218223981789,-12.188595691772004,-2.917309576688932,-21.859181702499775,-0.23536729458535843,-1.3204120950174332,-1.6237894258696677,-0.13789920794673297
37.350000000003654,8.121818652963928,0.1510162889856039,-0.007430680503167166,-1.4045433692979828e-11,8.433152795853682e-05,-1.4693840186692799e-08,8.0,-0.12181865296392758,0.00022055343863997622,-0.00022055343863997622,1,0.05017032026926427,0.11404868845718014,69.56116209003356,69.56116209003356,69.56116209003356,0.1290002480091459,0.8969060731956515,20,0.12862496951198205,0.8942551779175572,20.94430892563643,-0.8807302599348636,-12.188994556051325,-2.9182910047662665,-21.860189110658045,-0.23532395537685705,-1.3205606667800345,-1.6241491649856343,-0.13752504928992332
37.40000000000354,8.121448258868059,0.15101628898489527,-0.007385151448021136,-1.3892313705158057e-11,8.428906726091375e-05,-1.453811803970446e-08,8.0,-0.12144825886805855,0.00022064610805492768,-0.00022064610805492768,1,0.050645963997943744,0.11599579657180523,69.56091619393987,69.56091619393987,69.56091619393987,0.12867725802528482,0.8943893690712619,20,0.12830383234796666,0.8917524768970067,20.94794087961526,-0.8803407574530564,-12.189391321552415,-2.919267089824543,-21.861191511350768,-0.23528082902737368,-1.3207084833718719,-1.6245071386384133,-0.13715273097524872
37.45000000000342,8.121080130818918,0.15101628898419572,-0.007340038011929863,-1.3742841960277354e-11,8.424713058592953e-05,-1.4384558503050089e-08,8.0,-0.12108013081891755,0.0002207246388235713,-0.0002207246388235713,1,0.0511167052164927,0.11792715472398449,69.56067174283234,69.56067174283234,69.56067174283234,0.12835567117569147,0.8918854718048704,20,0.1279840846948634,0.8892624718460395,20.95155405477929,-0.8799532987361737,-12.189786004800684,-2.920237875509996,-21.862188941452267,-0.23523791398420354,-1.3208555505248043,-1.6248633596993969,-0.13678223955261076
37.500000000003304,8.120714248162024,0.1510162889835049,-0.007295335142904479,-1.3593933644202568e-11,8.420570987104444e-05,-1.4233123460409173e-08,8.0,-0.12071424816202381,0.00022078936648494264,-0.00022078936648494264,1,0.051582601061953004,0.11984291349132106,69.56042872343096,69.56042872343096,69.56042872343096,0.12803547897013295,0.8893942847435579,20,0.1276657181953318,0.886785067285528,20.95514859616165,-0.879567867737905,-12.190178622147984,-2.921203404991806,-21.86318143747945,-0.23519520870961205,-1.3210018739127798,-1.625217840915897,-0.13641356170192007
37.55000000000319,8.120350590493612,0.1510162889828228,-0.007251037865854795,-1.344711855439126e-11,8.416479720334975e-05,-1.4083777274315697e-08,8.0,-0.12035059049361152,0.00022084061900359855,-0.00022084061900359855,1,0.052043707852180154,0.12174322163952653,69.56018712262231,69.56018712262231,69.56018712262231,0.12771667297829015,0.8869157121953261,20,0.12734872455033336,0.8843201686816872,20.958724647304578,-0.8791844485799774,-12.19056918977489,-2.9221637209686433,-21.86416903559606,-0.2351527116806564,-1.321147459152566,-1.6255705949126258,-0.1360466842315406
37.60000000000307,8.119989137656743,0.1510162889821493,-0.007207141281185792,-1.3303557462108992e-11,8.412438481535139e-05,-1.393648443363261e-08,8.0,-0.11998913765674324,0.00022087871685029783,-0.00022087871685029783,1,0.05250008110004478,0.12362822614943755,69.5599469274569,69.5599469274569,69.5599469274569,0.12739924482915388,0.8844496594175623,20,0.12703309551855227,0.8818676824347945,20.96228235027856,-0.8788030255499555,-12.19095772369294,-2.923118865675101,-21.865151771616873,-0.23511042138900967,-1.3212923118044693,-1.6259216341931528,-0.13568159407675692
37.650000000002954,8.119629869737615,0.1510162889814842,-0.0071636405634137425,-1.316155249707182e-11,8.408446508264613e-05,-1.379120919623212e-08,8.0,-0.11962986973761502,0.00022090397319028004,-0.00022090397319028004,1,0.05295177552740704,0.1254980722436404,69.55970812514666,69.55970812514666,69.55970812514666,0.12708318621084153,0.88199603260535,20,0.1267188229162339,0.8794275158677318,20.96582184570113,-0.8784235830990758,-12.19134423974685,-2.924068880888025,-21.86612968101183,-0.2350683363407873,-1.3214364373730425,-1.6262709711413452,-0.13531827829826257
37.70000000000284,8.119272767061883,0.1510162889808274,-0.0071205309598093266,-1.3022237195723329e-11,8.404503052129334e-05,-1.3647918193796813e-08,8.0,-0.11927276706188294,0.00022091669411327587,-0.00022091669411327587,1,0.053398845078826085,0.12735290341262667,69.55947070306216,69.55947070306216,69.55947070306216,0.12676848887028988,0.8795547388800267,20,0.1264058986169003,0.8769995772148129,20.96934327275541,-0.8780461058401147,-12.191728753616685,-2.925013807932736,-21.867102798910132,-0.23502645505637607,-1.3215798413077833,-1.6266186180227853,-0.13495672408066953
37.75000000000272,8.118917810191052,0.15101628898017871,-0.007077807789082468,-1.2882562622799637e-11,8.4006073782791e-05,-1.3506577225038802e-08,8.0,-0.11891781019105174,0.00022091717879749946,-0.00022091717879749946,1,0.05384134293489762,0.12919286144035516,69.5592346487304,69.5592346487304,69.5592346487304,0.12645514461265167,0.8771256862781126,20,0.1260943145507694,0.8745837756108973,20.972846769208367,-0.8776705785452904,-12.192111280819988,-2.9259536876891556,-21.868071160104243,-0.2349847760702654,-1.321722529003821,-1.6269645869861684,-0.1345969187310394
37.800000000002605,8.11856497991892,0.1510162889795381,-0.007035466440087501,-1.2746451068279612e-11,8.39675876534683e-05,-1.3367154099838037e-08,8.0,-0.11856497991892034,0.00022090571961931127,-0.00022090571961931127,1,0.054279321525372515,0.13101808642944404,69.55899994983224,69.55899994983224,69.55899994983224,0.12614314530107393,0.8747087837400912,20,0.12578406270455486,0.8721800210804475,20.97633247142877,-0.8772969861441974,-12.192491836713904,-2.9268885605978254,-21.86903479905387,-0.23494329793088128,-1.3218645058025937,-1.627308890064682,-0.13423884967743493
37.85000000000249,8.118214257268134,0.15101628897890537,-0.006993502370553471,-1.2613019806069059e-11,8.392956505062111e-05,-1.3229616116246712e-08,8.0,-0.11821425726813395,0.00022088260239268377,-0.00022088260239268377,1,0.05471283254203341,0.13282871682592892,69.55876659419995,69.55876659419995,69.55876659419995,0.12583248285636411,0.8723039410995526,20,0.12547513512115344,0.8697882245268751,20.9798005144049,-0.8769253137217724,-12.192870436497236,-2.9278184666658333,-21.86999374988988,-0.23490201920042206,-1.322005776992515,-1.6276515391773647,-0.13388250446749156
37.90000000000237,8.11786562348675,0.15101628897828032,-0.006951911105847811,-1.2474342138037475e-11,8.389199901810534e-05,-1.3093932402848934e-08,8.0,-0.11786562348675034,0.00022084810646546814,-0.00022084810646546814,1,0.05514192695124609,0.13462488944349393,69.55853456981498,69.55853456981498,69.55853456981498,0.12552314925651145,0.8699110690723885,20,0.12516752389918764,0.8674082977219669,20.983251031761984,-0.8765555465162929,-12.193247095212499,-2.9287434454726413,-21.870948046418142,-0.23486093845469694,-1.322146347809631,-1.6279925461304472,-0.1335278707670094
37.950000000002255,8.1175190600449,0.15101628897766314,-0.006910688237758582,-1.2347619910664918e-11,8.385488272728832e-05,-1.2960071136276123e-08,8.0,-0.11751906004490031,0.00022080250492193063,-0.00022080250492193063,1,0.055566655006337506,0.13640673948736534,69.55830386480552,69.55830386480552,69.55830386480552,0.1252151365364497,0.8675300792462222,20,0.12486122119278893,0.8650401532955347,20.98668415577935,-0.8761876699174056,-12.19362182774792,-2.929663536175819,-21.871897722123354,-0.2348200542829665,-1.3222862234382664,-1.6283319226186737,-0.13317493635856448
38.00000000000214,8.117174548631485,0.15101628897705355,-0.006869829423309901,-1.221982563305549e-11,8.381820947157331e-05,-1.2828002382384692e-08,8.0,-0.11717454863148546,0.0002207460647123697,-0.0002207460647123697,1,0.055987066259638785,0.13817440057770167,69.55807446744434,69.55807446744434,69.55807446744434,0.12490843678755019,0.8651608840699083,20,0.12455621921111151,0.8626837047251215,20.990100017407343,-0.8758216694641864,-12.193994648839427,-2.9305787775166854,-21.872842810172774,-0.23477936528778556,-1.3224254090116645,-1.6286696802266047,-0.13282368914013976
38.05000000000202,8.116832071150958,0.15101628897645128,-0.006829330383597488,-1.2093389696127697e-11,8.378197266469978e-05,-1.269769654753252e-08,8.0,-0.11683207115095762,0.00022067904679575647,-0.00022067904679575647,1,0.056403209574347524,0.13992800477261616,69.55784636614652,69.55784636614652,69.55784636614652,0.12460304215733756,0.8628033968432249,20,0.12425251021806781,0.8603388663259062,20.993498746283983,-0.875457530843229,-12.194365573072586,-2.9314892078258583,-21.87378334341994,-0.234738870084848,-1.3225639096126127,-1.629005830429904,-0.13247411712377485
38.100000000001906,8.116491609720141,0.1510162889758564,-0.006789186902648927,-1.1968814125245685e-11,8.374616583697694e-05,-1.2569124960876862e-08,8.0,-0.11649160972014094,0.0002206017063195396,-0.0002206017063195396,1,0.05681513313613218,0.14166768259078963,69.55761954946725,69.55761954946725,69.55761954946725,0.12429894484911101,0.8604575317067062,20,0.12395008653196944,0.8580055532407431,20.996880470751364,-0.8750952398867636,-12.194734614884526,-2.932394865028716,-21.87471935440832,-0.234698567302834,-1.3227017302740631,-1.6293403845966046,-0.1321262084342346
38.15000000000179,8.116153146665106,0.15101628897526867,-0.006749394826312407,-1.184478697826921e-11,8.37107826354923e-05,-1.244225856321199e-08,8.0,-0.11615314666510557,0.00022051429272071748,-0.00022051429272071748,1,0.0572228844644862,0.14339356303364498,69.55739400609974,69.55739400609974,69.55739400609974,0.1239961371214881,0.8581232036316326,20,0.12364894052509075,0.855683681430379,21.00024531787182,-0.8747347825708047,-12.195101788565825,-2.933295786650772,-21.875650875374905,-0.23465845558325926,-1.3228388759797414,-1.6296733539883592,-0.13177995130769626
38.20000000000167,8.115816664518107,0.15101628897468805,-0.006709950061162972,-1.1722010107654582e-11,8.367581681945002e-05,-1.2317069144221252e-08,8.0,-0.1158166645181069,0.00022041704986367638,-0.00022041704986367638,1,0.057626510423879784,0.14510577360718055,69.55716972487309,69.55716972487309,69.55716972487309,0.12369461128813258,0.8558003284101111,20,0.12334906462341519,0.8533731676636612,21.00359341344383,-0.874376145013326,-12.195467108262372,-2.9341920098229597,-21.87657793825376,-0.23461853358032622,-1.3229753516647482,-1.6300047497616734,-0.13143533409045466
38.250000000001556,8.115482146014587,0.15101628897411445,-0.006670848573432588,-1.1602318282156135e-11,8.364126225835706e-05,-1.2193529664369384e-08,8.0,-0.11548214601458717,0.00022031021621056433,-0.00022031021621056433,1,0.05802605723469367,0.14680444034341572,69.5569466947502,69.5569466947502,69.5569466947502,0.12339435971736182,0.8534888226452837,20,0.12305045130626187,0.851073929508045,21.00692488201772,-0.8740193134724641,-12.195830587977197,-2.9350835712868406,-21.87750057467954,-0.23457879996077743,-1.323111162216151,-1.6303345829691211,-0.13109234523764507
38.30000000000144,8.115149574090198,0.15101628897354774,-0.006632086387965559,-1.1483444739930259e-11,8.360711292976222e-05,-1.2071613433297983e-08,8.0,-0.11514957409019821,0.00022019402488061523,-0.00022019402488061523,1,0.0584215704839115,0.1484896878214276,69.55672490482577,69.55672490482577,69.55672490482577,0.12309537483172006,0.851188603741805,20,0.1227530931058772,0.84878588532017,21.010239846911094,-0.8736642743447495,-12.196192241572275,-2.935970507399721,-21.87841881599094,-0.23453925340375095,-1.3232463124735676,-1.630662864560544,-0.1307509733119841
38.35000000000132,8.11481893187791,0.15101628897298786,-0.006593659587189076,-1.1366660318455217e-11,8.357336291826405e-05,-1.1951293688871734e-08,8.0,-0.11481893187790959,0.0002200687038375323,-0.0002200687038375323,1,0.058813095135644256,0.15016163918809067,69.55650434432432,69.55650434432432,69.55650434432432,0.12279764910771637,0.848899589896259,20,0.12245698260719076,0.8465089542365261,21.013538430224063,-0.8733110141633635,-12.196552082770303,-2.9368528541396954,-21.8793326932341,-0.2344998926006376,-1.3233808072297408,-1.6309896053842345,-0.13041120698252726
38.40000000000121,8.11449020270517,0.1510162889724346,-0.0065555643101137045,-1.125126956138069e-11,8.354000641016045e-05,-1.1832544570115225e-08,8.0,-0.11449020270516996,0.00021993447602061274,-0.00021993447602061274,1,0.05920067554138697,0.1518204161783748,69.55628500259823,69.55628500259823,69.55628500259823,0.12250117507529572,0.8466217000878661,20,0.12216211244730468,0.8442430561643096,21.016820752854233,-0.8729595195964227,-12.19691012515645,-2.9377306471106044,-21.880242237165977,-0.23446071625494028,-1.3235146512311053,-1.6313148161881015,-0.13007303502344428
38.45000000000109,8.114163370091052,0.15101628897188796,-0.006517796751348091,-1.1136857874505118e-11,8.350703769524832e-05,-1.171534087069476e-08,8.0,-0.11416337009105249,0.00021979155936835746,-0.00021979155936835746,1,0.05958435545012186,0.1534661391353351,69.5560668691258,69.5560668691258,69.5560668691258,0.12220594531759107,0.8443548540692772,20,0.12186847531526297,0.8419881117724023,21.02008693451149,-0.872609777445288,-12.197266382180077,-2.9386039215469175,-21.881147478257652,-0.23442172308213508,-1.323647849178346,-1.6316385076208217,-0.12973644631281062
38.50000000000097,8.113838417743565,0.15101628897134786,-0.006480353160131306,-1.1025183817155501e-11,8.347445116257215e-05,-1.159965816768488e-08,8.0,-0.1138384177435654,0.00021964016705160308,-0.00021964016705160308,1,0.05996417801823384,0.15509892702981176,69.55584993350936,69.55584993350936,69.55584993350936,0.12191195247058194,0.8420989723573581,20,0.12157606395172726,0.8397440424823753,21.023337093732536,-0.8722617746429001,-12.197620867156441,-2.9394727123185396,-21.882048446697617,-0.2343829118095345,-1.3237804057269482,-1.631960690232975,-0.12940142983141553
38.55000000000086,8.113515329556892,0.15101628897081407,-0.006443229839391295,-1.0913571815080323e-11,8.344224129773051e-05,-1.1485471626963262e-08,8.0,-0.11351532955689159,0.00021948050753636125,-0.00021948050753636125,1,0.06034018581919731,0.15671889747968246,69.55563418547348,69.55563418547348,69.55563418547348,0.12161918922262753,0.8398539762243937,20,0.12128487114852723,0.8375107704598224,21.02657134789526,-0.8719154982521395,-12.19797359326836,-2.94033705393554,-21.882945172394994,-0.23434428117615227,-1.32391232548774,-1.6322813744781637,-0.12906797466158657
38.60000000000074,8.113194089608752,0.15101628897028666,-0.006406423144821333,-1.080490381234181e-11,8.341040268271512e-05,-1.137275672400695e-08,8.0,-0.11319408960875244,0.00021931278467540732,-0.00021931278467540732,1,0.0607124208530746,0.15832616676887168,69.55541961486311,69.55541961486311,69.55541961486311,0.12132764831410597,0.8376197876891478,20,0.12099488974831658,0.835288218605621,21.029789813232842,-0.8715709354642112,-12.198324573567863,-2.9411969805528093,-21.883837684982726,-0.23430582993257015,-1.3240436130274271,-1.6326005707141165,-0.12873606998603004
38.650000000000624,8.112874682157788,0.15101628896976538,-0.006369929483973685,-1.0696136385871981e-11,8.337892999260011e-05,-1.1261491317110876e-08,8.0,-0.11287468215778773,0.00021913719784228932,-0.00021913719784228932,1,0.061080924555848015,0.15992084986598715,69.5552062116418,69.5552062116418,69.5552062116418,0.12103732253707057,0.8353963295081093,20,0.12070611264424567,0.8330763105472789,21.032992604847706,-0.8712280735970528,-12.198673820977813,-2.9420525259746424,-21.884726013820714,-0.23426755684080647,-1.3241742728691195,-1.632918289203779,-0.12840570508668722
38.70000000000051,8.112557091640978,0.15101628896925026,-0.006333745315369792,-1.0589914591959509e-11,8.334781799435434e-05,-1.1151651444179481e-08,8.0,-0.11255709164097816,0.0002189539420248501,-0.0002189539420248501,1,0.06144573780858209,0.16150306044268686,69.55499396588993,69.55499396588993,69.55499396588993,0.12074820473492402,0.8331835251669393,20,0.12041853277965182,0.8308749706306866,21.036179836725225,-0.8708869000937677,-12.199021348293503,-2.9429037236592523,-21.885610187998925,-0.23422946067418648,-1.3243043094928508,-1.633234540116388,-0.12807686934360574
38.75000000000039,8.112241302671118,0.15101628896874117,-0.006297867147630194,-1.0484648196039285e-11,8.331706154454384e-05,-1.1043214649171957e-08,8.0,-0.11224130267111754,0.00021876320790723057,-0.00021876320790723057,1,0.06180690094639052,0.1630729108917018,69.55478286780306,69.55478286780306,69.55478286780306,0.1204602878020147,0.8309812988719822,20,0.12013214314767165,0.8286841239116494,21.03935162174725,-0.8705474025210802,-12.19936716818423,-2.9437506067232113,-21.886490236340443,-0.23419154021721447,-1.3244337273360904,-1.6335493335285316,-0.1277495522338265
38.800000000000274,8.111927300034353,0.15101628896823804,-0.006262291538618895,-1.0380816361988408e-11,8.328665558919583e-05,-1.0936158642542406e-08,8.0,-0.11192730003435258,0.0002185651820108678,-0.0002185651820108678,1,0.062164453767261985,0.16463051234458678,69.5545729076901,69.5545729076901,69.5545729076901,0.12017356468332681,0.828789575541836,20,0.11984693679094674,0.8265036961476957,21.04250807170545,-0.8702095685678142,-12.199711293194852,-2.9445932079458266,-21.887366187404492,-0.23415379426544747,-1.3245625307942483,-1.633862679425196,-0.12742374333028542
38.85000000000016,8.111615068687719,0.1510162889677407,-0.006227015094612617,-1.0277976071239971e-11,8.32565951581117e-05,-1.0830462569493773e-08,8.0,-0.11161506868771909,0.0002183600468026958,-0.0002183600468026958,1,0.06251843554065784,0.166175974689123,69.5543640759718,69.5543640759718,69.5543640759718,0.11988802837397303,0.8266082807991673,20,0.11956290680113228,0.8243336137900279,21.045649297314423,-0.869873386043394,-12.200053735747307,-2.9454315597734446,-21.88823806948942,-0.23411622162537082,-1.324690724221172,-1.6341745877007972,-0.12709943230073023
38.90000000000004,8.11130459375675,0.15101628896724922,-0.00619203446948128,-1.0178018761522644e-11,8.322687536712284e-05,-1.0726104181797399e-08,8.0,-0.11130459375674917,0.0002181479807487027,-0.0002181479807487027,1,0.06286888501598342,0.16770940658643804,69.55415636317909,69.55415636317909,69.55415636317909,0.11960367191893681,0.8244373409625911,20,0.11928004631865408,0.8221738039755682,21.048775408224675,-0.8695388428763678,-12.200394508142125,-2.946265694323693,-21.889105910635635,-0.2340788211142753,-1.3248183119296375,-1.634485068160199,-0.12677660890665166
38.949999999999925,8.110995860533102,0.15101628896676336,-0.006157346363882883,-1.0077530467545968e-11,8.319749141513605e-05,-1.062306239079876e-08,8.0,-0.11099586053310162,0.00021792915839746556,-0.00021792915839746556,1,0.06321584043091533,0.16923091548791042,69.5539497599514,69.5539497599514,69.5539497599514,0.11932048841273928,0.8222766830385585,20,0.11899834853239043,0.8200241945189742,21.051886513035353,-0.8692059271129519,-12.20073362255991,-2.9470956433896562,-21.88996973862849,-0.2340415915601359,-1.3249452981918324,-1.634794130519718,-0.12645526300222878
38.99999999999981,8.110688854472256,0.1510162889662831,-0.006122947524479863,-9.979152829156568e-12,8.316843858132127e-05,-1.0521317857436236e-08,8.0,-0.11068885447225618,0.00021770375047785824,-0.00021770375047785824,1,0.06355933951952253,0.17074060765170515,69.55374425703516,69.55374425703516,69.55374425703516,0.11903847099896853,0.8201262347133949,20,0.11871780667921637,0.8178847139048664,21.05498271930683,-0.8688746269155969,-12.201071091062804,-2.947921438443985,-21.890829581001167,-0.23400453180149225,-1.325071687239833,-1.6351017844081148,-0.12613538453328876
39.04999999999969,8.110383561191227,0.1510162889658084,-0.006088834743162735,-9.8821625561363e-12,8.313971222521884e-05,-1.0420849275468536e-08,8.0,-0.11038356119122739,0.00021747192402433993,-0.00021747192402433993,1,0.0638994195203112,0.1722385881591106,69.55353984528217,69.55353984528217,69.55353984528217,0.11875761287008356,0.8179859243456308,20,0.1184384140438219,0.8157552912802432,21.058064133573115,-0.8685449305615754,-12.20140692559592,-2.9487431106429476,-21.891685465037483,-0.23396764068733059,-1.325197483266074,-1.635408039367572,-0.12581696353628008
39.099999999999575,8.110079966466314,0.15101628896533914,-0.006055004856294601,-9.786391919365858e-12,8.311130778451951e-05,-1.0321637121013867e-08,8.0,-0.1100799664663139,0.00021723384239984435,-0.00021723384239984435,1,0.06423611718405264,0.17372496093054932,69.55333651564821,69.55333651564821,69.55333651564821,0.11847790726695857,0.8158556809581646,20,0.11816016395827048,0.813635856446875,21.061130861354044,-0.868216826441589,-12.201741137988769,-2.9495606908304146,-21.892537417774687,-0.23393091707696734,-1.3253226904238125,-1.63571290485466,-0.12549999013725968
39.14999999999946,8.109778056230905,0.15101628896487523,-0.006021454743972722,-9.690747793919603e-12,8.308322077256011e-05,-1.0223661921350934e-08,8.0,-0.10977805623090475,0.0002169896654277368,-0.0002169896654277368,1,0.06456946878147263,0.17519982874135015,69.55313425919142,69.55313425919142,69.55313425919142,0.11819934747846711,0.8137354342306912,20,0.11788304980159761,0.8115263398537896,21.064183007167358,-0.8678903030583964,-12.202073739956656,-2.950374209541787,-21.893385466006205,-0.23389435983993423,-1.3254473128275837,-1.6360163902412879,-0.1251844545508937
39.19999999999934,8.10947781657332,0.1510162889644166,-0.005988181329295791,-9.597907245806729e-12,8.305544677885738e-05,-1.012690522496989e-08,8.0,-0.10947781657331923,0.00021673954947376103,-0.00021673954947376103,1,0.06489951011084327,0.1766632932372719,69.55293306707087,69.55293306707087,69.55293306707087,0.1179219268413112,0.8116251144921974,20,0.11760706499965318,0.8094266725899671,21.06722067454055,-0.8675653490254613,-12.20240474310206,-2.951183697007864,-21.894229636284354,-0.23385796785586485,-1.3255713545536523,-1.636318504815645,-0.12487034707947099
39.249999999999226,8.109179233734647,0.1510162889639632,-0.005955181577656113,-9.50521560392681e-12,8.30279814657657e-05,-1.0031347470991572e-08,8.0,-0.10917923373464689,0.00021648364749997368,-0.00021648364749997368,1,0.06522627650536761,0.17811545494973222,69.55273293054518,69.55273293054518,69.55273293054518,0.11764563873946177,0.8095246527136352,20,0.11733220302455616,0.807336786377108,21.07024396602259,-0.86724195306562,-12.202734158915986,-2.9519891831586507,-21.89506995492302,-0.23382174001438283,-1.325694819640457,-1.636619257783127,-0.12455765811193026
39.29999999999911,8.108882294106683,0.151016288963515,-0.005922452496040087,-9.416105559251885e-12,8.300082056707879e-05,-9.936971217418378e-09,8.0,-0.10888229410668337,0.0002162221091812652,-0.0002162221091812652,1,0.0655498028404603,0.1795564133108175,69.55253384097101,69.55253384097101,69.55253384097101,0.11737047660390645,0.8074339805004878,20,0.11705845739445545,0.8052566135623638,21.073252983195456,-0.8669201040097679,-12.203061998779312,-2.952790697627109,-21.8959064480003,-0.23378567521499138,-1.3258177120890475,-1.636918658267251,-0.12424637812289972
39.34999999999899,8.108586984229833,0.15101628896307176,-0.005889991132340779,-9.32470399364416e-12,8.297395988857542e-05,-9.843757563704963e-09,8.0,-0.1085869842298326,0.00021595508091707508,-0.00021595508091707508,1,0.06587012354090838,0.18098626666805667,69.55233578980179,69.55233578980179,69.55233578980179,0.11709643391233904,0.8053530300856914,20,0.1167858216732324,0.8031860871113822,21.076247826685506,-0.8665997907955652,-12.203388273964105,-2.9535882697528564,-21.89673914136111,-0.23374977236696434,-1.3259400358635176,-1.6372167153105597,-0.1239364976717494
39.399999999998876,8.10829329079111,0.1510162889626335,-0.005857794574690308,-9.233136293580645e-12,8.294739530463175e-05,-9.75168935187563e-09,8.0,-0.10829329079111005,0.00021568270596793773,-0.00021568270596793773,1,0.06618727258784929,0.18240511229892764,69.55213876858619,69.55213876858619,69.55213876858619,0.11682350418866821,0.803281734322386,20,0.11651428947002293,0.8011251406011936,21.07922859617471,-0.8662810024661607,-12.203712995634923,-2.9543819285858013,-21.897568060619758,-0.23371403038923866,-1.3260617948914304,-1.6375134378755114,-0.12362800740165615
39.44999999999876,8.108001200622125,0.1510162889622003,-0.0058258599507952065,-9.146803116143383e-12,8.29211227575114e-05,-9.660748839818028e-09,8.0,-0.10800120062212493,0.00021540512446727264,-0.00021540512446727264,1,0.06650128352569129,0.18381304642515958,69.55194276896691,69.55194276896691,69.55194276896691,0.11655168100287988,0.801220026677042,20,0.11624385443909221,0.7990737082134294,21.08219539041169,-0.8659637281689352,-12.204036174850092,-2.955171702889732,-21.898393231162487,-0.23367844821030823,-1.3261829930642384,-1.6378088348453606,-0.12332089803868056
39.49999999999864,8.107710700697128,0.15101628896177194,-0.005794184427293443,-9.062862249654804e-12,8.28951382561959e-05,-9.570919237799961e-09,8.0,-0.10771070069712785,0.00021512247353649335,-0.00021512247353649335,1,0.06681218946885004,0.18521016422679681,69.55174778267929,69.55174778267929,69.55174778267929,0.11628095797050586,0.7991678412224015,20,0.11597451027931624,0.7970317247274525,21.085148307222646,-0.8656479571542612,-12.204357822562976,-2.9559576211458483,-21.899214678149985,-0.23364302476811916,-1.3263036342376986,-1.6381029150250253,-0.12301516039085625
39.549999999998526,8.107421778131087,0.15101628896134828,-0.005762765209114992,-8.976256373176867e-12,8.286943787598774e-05,-9.48218370707432e-09,8.0,-0.10742177813108711,0.00021483488732922703,-0.00021483488732922703,1,0.06712002310841114,0.18659655985603193,69.55155380154999,69.55155380154999,69.55155380154999,0.11601132875246392,0.7971251126307686,20,0.11570625073403384,0.7949991255137108,21.088087443522088,-0.8653336787742815,-12.204677949623216,-2.956739711556239,-21.900032426519854,-0.23360775900996641,-1.3264237222322803,-1.638395687141945,-0.12271078534729074
39.59999999999841,8.10713442017777,0.15101628896092933,-0.005731599538864806,-8.889823104088827e-12,8.284401775464013e-05,-9.39452584560206e-09,8.0,-0.1071344201777702,0.00021454249710859918,-0.00021454249710859918,1,0.067424816718615,0.18797232645080997,69.5513608174958,69.5513608174958,69.5513608174958,0.11574278705451244,0.795091776167197,20,0.11543906959051417,0.7929758465270988,21.091012895323445,-0.8650208824817045,-12.204996566777965,-2.9575180020473133,-21.900846500989054,-0.2335726498923917,-1.326543260833569,-1.638687159846925,-0.1224077638772785
39.64999999999829,8.106848614227884,0.15101628896051514,-0.005700684696208776,-8.807931252386073e-12,8.281887409467994e-05,-9.307928908554811e-09,8.0,-0.10684861422788394,0.00021424543129778292,-0.00021424543129778292,1,0.06772660216327309,0.1893375561482331,69.5511688225223,69.5511688225223,69.5511688225223,0.11547532662708432,0.7930677676828971,20,0.11517296067980207,0.7909618243004296,21.093924757749527,-0.8647095578286171,-12.205313684673094,-2.958292520273176,-21.90165692605632,-0.23353769638108285,-1.3266622537926627,-1.6389773417149722,-0.12210608702942512
39.69999999999818,8.106564347807259,0.15101628896010558,-0.005670017997276327,-8.727759832515933e-12,8.279400315923789e-05,-9.222377741888307e-09,8.0,-0.1065643478072591,0.00021394381559560716,-0.00021394381559560716,1,0.06802541090203706,0.1906923400977359,69.55097780872262,69.55097780872262,69.55097780872262,0.11520894126485078,0.7910530236085949,20,0.11490791787629402,0.7889569959379594,21.096823125042814,-0.8643996944653142,-12.205629313854384,-2.9590632936189554,-21.90246372600453,-0.2335028974507743,-1.326780704826565,-1.6392662412461185,-0.12180574593078311
39.74999999999806,8.106281608575006,0.15101628895970043,-0.005639596794072886,-8.645170673409001e-12,8.276940127226697e-05,-9.137856267857953e-09,8.0,-0.10628160857500646,0.00021363777299009335,-0.00021363777299009335,1,0.06832127399656773,0.1920367684740527,69.55078776827634,69.55078776827634,69.55078776827634,0.11494362480642559,0.789047480948183,20,0.11464393509745385,0.7869612991091145,21.099708090575646,-0.8640912821391445,-12.205943464768705,-2.9598303492040836,-21.903266924903072,-0.23346825208514901,-1.3268986176185715,-1.6395538668662344,-0.12150673178599883
39.799999999997944,8.106000384321742,0.1510162889592998,-0.005609418473909593,-8.56682521214885e-12,8.274506481626243e-05,-9.05434966313108e-09,8.0,-0.1060003843217423,0.00021332742376256809,-0.00021332742376256809,1,0.06861422211654855,0.19337093048995985,69.55059869344815,69.55059869344815,69.55059869344815,0.11467937113389758,0.787051077272222,20,0.11438100630335717,0.784974672042155,21.102579746860226,-0.8637843106933734,-12.206256147765176,-2.9605937138855247,-21.904066546610142,-0.23343375927674173,-1.3270159958186514,-1.6398402269278307,-0.12120903587647072
39.84999999999783,8.105720662967867,0.15101628895890357,-0.005579480458822034,-8.486782321445916e-12,8.272099023393496e-05,-8.971842729822176e-09,8.0,-0.10572066296786709,0.00021301288567433864,-0.00021301288567433864,1,0.06890428554573569,0.19469491440894668,69.55041057658674,69.55041057658674,69.55041057658674,0.114416174172915,0.7850637507116245,20,0.11411912549678578,0.7829970535179127,21.105438185558523,-0.8634787700660604,-12.206567373096306,-2.9613534142609605,-21.904862614775055,-0.23339941802684308,-1.3271328430438234,-1.6401253297108525,-0.1209126495595174
39.89999999999771,8.10544243256182,0.15101628895851166,-0.005549780205031913,-8.408502832912972e-12,8.269717402371044e-05,-8.890320334285341e-09,8.0,-0.10544243256181929,0.0002126942739620575,-0.0002126942739620575,1,0.06919149418768977,0.1960088075574463,69.55022341012366,69.55022341012366,69.55022341012366,0.11415402789175946,0.7830854399515711,20,0.1138582867223145,0.7810283828638563,21.108283497492014,-0.8631746502889541,-12.206877150919121,-2.962109476671926,-21.90565515284049,-0.23336522734540546,-1.3272491628785275,-1.6404091834234602,-0.12061756426755804
39.949999999997594,8.105165681278379,0.15101628895812397,-0.005520315202393676,-8.329703506071067e-12,8.267361274001354e-05,-8.809768635111838e-09,8.0,-0.105165681278379,0.00021237170136201002,-0.00021237170136201002,1,0.06947587757156559,0.19731269633709336,69.55003718657221,69.55003718657221,69.55003718657221,0.11389292630149139,0.7811160842252276,20,0.11359848406646618,0.7790685999479292,21.111115772651303,-0.8628719414864012,-12.20718549129628,-2.9628619272069003,-21.906444184044734,-0.23333118625094973,-1.3273649588749907,-1.6406917962028023,-0.12032377150730195
